2021-05-07T15:35:41Z,344.588,10.471,-0.104,0.843,0.64,0.518,0.944,1220.055,-47.44
2021-05-07T15:36:41Z,313.048,6.729,0.015,0.851,0.54,0.475,0.964,1023.24,-49.441
2021-05-07T15:38:41Z,383.501,7.759,0.282,0.836,0.544,0.575,0.96,3091.162,-45.702
2021-05-07T15:39:41Z,364.468,9.093,0.138,0.817,0.718,0.526,0.949,1798.957,-42.428
2021-05-07T15:41:41Z,281.561,4.781,0.113,0.865,0.433,0.488,0.967,1415.673,-52.023
2021-05-07T15:43:41Z,256.419,5.968,0.263,0.719,1.251,0.774,0.982,3426.315,-58.149
2021-05-07T15:44:41Z,242.141,0.747,0.608,0.21,2.216,0.809,0.99,4822.443,-60.093
2021-05-07T15:48:41Z,242.05,0.684,0.587,0.858,0.512,0.778,0.99,4389.401,-59.417
2021-05-07T15:49:41Z,242.208,0.719,0.526,0.74,1.133,0.717,0.99,3623.749,-58.558
2021-05-07T15:51:41Z,243.705,1.522,0.276,0.827,0.768,0.638,0.986,2554.049,-57.006
2021-05-07T15:53:41Z,242.208,0.555,0.663,0.081,2.289,0.882,0.99,5953.3,-61.103
2021-05-07T15:54:41Z,242.1,0.535,0.662,0.1,2.282,0.884,0.99,6008.058,-61.155
2021-05-07T15:55:41Z,242.069,0.541,0.666,0.116,2.275,0.891,0.99,6107.712,-61.299
2021-05-07T15:57:41Z,242.155,0.597,0.656,0.126,2.27,0.888,0.99,6030.169,-61.253
2021-05-07T15:58:41Z,242.597,0.761,0.649,0.896,0.099,0.802,0.989,4773.115,-60.384
2021-05-07T16:00:41Z,242.382,0.642,0.666,0.119,2.274,0.903,0.99,6296.047,-61.498
2021-05-07T16:03:41Z,242.157,0.629,0.665,0.128,2.269,0.9,0.99,6224.481,-61.33
2021-05-07T16:05:41Z,242.528,0.503,0.657,0.499,1.787,0.892,0.99,6077.999,-61.262
2021-05-07T16:06:41Z,242.379,0.574,0.651,0.137,2.264,0.884,0.99,5929.687,-61.104
2021-05-07T16:07:41Z,242.596,0.626,0.541,0.9,0.017,0.736,0.989,3810.37,-59.043
2021-05-07T16:08:41Z,241.843,0.51,0.642,0.169,2.243,0.849,0.99,5388.697,-60.702
2021-05-07T16:09:41Z,241.831,0.596,0.64,0.121,2.272,0.844,0.99,5308.79,-60.615
2021-05-07T16:11:41Z,266.953,5.982,0.627,0.87,0.252,0.827,0.987,5275.675,-60.069
2021-05-07T16:12:41Z,242.528,0.531,0.672,0.162,2.249,0.893,0.99,6124.348,-61.375
2021-05-07T16:13:41Z,242.573,0.548,0.669,0.104,2.281,0.896,0.99,6155.649,-61.426
2021-05-07T16:15:41Z,242.607,0.505,0.669,0.088,2.287,0.901,0.99,6259.487,-61.48
2021-05-07T16:16:41Z,242.194,1.193,0.671,0.113,2.277,0.9,0.99,6197.976,-61.443
2021-05-07T16:19:41Z,264.872,6.291,-0.231,0.897,0.087,0.387,0.932,537.469,-52.8
2021-05-07T16:20:41Z,242.425,0.661,0.641,0.408,1.967,0.839,0.99,5213.078,-60.593
2021-05-07T16:22:41Z,243.318,2.497,0.645,0.882,0.267,0.718,0.987,3654.614,-58.769
2021-05-07T16:24:41Z,241.853,0.615,0.626,0.109,2.279,0.853,0.99,5391.559,-60.776
2021-05-07T16:26:41Z,241.965,0.57,0.645,0.118,2.275,0.867,0.99,5629.832,-60.964
2021-05-07T16:28:41Z,241.967,1.038,0.613,0.249,2.18,0.816,0.99,4845.494,-60.229
2021-05-07T16:29:41Z,242.405,0.677,0.672,0.092,2.286,0.899,0.99,6175.25,-61.41
2021-05-07T16:30:41Z,242.487,0.719,0.672,0.077,2.291,0.899,0.99,6177.409,-61.395
2021-05-07T16:32:41Z,242.052,0.674,0.629,0.153,2.256,0.835,0.99,5145.014,-60.502
2021-05-07T16:34:41Z,242.777,0.558,0.674,0.07,2.293,0.899,0.99,6195.27,-61.398
2021-05-07T16:35:41Z,242.068,0.607,0.666,0.506,1.768,0.854,0.99,5432.031,-60.692
2021-05-07T16:37:41Z,242.122,0.656,0.675,0.084,2.289,0.9,0.99,6197.741,-61.379
2021-05-07T16:38:41Z,242.801,0.776,0.661,0.872,0.366,0.853,0.989,5416.845,-60.661
2021-05-07T16:41:41Z,242.254,0.701,0.67,0.126,2.271,0.892,0.99,6063.323,-61.301
2021-05-07T16:44:41Z,242.282,0.661,0.67,0.083,2.289,0.889,0.99,6029.977,-61.247
2021-05-07T16:47:41Z,242.414,0.718,0.673,0.106,2.28,0.888,0.99,5996.778,-61.233
2021-05-07T16:49:41Z,242.359,1.949,0.686,0.248,2.179,0.892,0.99,6046.347,-61.212
2021-05-07T16:50:41Z,242.313,2.165,0.653,0.675,1.323,0.851,0.99,5364.61,-60.59
2021-05-07T16:52:41Z,241.988,0.6,0.663,0.127,2.271,0.874,0.99,5771.98,-61.066
2021-05-07T16:56:41Z,241.994,0.706,0.672,0.112,2.278,0.884,0.99,5951.738,-61.211
2021-05-07T16:58:41Z,242.446,0.722,0.684,0.096,2.285,0.895,0.99,6140.866,-61.383
2021-05-07T16:59:41Z,242.401,0.751,0.682,0.079,2.29,0.906,0.99,6325.757,-61.506
2021-05-07T17:01:41Z,242.715,0.721,0.685,0.325,2.091,0.907,0.99,6347.566,-61.56
2021-05-07T17:02:41Z,242.321,0.652,0.685,0.092,2.286,0.907,0.99,6352.179,-61.557
2021-05-07T17:04:41Z,245.635,3.012,0.474,0.877,0.363,0.617,0.975,2524.468,-58.61
2021-05-07T17:05:41Z,242.33,0.66,0.671,0.127,2.27,0.877,0.99,5834.884,-61.094
2021-05-07T17:07:41Z,242.618,0.657,0.683,0.841,0.58,0.903,0.99,6297.834,-61.484
2021-05-07T17:08:41Z,242.593,0.648,0.68,0.091,2.286,0.902,0.99,6274.486,-61.455
2021-05-07T17:09:41Z,242.101,0.67,0.662,0.148,2.258,0.858,0.99,5530.987,-60.831
2021-05-07T17:11:41Z,242.542,0.449,0.681,0.076,2.291,0.902,0.99,6279.811,-61.469
2021-05-07T17:15:41Z,242.371,0.634,0.673,0.141,2.262,0.882,0.99,5929.868,-61.162
2021-05-07T17:16:41Z,241.98,0.532,0.676,0.181,2.236,0.883,0.99,5950.59,-61.15
2021-05-07T17:19:41Z,242.006,0.549,0.663,0.105,2.28,0.868,0.99,5707.223,-60.976
2021-05-07T17:20:41Z,254.417,5.75,0.001,0.645,1.467,0.703,0.987,3421.829,-61.322
2021-05-07T17:21:41Z,245.832,5.639,0.612,0.805,0.786,0.892,0.989,5773.124,-61.339
2021-05-07T17:23:41Z,246.863,1.822,0.531,0.833,0.637,0.715,0.988,3856.428,-60.568
2021-05-07T17:25:41Z,243.207,4.311,0.736,0.722,1.239,0.8,0.989,4708.302,-59.395
2021-05-07T17:27:41Z,255.855,9.111,0.581,0.642,1.509,0.779,0.988,4404.99,-61.178
2021-05-07T17:29:41Z,242.803,0.553,0.673,0.095,2.284,0.889,0.99,6085.391,-61.365
2021-05-07T17:31:41Z,273.485,1.376,0.529,0.827,0.705,0.787,0.987,4616.854,-59.436
2021-05-07T17:32:41Z,242.53,0.59,0.687,0.078,2.29,0.894,0.99,6204.645,-61.47
2021-05-07T17:33:41Z,248.119,4.506,0.589,0.668,1.4,0.785,0.988,4574.04,-60.954
2021-05-07T17:34:41Z,242.262,0.535,0.645,0.227,2.196,0.831,0.99,5175.09,-60.481
2021-05-07T17:37:41Z,242.231,0.682,0.684,0.156,2.253,0.905,0.99,6403.264,-61.535
2021-05-07T17:39:41Z,245.355,1.807,0.638,0.833,0.637,0.771,0.988,4687.66,-61.473
2021-05-07T17:42:41Z,242.681,0.596,0.685,0.085,2.288,0.906,0.99,6417.445,-61.581
2021-05-07T17:43:41Z,242.288,0.638,0.678,0.084,2.289,0.904,0.99,6365.979,-61.626
2021-05-07T17:46:41Z,242.45,0.835,0.669,0.124,2.272,0.887,0.99,6073.079,-61.432
2021-05-07T17:47:41Z,242.739,0.573,0.677,0.115,2.276,0.887,0.99,6078.915,-61.462
2021-05-07T17:48:41Z,242.615,0.52,0.685,0.095,2.284,0.903,0.99,6368.771,-61.664
2021-05-07T17:50:41Z,257.463,9.289,0.569,0.439,1.978,0.807,0.988,4695.151,-61.507
2021-05-07T17:52:41Z,242.124,0.551,0.636,0.186,2.231,0.833,0.99,5191.245,-60.693
2021-05-07T17:53:41Z,242.198,0.546,0.657,0.155,2.253,0.864,0.99,5678.142,-61.154
2021-05-07T17:56:41Z,242.656,0.565,0.676,0.118,2.274,0.897,0.99,6243.185,-61.638
2021-05-07T17:57:41Z,250.745,5.862,0.576,0.619,1.517,0.787,0.988,4534.404,-61.139
2021-05-07T17:58:41Z,249.31,3.573,0.608,0.89,0.139,0.785,0.988,4398.19,-59.857
2021-05-07T18:00:41Z,242.871,0.524,0.682,0.111,2.277,0.901,0.99,6318.536,-61.673
2021-05-07T18:03:41Z,243.098,0.535,0.691,0.095,2.284,0.908,0.99,6450.593,-61.793
2021-05-07T18:04:41Z,242.722,0.489,0.692,0.11,2.277,0.906,0.99,6397.989,-61.77
2021-05-07T18:05:41Z,242.992,0.517,0.689,0.096,2.283,0.908,0.99,6422.005,-61.79
2021-05-07T18:08:41Z,246.255,2.435,0.644,0.75,1.04,0.762,0.988,4539.253,-61.671
2021-05-07T18:09:41Z,242.649,0.556,0.681,0.118,2.274,0.902,0.99,6309.955,-61.766
2021-05-07T18:10:41Z,244.018,3.519,0.762,0.832,0.75,0.889,0.989,6281.48,-61.312
2021-05-07T18:11:41Z,244.248,4.59,0.738,0.727,1.159,0.903,0.989,6308.44,-61.406
2021-05-07T18:13:41Z,243.169,0.643,0.675,0.129,2.269,0.896,0.99,6225.415,-61.725
2021-05-07T18:14:41Z,242.952,3.889,0.726,0.559,1.651,0.899,0.989,6235.385,-61.457
2021-05-07T18:15:41Z,242.744,0.547,0.672,0.129,2.268,0.89,0.99,6099.531,-61.631
2021-05-07T18:16:41Z,242.593,2.676,0.714,0.678,1.336,0.886,0.99,6005.97,-61.318
2021-05-07T18:17:41Z,242.475,0.533,0.677,0.103,2.281,0.893,0.99,6154.065,-61.673
2021-05-07T18:18:41Z,242.758,0.544,0.674,0.164,2.246,0.887,0.99,6045.058,-61.585
2021-05-07T18:19:41Z,243.033,0.529,0.678,0.125,2.27,0.891,0.99,6121.255,-61.649
2021-05-07T18:22:41Z,242.54,0.49,0.683,0.141,2.261,0.896,0.99,6203.282,-61.708
2021-05-07T18:24:41Z,243.533,1.318,0.688,0.867,0.468,0.876,0.99,5894.581,-61.658
2021-05-07T18:26:41Z,242.652,0.577,0.676,0.124,2.27,0.886,0.99,6036.144,-61.573
2021-05-07T18:27:41Z,242.569,0.659,0.663,0.151,2.255,0.853,0.99,5474.76,-61.06
2021-05-07T18:28:41Z,242.67,0.523,0.674,0.143,2.26,0.88,0.99,5927.603,-61.469
2021-05-07T18:29:41Z,242.992,0.519,0.684,0.105,2.279,0.894,0.99,6168.378,-61.685
2021-05-07T18:30:41Z,242.707,0.526,0.681,0.157,2.251,0.897,0.99,6212.004,-61.733
2021-05-07T18:31:41Z,249.942,8.775,0.867,0.847,0.623,0.817,0.985,5974.11,-61.352
2021-05-07T18:32:41Z,242.747,0.52,0.685,0.158,2.25,0.899,0.99,6256.296,-61.766
2021-05-07T18:33:41Z,242.587,0.582,0.683,0.126,2.269,0.898,0.99,6221.566,-61.77
2021-05-07T18:35:41Z,268.184,17.674,0.913,0.534,1.727,0.797,0.979,5072.716,-60.542
2021-05-07T18:38:41Z,244.021,3.373,0.701,0.787,0.855,0.901,0.99,6216.345,-61.678
2021-05-07T18:41:41Z,244.531,5.194,0.769,0.786,0.989,0.896,0.989,6232.155,-61.261
2021-05-07T18:42:41Z,243.144,0.663,0.687,0.153,2.255,0.899,0.99,6218.207,-61.74
2021-05-07T18:43:41Z,245.606,2.812,0.716,0.154,2.254,0.901,0.99,6155.023,-61.486
2021-05-07T18:50:41Z,242.97,2.235,0.703,0.28,2.148,0.901,0.99,6217.329,-61.603
2021-05-07T18:51:41Z,242.694,0.765,0.682,0.138,2.264,0.895,0.99,6133.097,-61.637
2021-05-07T18:55:41Z,242.785,0.511,0.683,0.657,1.36,0.897,0.99,6191.498,-61.708
2021-05-07T18:59:41Z,242.642,0.539,0.676,0.149,2.257,0.896,0.99,6156.721,-61.698
2021-05-07T19:00:41Z,242.523,0.638,0.678,0.143,2.26,0.897,0.99,6184.305,-61.722
2021-05-07T19:01:41Z,243.053,0.473,0.676,0.145,2.259,0.897,0.99,6170.187,-61.74
2021-05-07T19:02:41Z,242.879,0.511,0.677,0.163,2.247,0.896,0.99,6163.276,-61.704
2021-05-07T19:04:41Z,242.571,0.51,0.674,0.14,2.262,0.896,0.99,6146.937,-61.723
2021-05-07T19:05:41Z,242.722,0.603,0.678,0.164,2.247,0.895,0.99,6137.365,-61.727
2021-05-07T19:06:41Z,243.075,0.524,0.678,0.199,2.22,0.895,0.99,6126.875,-61.712
2021-05-07T19:14:41Z,243.013,0.558,0.668,0.203,2.218,0.88,0.99,5866.837,-61.545
2021-05-07T19:15:41Z,242.822,0.775,0.547,0.898,0.047,0.77,0.989,4202.38,-60.012
2021-05-07T19:23:41Z,247.644,0.619,0.673,0.322,2.087,0.893,0.99,6131.039,-61.732
2021-05-07T19:25:41Z,242.473,0.512,0.675,0.134,2.266,0.895,0.99,6126.925,-61.799
2021-05-07T19:26:41Z,242.887,0.492,0.673,0.162,2.248,0.891,0.99,6063.919,-61.773
2021-05-07T19:28:41Z,242.738,0.486,0.677,0.195,2.224,0.892,0.99,6083.345,-61.798
2021-05-07T19:29:41Z,242.55,0.547,0.673,0.144,2.26,0.892,0.99,6076.113,-61.786
2021-05-07T19:34:41Z,242.406,0.614,0.674,0.16,2.25,0.882,0.99,5916.983,-61.678
2021-05-07T19:36:41Z,242.295,0.546,0.668,0.19,2.227,0.872,0.99,5751.431,-61.576
2021-05-07T19:38:41Z,242.081,0.576,0.654,0.304,2.11,0.847,0.99,5358.11,-61.207
2021-05-07T19:40:41Z,243.106,0.611,0.657,0.237,2.186,0.848,0.99,5395.703,-61.21
2021-05-07T19:41:41Z,243.501,0.545,0.665,0.217,2.204,0.857,0.99,5535.678,-61.361
2021-05-07T19:43:41Z,242.577,0.667,0.661,0.201,2.219,0.847,0.99,5366.172,-61.211
2021-05-07T19:50:41Z,242.57,0.581,0.67,0.17,2.242,0.856,0.99,5515.328,-61.346
2021-05-07T19:51:41Z,242.337,0.565,0.653,0.665,1.344,0.839,0.99,5241.428,-61.075
2021-05-07T19:52:41Z,252.497,0.456,0.641,0.269,2.153,0.827,0.99,5127.737,-60.826
2021-05-07T19:54:41Z,242.331,0.555,0.669,0.173,2.24,0.863,0.99,5612.329,-61.48
2021-05-07T19:55:41Z,242.322,0.571,0.665,0.171,2.242,0.854,0.99,5482.127,-61.332
2021-05-07T19:56:41Z,242.639,0.609,0.653,0.219,2.203,0.839,0.99,5259.832,-61.143
2021-05-07T19:57:41Z,242.303,0.605,0.646,0.256,2.168,0.828,0.99,5074.394,-60.907
2021-05-07T19:58:41Z,242.35,0.564,0.598,0.321,2.095,0.794,0.99,4562.555,-60.403
2021-05-07T20:00:41Z,242.517,0.548,0.662,0.172,2.241,0.847,0.99,5373.108,-61.222
2021-05-07T20:02:41Z,242.386,0.601,0.671,0.142,2.26,0.874,0.99,5795.136,-61.617
2021-05-07T20:03:41Z,242.609,0.529,0.674,0.154,2.253,0.877,0.99,5841.682,-61.641
2021-05-07T20:04:41Z,242.076,0.511,0.641,0.265,2.158,0.842,0.99,5256.598,-61.16
2021-05-07T20:05:41Z,244.277,0.545,0.623,0.862,0.462,0.799,0.989,4657.703,-60.488
2021-05-07T20:06:41Z,242.467,0.502,0.676,0.114,2.276,0.877,0.99,5841.358,-61.651
2021-05-07T20:07:41Z,242.612,0.454,0.675,0.146,2.258,0.886,0.99,5986.322,-61.758
2021-05-07T20:09:41Z,242.935,1.056,0.661,0.619,1.488,0.852,0.99,5434.036,-61.29
2021-05-07T20:10:41Z,242.327,0.746,0.57,0.886,0.26,0.677,0.988,3176.097,-58.655
2021-05-07T20:11:41Z,242.058,0.71,0.548,0.864,0.483,0.715,0.989,3579.403,-59.2
2021-05-07T20:13:41Z,242.552,0.62,0.672,0.154,2.253,0.872,0.99,5773.735,-61.601
2021-05-07T20:14:41Z,243.998,0.516,0.666,0.321,2.087,0.849,0.99,5430.676,-61.241
2021-05-07T20:15:41Z,242.698,0.61,0.679,0.114,2.276,0.887,0.99,6012.545,-61.79
2021-05-07T20:17:41Z,242.6,0.581,0.683,0.144,2.26,0.892,0.99,6091.089,-61.854
2021-05-07T20:21:41Z,243.037,0.551,0.683,0.153,2.254,0.891,0.99,6076.9,-61.84
2021-05-07T20:22:41Z,242.575,0.471,0.682,0.114,2.276,0.892,0.99,6095.25,-61.859
2021-05-07T20:23:41Z,242.636,0.472,0.684,0.21,2.211,0.888,0.99,6036.142,-61.803
2021-05-07T20:25:41Z,242.407,0.544,0.682,0.17,2.243,0.891,0.99,6070.814,-61.828
2021-05-07T20:26:41Z,242.762,0.546,0.682,0.113,2.276,0.888,0.99,6027.788,-61.813
2021-05-07T20:27:41Z,242.116,0.512,0.663,0.176,2.238,0.857,0.99,5531.113,-61.399
2021-05-07T20:32:41Z,242.702,0.508,0.682,0.13,2.267,0.876,0.99,5835.825,-61.644
2021-05-07T20:33:41Z,242.549,0.568,0.676,0.112,2.276,0.876,0.99,5835.673,-61.644
2021-05-07T20:34:41Z,242.647,0.572,0.672,0.163,2.247,0.873,0.99,5770.153,-61.588
2021-05-07T20:39:41Z,242.834,0.5,0.672,0.212,2.207,0.834,0.99,5183.717,-61.016
2021-05-07T20:40:41Z,242.125,0.546,0.677,0.166,2.244,0.863,0.99,5623.95,-61.462
2021-05-07T20:41:41Z,242.528,0.482,0.674,0.126,2.269,0.875,0.99,5811.92,-61.627
2021-05-07T20:42:41Z,242.701,0.481,0.683,0.126,2.27,0.891,0.99,6088.464,-61.849
2021-05-07T20:43:41Z,242.721,0.454,0.686,0.169,2.243,0.894,0.99,6142.462,-61.888
2021-05-07T20:44:41Z,242.462,0.516,0.687,0.251,2.171,0.895,0.99,6150.417,-61.898
2021-05-07T20:45:41Z,242.591,0.521,0.685,0.127,2.268,0.878,0.99,5867.737,-61.659
2021-05-07T20:46:41Z,242.736,0.5,0.688,0.172,2.241,0.878,0.99,5870.464,-61.664
2021-05-07T20:47:41Z,242.708,0.564,0.685,0.165,2.245,0.884,0.99,5953.402,-61.747
2021-05-07T20:48:41Z,242.408,0.53,0.684,0.172,2.241,0.889,0.99,6046.438,-61.829
2021-05-07T20:49:41Z,242.267,0.529,0.685,0.117,2.274,0.891,0.99,6093.888,-61.866
2021-05-07T20:50:41Z,242.738,0.59,0.688,0.127,2.269,0.894,0.99,6131.3,-61.87
2021-05-07T20:51:41Z,242.462,0.514,0.685,0.186,2.23,0.891,0.99,6080.499,-61.834
2021-05-07T20:52:41Z,242.292,0.552,0.676,0.145,2.258,0.862,0.99,5582.937,-61.439
2021-05-07T20:53:41Z,242.626,0.425,0.682,0.169,2.243,0.883,0.99,5936.967,-61.722
2021-05-07T20:54:41Z,242.811,0.536,0.681,0.182,2.233,0.879,0.99,5870.282,-61.681
2021-05-07T20:55:41Z,242.504,0.456,0.683,0.163,2.246,0.872,0.99,5773.035,-61.587
2021-05-07T20:56:41Z,242.59,0.493,0.684,0.125,2.269,0.885,0.99,5985.164,-61.774
2021-05-07T20:57:41Z,242.187,0.466,0.683,0.142,2.261,0.89,0.99,6057.043,-61.84
2021-05-07T20:58:41Z,242.333,0.449,0.686,0.138,2.263,0.893,0.99,6119.159,-61.877
2021-05-07T20:59:41Z,242.803,0.462,0.684,0.215,2.205,0.891,0.99,6079.243,-61.84
2021-05-07T21:00:41Z,242.324,0.497,0.683,0.125,2.27,0.881,0.99,5891.497,-61.701
2021-05-07T21:01:41Z,243.118,0.511,0.686,0.211,2.21,0.892,0.99,6088.445,-61.861
2021-05-07T21:02:41Z,242.674,0.462,0.688,0.136,2.264,0.899,0.99,6207.937,-61.939
2021-05-07T21:03:41Z,242.714,0.496,0.682,0.162,2.248,0.888,0.99,6017.807,-61.799
2021-05-07T21:04:41Z,247.801,0.86,0.581,0.888,0.205,0.724,0.985,3693.313,-59.86
2021-05-07T21:05:41Z,243.611,0.532,0.681,0.141,2.261,0.886,0.99,6003.282,-61.725
2021-05-07T21:06:41Z,242.879,0.552,0.675,0.184,2.231,0.88,0.99,5886.308,-61.67
2021-05-07T21:07:41Z,242.423,0.512,0.679,0.274,2.143,0.879,0.99,5865.126,-61.665
2021-05-07T21:08:41Z,242.753,0.611,0.668,0.254,2.17,0.87,0.99,5707.337,-61.541
2021-05-07T21:09:41Z,242.8,0.486,0.679,0.14,2.262,0.887,0.99,5999.051,-61.793
2021-05-07T21:10:41Z,242.861,0.469,0.683,0.128,2.268,0.898,0.99,6194.278,-61.928
2021-05-07T21:11:41Z,242.614,0.446,0.688,0.139,2.263,0.903,0.99,6271.471,-61.99
2021-05-07T21:12:41Z,243.031,0.485,0.686,0.176,2.239,0.901,0.99,6241.599,-61.976
2021-05-07T21:13:41Z,243.139,0.516,0.686,0.146,2.258,0.899,0.99,6213.079,-61.96
2021-05-07T21:14:41Z,242.858,0.482,0.689,0.131,2.267,0.9,0.99,6221.474,-61.968
2021-05-07T21:15:41Z,242.695,0.516,0.686,0.163,2.247,0.896,0.99,6160.656,-61.913
2021-05-07T21:16:41Z,243.016,0.618,0.683,0.134,2.266,0.895,0.99,6127.28,-61.877
2021-05-07T21:17:41Z,242.478,0.521,0.676,0.14,2.261,0.888,0.99,5995.61,-61.777
2021-05-07T21:18:41Z,242.379,0.524,0.674,0.16,2.25,0.886,0.99,5955.252,-61.757
2021-05-07T21:19:41Z,242.639,0.561,0.674,0.215,2.207,0.889,0.99,6023.834,-61.786
2021-05-07T21:20:41Z,242.586,0.502,0.677,0.141,2.261,0.892,0.99,6064.259,-61.851
2021-05-07T21:21:41Z,242.567,0.497,0.682,0.126,2.27,0.896,0.99,6149.713,-61.903
2021-05-07T21:22:41Z,243.11,0.433,0.682,0.875,0.338,0.895,0.99,6129.892,-61.903
2021-05-07T21:23:41Z,242.991,0.471,0.679,0.12,2.273,0.896,0.99,6144.181,-61.907
2021-05-07T21:24:41Z,242.643,0.542,0.682,0.155,2.253,0.893,0.99,6109.183,-61.893
2021-05-07T21:25:41Z,242.636,0.578,0.681,0.189,2.228,0.892,0.99,6087.625,-61.838
2021-05-07T21:26:41Z,242.633,0.477,0.679,0.151,2.255,0.896,0.99,6140.59,-61.896
2021-05-07T21:27:41Z,242.464,0.482,0.679,0.183,2.232,0.895,0.99,6123.91,-61.888
2021-05-07T21:28:41Z,242.561,0.546,0.681,0.167,2.244,0.896,0.99,6155.599,-61.92
2021-05-07T21:29:41Z,242.957,0.479,0.683,0.158,2.251,0.895,0.99,6140.655,-61.91
2021-05-07T21:30:41Z,242.763,0.498,0.683,0.212,2.208,0.896,0.99,6163.481,-61.912
2021-05-07T21:31:41Z,242.598,0.55,0.685,0.172,2.24,0.894,0.99,6123.382,-61.895
2021-05-07T21:32:41Z,242.962,0.532,0.683,0.251,2.171,0.894,0.99,6116.552,-61.894
2021-05-07T21:33:41Z,242.771,0.454,0.687,0.156,2.253,0.896,0.99,6156.497,-61.929
2021-05-07T21:34:41Z,243.114,0.535,0.688,0.167,2.244,0.9,0.99,6225.397,-61.976
2021-05-07T21:35:41Z,242.661,0.542,0.685,0.148,2.256,0.897,0.99,6166.681,-61.944
2021-05-07T21:36:41Z,242.854,0.452,0.683,0.142,2.261,0.898,0.99,6176.635,-61.931
2021-05-07T21:37:41Z,242.686,0.559,0.682,0.205,2.215,0.894,0.99,6102.666,-61.896
2021-05-07T21:38:41Z,242.723,0.467,0.682,0.124,2.271,0.893,0.99,6089.788,-61.897
2021-05-07T21:39:41Z,243.226,0.431,0.681,0.142,2.261,0.892,0.99,6080.671,-61.882
2021-05-07T21:40:41Z,242.769,0.539,0.679,0.187,2.229,0.892,0.99,6073.733,-61.883
2021-05-07T21:41:41Z,242.92,0.448,0.682,0.154,2.254,0.893,0.99,6079.516,-61.903
2021-05-07T21:42:41Z,242.932,0.509,0.679,0.13,2.267,0.89,0.99,6028.575,-61.858
2021-05-07T21:43:41Z,242.821,0.429,0.681,0.182,2.234,0.895,0.99,6118.529,-61.924
2021-05-07T21:44:41Z,242.936,0.507,0.68,0.17,2.243,0.897,0.99,6161.451,-61.969
2021-05-07T21:45:41Z,242.884,0.525,0.679,0.165,2.246,0.896,0.99,6132.079,-61.943
2021-05-07T21:46:41Z,242.86,0.538,0.675,0.171,2.243,0.898,0.99,6156.519,-61.953
2021-05-07T21:47:41Z,243.063,0.475,0.675,0.142,2.262,0.896,0.99,6132.738,-61.928
2021-05-07T21:48:41Z,242.634,0.606,0.677,0.177,2.237,0.895,0.99,6116.352,-61.914
2021-05-07T21:49:41Z,243.052,0.63,0.673,0.132,2.267,0.891,0.99,6050.249,-61.873
2021-05-07T21:50:41Z,243.12,0.516,0.674,0.148,2.257,0.888,0.99,5994.89,-61.821
2021-05-07T21:51:41Z,242.991,0.507,0.673,0.157,2.251,0.892,0.99,6068.146,-61.875
2021-05-07T21:52:41Z,242.718,0.541,0.673,0.143,2.26,0.892,0.99,6059.686,-61.868
2021-05-07T21:53:41Z,242.201,0.564,0.67,0.14,2.262,0.891,0.99,6035.549,-61.841
2021-05-07T21:54:41Z,242.68,0.523,0.668,0.2,2.22,0.887,0.99,5973.927,-61.804
2021-05-07T21:55:41Z,242.755,0.565,0.668,0.197,2.223,0.887,0.99,5963.083,-61.805
2021-05-07T21:56:41Z,242.553,0.491,0.672,0.597,1.545,0.888,0.99,5995.598,-61.833
2021-05-07T21:57:41Z,242.671,0.53,0.672,0.214,2.208,0.888,0.99,5996.653,-61.822
2021-05-07T21:58:41Z,242.87,0.537,0.663,0.184,2.233,0.881,0.99,5859.444,-61.701
2021-05-07T21:59:41Z,242.636,0.559,0.668,0.215,2.207,0.888,0.99,5986.172,-61.802
2021-05-07T22:00:41Z,242.568,0.57,0.666,0.238,2.186,0.889,0.99,6004.088,-61.81
2021-05-07T22:01:41Z,242.64,0.549,0.665,0.283,2.136,0.886,0.99,5959.132,-61.799
2021-05-07T22:02:41Z,242.213,0.538,0.672,0.17,2.242,0.884,0.99,5936.859,-61.735
2021-05-07T22:03:41Z,242.499,0.54,0.676,0.313,2.096,0.86,0.99,5553.778,-61.415
2021-05-07T22:04:41Z,242.452,0.536,0.668,0.216,2.205,0.86,0.99,5543.176,-61.427
2021-05-07T22:05:41Z,242.578,0.588,0.673,0.19,2.228,0.88,0.99,5879.946,-61.729
2021-05-07T22:06:41Z,242.555,0.553,0.675,0.188,2.229,0.88,0.99,5873.7,-61.713
2021-05-07T22:07:41Z,242.663,0.525,0.674,0.167,2.245,0.892,0.99,6071.722,-61.889
2021-05-07T22:08:41Z,242.779,0.584,0.68,0.181,2.234,0.89,0.99,6037.918,-61.859
2021-05-07T22:09:41Z,242.86,0.618,0.677,0.185,2.231,0.876,0.99,5803.236,-61.648
2021-05-07T22:10:41Z,242.998,0.541,0.676,0.197,2.223,0.891,0.99,6063.293,-61.882
2021-05-07T22:11:41Z,242.623,0.587,0.682,0.169,2.244,0.888,0.99,6016.645,-61.844
2021-05-07T22:12:41Z,242.554,0.536,0.675,0.168,2.245,0.889,0.99,6019.873,-61.826
2021-05-07T22:13:41Z,242.778,0.468,0.666,0.228,2.194,0.863,0.99,5598.885,-61.49
2021-05-07T22:14:41Z,242.563,0.556,0.673,0.185,2.232,0.882,0.99,5908.598,-61.737
2021-05-07T22:15:41Z,242.697,0.494,0.674,0.146,2.259,0.892,0.99,6072.464,-61.91
2021-05-07T22:16:41Z,242.657,0.609,0.679,0.191,2.227,0.891,0.99,6050.562,-61.894
2021-05-07T22:17:41Z,242.704,0.616,0.677,0.164,2.247,0.893,0.99,6082.445,-61.914
2021-05-07T22:18:41Z,242.447,0.534,0.667,0.197,2.223,0.866,0.99,5646.397,-61.527
2021-05-07T22:19:41Z,241.752,0.533,0.597,0.452,1.881,0.773,0.99,4271.72,-60.145
2021-05-07T22:20:41Z,242.218,0.504,0.613,0.432,1.918,0.793,0.99,4545.718,-60.476
2021-05-07T22:21:41Z,242.437,0.531,0.647,0.226,2.197,0.825,0.99,5021.4,-60.957
2021-05-07T22:22:41Z,242.716,0.453,0.662,0.166,2.244,0.86,0.99,5553.532,-61.461
2021-05-07T22:23:41Z,242.735,0.512,0.677,0.21,2.211,0.884,0.99,5931.594,-61.76
2021-05-07T22:24:41Z,242.583,0.447,0.677,0.164,2.248,0.889,0.99,6028.385,-61.855
2021-05-07T22:25:41Z,242.848,0.54,0.677,0.167,2.246,0.894,0.99,6098.164,-61.924
2021-05-07T22:26:41Z,242.441,0.5,0.679,0.158,2.251,0.889,0.99,6021.311,-61.86
2021-05-07T22:27:41Z,242.426,0.514,0.676,0.178,2.238,0.889,0.99,6021.45,-61.86
2021-05-07T22:28:41Z,243.043,0.477,0.676,0.173,2.241,0.889,0.99,6022.54,-61.877
2021-05-07T22:29:41Z,242.757,0.554,0.678,0.171,2.24,0.876,0.99,5810.57,-61.674
2021-05-07T22:30:41Z,242.764,0.449,0.678,0.14,2.262,0.889,0.99,6030.218,-61.857
2021-05-07T22:31:41Z,242.677,0.524,0.675,0.169,2.244,0.888,0.99,5987.569,-61.832
2021-05-07T22:32:41Z,242.516,0.573,0.68,0.212,2.21,0.891,0.99,6044.98,-61.875
2021-05-07T22:33:41Z,242.619,0.528,0.676,0.179,2.236,0.886,0.99,5976.654,-61.821
2021-05-07T22:34:41Z,242.849,0.516,0.681,0.146,2.259,0.893,0.99,6087.747,-61.909
2021-05-07T22:35:41Z,242.414,0.438,0.667,0.206,2.213,0.862,0.99,5589.716,-61.5
2021-05-07T22:36:41Z,241.744,0.5,0.637,0.302,2.112,0.817,0.99,4892.252,-60.834
2021-05-07T22:37:41Z,249.465,3.744,0.397,0.873,0.38,0.698,0.987,3204.602,-58.874
2021-05-07T22:38:41Z,242.353,0.619,0.674,0.155,2.253,0.87,0.99,5701.272,-61.585
2021-05-07T22:39:41Z,242.328,0.523,0.673,0.144,2.259,0.871,0.99,5725.117,-61.614
2021-05-07T22:40:41Z,242.887,0.525,0.677,0.144,2.26,0.881,0.99,5890.398,-61.736
2021-05-07T22:41:41Z,250.772,0.918,0.599,0.863,0.446,0.809,0.987,4716.406,-60.782
2021-05-07T22:42:41Z,242.697,0.557,0.678,0.158,2.25,0.876,0.99,5804.637,-61.675
2021-05-07T22:43:41Z,242.915,0.519,0.676,0.146,2.258,0.876,0.99,5807.873,-61.674
2021-05-07T22:44:41Z,242.146,0.651,0.595,0.346,2.062,0.807,0.99,4702.655,-60.683
2021-05-07T22:45:41Z,244.97,0.556,0.557,0.756,1.05,0.787,0.989,4424.778,-60.306
2021-05-07T22:46:41Z,245.751,0.584,0.637,0.384,2.001,0.822,0.99,5005.893,-60.872
2021-05-07T22:47:41Z,261.0,1.629,0.551,0.759,1.031,0.762,0.988,4229.758,-59.51
2021-05-07T22:48:41Z,242.514,0.508,0.669,0.169,2.243,0.863,0.99,5593.209,-61.49
2021-05-07T22:49:41Z,242.524,0.537,0.661,0.258,2.164,0.865,0.99,5621.871,-61.486
2021-05-07T22:50:41Z,242.847,0.586,0.68,0.13,2.267,0.89,0.99,6024.229,-61.839
2021-05-07T22:51:41Z,242.911,0.491,0.682,0.19,2.227,0.891,0.99,6052.184,-61.862
2021-05-07T22:52:41Z,242.424,0.542,0.683,0.166,2.245,0.889,0.99,6022.773,-61.829
2021-05-07T22:53:41Z,242.656,0.542,0.683,0.139,2.262,0.885,0.99,5962.05,-61.791
2021-05-07T22:54:41Z,242.791,0.492,0.681,0.191,2.226,0.888,0.99,6010.073,-61.845
2021-05-07T22:55:41Z,242.684,0.541,0.686,0.157,2.251,0.89,0.99,6048.622,-61.856
2021-05-07T22:56:41Z,242.579,0.561,0.683,0.163,2.247,0.89,0.99,6046.518,-61.873
2021-05-07T22:57:41Z,242.953,0.528,0.683,0.2,2.22,0.895,0.99,6125.534,-61.925
2021-05-07T22:58:41Z,242.757,0.557,0.679,0.131,2.267,0.89,0.99,6045.143,-61.851
2021-05-07T22:59:41Z,242.845,0.491,0.685,0.164,2.245,0.884,0.99,5948.335,-61.78
2021-05-07T23:00:41Z,247.576,0.588,0.664,0.391,1.983,0.864,0.989,5601.633,-61.436
2021-05-07T23:01:41Z,242.869,0.57,0.679,0.16,2.249,0.889,0.99,6012.588,-61.83
2021-05-07T23:02:41Z,242.417,0.497,0.659,0.494,1.784,0.837,0.99,5190.933,-61.15
2021-05-07T23:03:41Z,242.549,0.526,0.68,0.134,2.265,0.885,0.99,5950.04,-61.785
2021-05-07T23:04:41Z,242.607,0.574,0.679,0.143,2.26,0.886,0.99,5961.213,-61.788
2021-05-07T23:05:41Z,242.943,0.559,0.673,0.269,2.153,0.88,0.99,5867.98,-61.707
2021-05-07T23:06:41Z,242.631,0.64,0.672,0.191,2.226,0.871,0.99,5720.864,-61.577
2021-05-07T23:07:41Z,254.978,1.395,0.557,0.585,1.59,0.756,0.989,4070.765,-59.767
2021-05-07T23:08:41Z,242.11,0.599,0.638,0.328,2.081,0.816,0.99,4906.784,-60.834
2021-05-07T23:09:41Z,249.113,3.378,0.609,0.847,0.426,0.81,0.988,4736.08,-60.89
2021-05-07T23:10:41Z,242.978,0.504,0.682,0.125,2.27,0.894,0.99,6098.932,-61.909
2021-05-07T23:11:41Z,290.392,3.202,0.701,0.831,0.482,0.902,0.989,6886.131,-61.343
2021-05-07T23:12:41Z,253.595,0.695,0.68,0.326,2.078,0.892,0.99,6195.751,-61.711
2021-05-07T23:13:41Z,242.803,0.452,0.677,0.195,2.224,0.891,0.99,6039.482,-61.844
2021-05-07T23:14:41Z,242.975,0.487,0.676,0.897,0.079,0.886,0.99,5955.916,-61.805
2021-05-07T23:15:41Z,242.399,0.491,0.669,0.259,2.163,0.88,0.99,5855.004,-61.678
2021-05-07T23:16:41Z,243.105,0.487,0.683,0.144,2.259,0.892,0.99,6056.715,-61.87
2021-05-07T23:17:41Z,242.646,0.569,0.679,0.213,2.206,0.881,0.99,5892.899,-61.74
2021-05-07T23:18:41Z,242.698,0.554,0.683,0.129,2.268,0.889,0.99,6023.164,-61.83
2021-05-07T23:19:41Z,242.93,0.456,0.679,0.145,2.259,0.891,0.99,6065.888,-61.881
2021-05-07T23:20:41Z,242.693,0.456,0.662,0.179,2.236,0.87,0.99,5683.144,-61.558
2021-05-07T23:21:41Z,242.839,0.524,0.679,0.184,2.232,0.89,0.99,6033.133,-61.83
2021-05-07T23:22:41Z,242.938,0.648,0.676,0.158,2.251,0.891,0.99,6049.82,-61.871
2021-05-07T23:23:41Z,242.648,0.435,0.679,0.169,2.242,0.888,0.99,5998.312,-61.838
2021-05-07T23:24:41Z,242.89,0.535,0.682,0.167,2.245,0.894,0.99,6091.76,-61.918
2021-05-07T23:25:41Z,242.631,0.463,0.68,0.158,2.251,0.893,0.99,6076.704,-61.883
2021-05-07T23:26:41Z,242.509,0.579,0.683,0.151,2.255,0.893,0.99,6089.852,-61.899
2021-05-07T23:27:41Z,242.598,0.581,0.683,0.135,2.265,0.899,0.99,6195.569,-61.963
2021-05-07T23:28:41Z,242.836,0.46,0.681,0.139,2.263,0.889,0.99,6027.872,-61.847
2021-05-07T23:29:41Z,242.704,0.465,0.683,0.162,2.247,0.889,0.99,6029.021,-61.846
2021-05-07T23:30:41Z,242.47,0.444,0.681,0.166,2.245,0.892,0.99,6060.076,-61.874
2021-05-07T23:31:41Z,247.696,0.437,0.676,0.13,2.267,0.892,0.99,6118.9,-61.829
2021-05-07T23:32:41Z,243.006,0.488,0.676,0.176,2.238,0.888,0.99,6003.757,-61.846
2021-05-07T23:33:41Z,243.336,0.609,0.656,0.852,0.516,0.888,0.99,5963.325,-61.833
2021-05-07T23:34:41Z,243.134,0.428,0.684,0.128,2.269,0.898,0.99,6169.125,-61.968
2021-05-07T23:35:41Z,242.763,0.499,0.679,0.156,2.252,0.889,0.99,6021.678,-61.859
2021-05-07T23:36:41Z,242.936,0.481,0.681,0.191,2.226,0.893,0.99,6080.654,-61.906
2021-05-07T23:37:41Z,242.723,0.539,0.679,0.159,2.25,0.895,0.99,6120.743,-61.912
2021-05-07T23:38:41Z,242.757,0.537,0.681,0.127,2.269,0.898,0.99,6159.295,-61.968
2021-05-07T23:39:41Z,241.696,0.449,0.682,0.201,2.219,0.9,0.99,6313.691,-61.924
2021-05-07T23:40:41Z,242.724,0.556,0.679,0.124,2.271,0.892,0.99,6061.338,-61.901
2021-05-07T23:41:41Z,242.624,0.622,0.678,0.157,2.252,0.891,0.99,6044.721,-61.883
2021-05-07T23:42:41Z,242.721,0.554,0.68,0.18,2.236,0.892,0.99,6069.177,-61.902
2021-05-07T23:43:41Z,242.63,0.541,0.677,0.162,2.249,0.893,0.99,6074.882,-61.908
2021-05-07T23:44:41Z,242.727,0.501,0.675,0.151,2.256,0.89,0.99,6008.883,-61.863
2021-05-07T23:45:41Z,242.852,0.479,0.673,0.129,2.268,0.892,0.99,6051.171,-61.88
2021-05-07T23:46:41Z,242.466,0.457,0.674,0.198,2.221,0.891,0.99,6039.852,-61.874
2021-05-07T23:47:41Z,242.672,0.531,0.673,0.147,2.258,0.89,0.99,6027.645,-61.87
2021-05-07T23:48:41Z,242.891,0.445,0.669,0.216,2.206,0.888,0.99,5975.428,-61.844
2021-05-07T23:49:41Z,243.011,0.548,0.674,0.175,2.24,0.888,0.99,5992.685,-61.845
2021-05-07T23:50:41Z,242.639,0.538,0.67,0.153,2.254,0.889,0.99,5992.429,-61.826
2021-05-07T23:51:41Z,242.535,0.582,0.667,0.198,2.222,0.889,0.99,6001.172,-61.855
2021-05-07T23:52:41Z,242.507,0.507,0.672,0.198,2.221,0.893,0.99,6064.021,-61.876
2021-05-07T23:53:41Z,243.001,0.578,0.668,0.206,2.215,0.892,0.99,6049.528,-61.857
2021-05-07T23:54:41Z,242.962,0.612,0.669,0.162,2.249,0.888,0.99,5982.034,-61.819
2021-05-07T23:55:41Z,242.611,0.502,0.666,0.423,1.932,0.889,0.99,6005.399,-61.831
2021-05-07T23:56:41Z,242.355,0.591,0.668,0.21,2.213,0.889,0.99,6001.628,-61.831
2021-05-07T23:57:41Z,242.548,0.541,0.669,0.159,2.25,0.888,0.99,5979.245,-61.802
2021-05-07T23:58:41Z,242.894,0.594,0.664,0.212,2.208,0.884,0.99,5914.123,-61.751
2021-05-07T23:59:41Z,242.903,0.599,0.662,0.169,2.244,0.886,0.99,5942.139,-61.757
2021-05-08T00:00:41Z,243.027,0.617,0.665,0.166,2.245,0.884,0.99,5907.724,-61.743
2021-05-08T00:01:41Z,242.65,0.521,0.667,0.146,2.258,0.887,0.99,5966.898,-61.777
2021-05-08T00:02:41Z,242.886,0.524,0.669,0.182,2.234,0.888,0.99,5976.177,-61.794
2021-05-08T00:03:41Z,242.774,0.522,0.669,0.172,2.241,0.887,0.99,5953.18,-61.761
2021-05-08T00:04:41Z,242.477,0.606,0.674,0.194,2.224,0.892,0.99,6050.03,-61.841
2021-05-08T00:05:41Z,242.511,0.539,0.669,0.256,2.167,0.888,0.99,5981.89,-61.782
2021-05-08T00:06:41Z,242.513,0.488,0.667,0.194,2.224,0.885,0.99,5935.232,-61.749
2021-05-08T00:07:41Z,242.664,0.491,0.671,0.173,2.24,0.887,0.99,5975.562,-61.75
2021-05-08T00:08:41Z,242.571,0.562,0.667,0.191,2.227,0.889,0.99,6008.593,-61.79
2021-05-08T00:09:41Z,242.908,0.555,0.673,0.191,2.227,0.887,0.99,5968.323,-61.758
2021-05-08T00:10:41Z,242.629,0.516,0.672,0.184,2.232,0.887,0.99,5964.38,-61.743
2021-05-08T00:11:41Z,242.771,0.502,0.67,0.237,2.185,0.886,0.99,5943.241,-61.744
2021-05-08T00:12:41Z,242.744,0.491,0.671,0.185,2.232,0.885,0.99,5943.852,-61.746
2021-05-08T00:13:41Z,242.729,0.555,0.668,0.152,2.254,0.889,0.99,5993.053,-61.767
2021-05-08T00:14:41Z,242.298,0.466,0.669,0.185,2.232,0.885,0.99,5925.182,-61.734
2021-05-08T00:15:41Z,242.526,0.669,0.673,0.177,2.238,0.889,0.99,5985.738,-61.759
2021-05-08T00:16:41Z,242.704,0.446,0.672,0.215,2.205,0.887,0.99,5964.269,-61.752
2021-05-08T00:17:41Z,242.609,0.532,0.672,0.191,2.226,0.884,0.99,5927.958,-61.726
2021-05-08T00:18:41Z,242.366,0.524,0.673,0.382,1.997,0.885,0.99,5930.405,-61.735
2021-05-08T00:19:41Z,242.73,0.57,0.672,0.193,2.224,0.883,0.99,5901.45,-61.713
2021-05-08T00:20:41Z,242.947,0.515,0.673,0.224,2.198,0.886,0.99,5952.034,-61.762
2021-05-08T00:21:41Z,242.658,0.481,0.669,0.194,2.225,0.886,0.99,5947.409,-61.752
2021-05-08T00:22:41Z,242.866,0.543,0.67,0.176,2.238,0.886,0.99,5934.292,-61.748
2021-05-08T00:23:41Z,242.807,0.502,0.67,0.182,2.233,0.888,0.99,5983.222,-61.787
2021-05-08T00:24:41Z,242.856,0.47,0.669,0.166,2.245,0.887,0.99,5952.848,-61.768
2021-05-08T00:25:41Z,242.621,0.547,0.672,0.23,2.193,0.887,0.99,5965.161,-61.77
2021-05-08T00:26:41Z,242.783,0.525,0.675,0.193,2.225,0.887,0.99,5966.707,-61.789
2021-05-08T00:27:41Z,253.492,3.036,0.693,0.857,0.308,0.893,0.989,6118.458,-61.768
2021-05-08T00:28:41Z,242.999,0.442,0.675,0.189,2.228,0.89,0.99,6023.135,-61.821
2021-05-08T00:29:41Z,243.142,0.511,0.672,0.893,0.151,0.888,0.99,5977.347,-61.813
2021-05-08T00:30:41Z,242.934,0.416,0.675,0.204,2.215,0.886,0.99,5966.531,-61.794
2021-05-08T00:31:41Z,242.841,0.512,0.673,0.206,2.214,0.886,0.99,5968.377,-61.788
2021-05-08T00:32:41Z,242.765,0.427,0.674,0.152,2.254,0.889,0.99,6002.119,-61.814
2021-05-08T00:33:41Z,242.738,0.555,0.674,0.123,2.271,0.884,0.99,5918.526,-61.773
2021-05-08T00:34:41Z,242.526,0.495,0.666,0.177,2.237,0.874,0.99,5748.464,-61.592
2021-05-08T00:35:41Z,242.426,0.544,0.677,0.163,2.247,0.881,0.99,5873.57,-61.699
2021-05-08T00:36:41Z,242.489,0.529,0.673,0.226,2.196,0.886,0.99,5962.617,-61.774
2021-05-08T00:37:41Z,242.851,0.524,0.68,0.149,2.257,0.888,0.99,5991.505,-61.801
2021-05-08T00:38:41Z,242.754,0.501,0.678,0.161,2.249,0.888,0.99,5989.781,-61.81
2021-05-08T00:39:41Z,242.265,0.487,0.668,0.311,2.1,0.857,0.99,5480.064,-61.385
2021-05-08T00:40:41Z,246.319,2.808,0.618,0.877,0.189,0.874,0.99,5670.085,-61.607
2021-05-08T00:41:41Z,242.39,0.525,0.677,0.18,2.235,0.871,0.99,5718.367,-61.543
2021-05-08T00:42:41Z,242.625,0.49,0.672,0.272,2.146,0.873,0.99,5750.92,-61.589
2021-05-08T00:43:41Z,242.8,0.497,0.676,0.166,2.245,0.886,0.99,5964.726,-61.777
2021-05-08T00:44:41Z,242.26,0.531,0.681,0.898,0.056,0.884,0.99,5940.645,-61.771
2021-05-08T00:45:41Z,243.033,0.491,0.682,0.129,2.267,0.891,0.99,6046.742,-61.822
2021-05-08T00:46:41Z,243.173,0.533,0.681,0.198,2.221,0.888,0.99,5996.394,-61.791
2021-05-08T00:47:41Z,242.673,0.611,0.682,0.2,2.22,0.886,0.99,5963.306,-61.764
2021-05-08T00:48:41Z,242.726,0.393,0.676,0.131,2.266,0.887,0.99,5967.415,-61.751
2021-05-08T00:49:41Z,242.447,0.508,0.675,0.186,2.23,0.872,0.99,5737.92,-61.553
2021-05-08T00:50:41Z,242.413,0.499,0.672,0.308,2.103,0.868,0.99,5667.115,-61.518
2021-05-08T00:51:41Z,242.47,0.5,0.668,0.196,2.222,0.861,0.99,5566.537,-61.404
2021-05-08T00:52:41Z,242.25,0.51,0.666,0.26,2.162,0.861,0.99,5558.769,-61.406
2021-05-08T00:53:41Z,242.549,0.461,0.679,0.168,2.244,0.887,0.99,5986.807,-61.752
2021-05-08T00:54:41Z,242.697,0.545,0.675,0.188,2.228,0.883,0.99,5901.055,-61.7
2021-05-08T00:55:41Z,242.58,0.613,0.674,0.189,2.228,0.888,0.99,5977.565,-61.737
2021-05-08T00:56:41Z,242.659,0.538,0.672,0.143,2.26,0.88,0.99,5849.014,-61.628
2021-05-08T00:57:41Z,242.242,0.511,0.659,0.256,2.164,0.85,0.99,5376.106,-61.24
2021-05-08T00:58:41Z,242.066,0.454,0.643,0.275,2.145,0.831,0.99,5081.007,-60.948
2021-05-08T00:59:41Z,242.517,0.601,0.67,0.223,2.199,0.864,0.99,5597.527,-61.435
2021-05-08T01:00:41Z,251.202,0.892,0.601,0.888,0.195,0.713,0.985,3614.751,-59.79
2021-05-08T01:01:41Z,242.732,0.484,0.67,0.171,2.241,0.87,0.99,5685.28,-61.518
2021-05-08T01:02:41Z,242.466,0.57,0.669,0.259,2.162,0.867,0.99,5643.113,-61.464
2021-05-08T01:03:41Z,241.801,0.565,0.603,0.298,2.123,0.792,0.99,4518.657,-60.425
2021-05-08T01:04:41Z,242.672,0.498,0.671,0.267,2.152,0.863,0.99,5607.838,-61.44
2021-05-08T01:05:41Z,242.029,0.508,0.656,0.571,1.611,0.841,0.99,5236.686,-61.106
2021-05-08T01:06:41Z,242.276,0.573,0.656,0.491,1.799,0.837,0.99,5195.012,-61.062
2021-05-08T01:07:41Z,242.656,0.482,0.656,0.899,0.024,0.842,0.99,5277.542,-61.184
2021-05-08T01:08:41Z,242.171,0.601,0.627,0.329,2.079,0.817,0.99,4886.492,-60.762
2021-05-08T01:09:41Z,242.497,0.597,0.655,0.23,2.192,0.829,0.99,5083.176,-60.929
2021-05-08T01:10:41Z,242.615,0.938,0.404,0.731,1.209,0.659,0.989,2836.48,-58.027
2021-05-08T01:11:41Z,269.842,2.555,0.486,0.869,0.403,0.732,0.987,3906.364,-58.88
2021-05-08T01:12:41Z,242.43,0.54,0.63,0.711,1.201,0.817,0.99,4881.625,-60.806
2021-05-08T01:13:41Z,242.429,0.437,0.662,0.192,2.225,0.858,0.99,5506.226,-61.339
2021-05-08T01:14:41Z,242.269,0.573,0.641,0.412,1.954,0.837,0.99,5180.809,-61.081
2021-05-08T01:15:41Z,242.656,0.477,0.673,0.211,2.208,0.874,0.99,5775.37,-61.615
2021-05-08T01:16:41Z,242.766,0.494,0.666,0.205,2.214,0.854,0.99,5441.041,-61.326
2021-05-08T01:17:41Z,242.511,0.535,0.673,0.212,2.208,0.866,0.99,5635.984,-61.495
2021-05-08T01:18:41Z,243.08,0.519,0.662,0.236,2.186,0.858,0.99,5511.856,-61.383
2021-05-08T01:19:41Z,242.683,0.513,0.676,0.279,2.141,0.878,0.99,5830.841,-61.673
2021-05-08T01:20:41Z,242.06,0.479,0.669,0.188,2.229,0.875,0.99,5784.472,-61.605
2021-05-08T01:21:41Z,242.358,0.576,0.651,0.293,2.126,0.851,0.99,5379.772,-61.291
2021-05-08T01:22:41Z,242.369,0.585,0.67,0.284,2.134,0.858,0.99,5505.349,-61.381
2021-05-08T01:23:41Z,242.526,0.434,0.666,0.262,2.159,0.861,0.99,5550.809,-61.443
2021-05-08T01:24:41Z,242.26,0.452,0.66,0.642,1.406,0.841,0.99,5259.486,-61.135
2021-05-08T01:25:41Z,242.273,0.528,0.651,0.189,2.229,0.846,0.99,5332.377,-61.218
2021-05-08T01:26:41Z,242.266,0.539,0.664,0.224,2.198,0.849,0.99,5381.608,-61.281
2021-05-08T01:27:41Z,242.253,0.605,0.668,0.388,1.99,0.872,0.99,5727.783,-61.578
2021-05-08T01:28:41Z,242.348,0.547,0.636,0.222,2.201,0.83,0.99,5070.935,-60.99
2021-05-08T01:29:41Z,242.308,0.538,0.624,0.252,2.17,0.799,0.99,4640.945,-60.516
2021-05-08T01:30:41Z,242.069,0.488,0.65,0.244,2.179,0.84,0.99,5235.156,-61.142
2021-05-08T01:31:41Z,242.29,0.526,0.645,0.282,2.138,0.822,0.99,4968.003,-60.896
2021-05-08T01:32:41Z,242.042,0.481,0.623,0.249,2.174,0.803,0.99,4708.962,-60.595
2021-05-08T01:33:41Z,242.593,0.495,0.66,0.794,0.834,0.844,0.99,5292.856,-61.204
2021-05-08T01:34:41Z,242.52,0.543,0.662,0.205,2.215,0.861,0.99,5547.347,-61.421
2021-05-08T01:35:41Z,242.629,0.53,0.669,0.228,2.194,0.871,0.99,5712.127,-61.577
2021-05-08T01:36:41Z,242.638,0.533,0.649,0.389,1.988,0.839,0.99,5213.225,-61.091
2021-05-08T01:37:41Z,242.541,0.614,0.667,0.178,2.237,0.866,0.99,5631.859,-61.494
2021-05-08T01:38:41Z,241.971,0.53,0.634,0.263,2.161,0.819,0.99,4908.429,-60.812
2021-05-08T01:39:41Z,243.189,1.05,0.321,0.844,0.653,0.648,0.988,2648.958,-57.758
2021-05-08T01:40:41Z,242.023,0.517,0.594,0.535,1.713,0.775,0.99,4300.478,-60.198
2021-05-08T01:41:41Z,242.579,0.493,0.658,0.234,2.187,0.832,0.99,5113.094,-61.021
2021-05-08T01:42:41Z,242.573,0.518,0.668,0.251,2.171,0.866,0.99,5641.788,-61.541
2021-05-08T01:43:41Z,242.292,0.501,0.648,0.183,2.232,0.838,0.99,5187.096,-61.094
2021-05-08T01:44:41Z,242.009,0.479,0.638,0.27,2.149,0.82,0.99,4937.505,-60.828
2021-05-08T01:45:41Z,242.01,0.536,0.617,0.286,2.135,0.796,0.99,4593.415,-60.505
2021-05-08T01:46:41Z,244.977,0.587,0.578,0.397,1.986,0.756,0.99,4087.476,-59.826
2021-05-08T01:47:41Z,242.44,0.453,0.652,0.353,2.041,0.83,0.99,5089.825,-61.027
2021-05-08T01:48:41Z,242.419,0.532,0.659,0.224,2.198,0.848,0.99,5358.779,-61.289
2021-05-08T01:49:41Z,278.647,2.886,0.301,0.888,0.163,0.616,0.987,2486.918,-56.75
2021-05-08T01:50:41Z,246.704,0.938,0.425,0.881,0.319,0.681,0.988,3108.745,-58.489
2021-05-08T01:51:41Z,264.117,1.265,0.458,0.872,0.416,0.733,0.982,3731.314,-59.745
2021-05-08T01:52:41Z,242.634,0.462,0.674,0.195,2.223,0.872,0.99,5747.349,-61.619
2021-05-08T01:53:41Z,242.619,0.482,0.671,0.168,2.244,0.867,0.99,5660.154,-61.562
2021-05-08T01:54:41Z,242.334,0.446,0.66,0.207,2.211,0.831,0.99,5105.417,-61.028
2021-05-08T01:55:41Z,244.325,0.45,0.668,0.238,2.183,0.858,0.99,5528.508,-61.409
2021-05-08T01:56:41Z,242.498,0.52,0.623,0.39,1.986,0.802,0.99,4654.405,-60.58
2021-05-08T01:57:41Z,241.9,0.609,0.651,0.158,2.25,0.829,0.99,5073.013,-61.009
2021-05-08T01:58:41Z,242.677,0.536,0.628,0.341,2.065,0.798,0.99,4640.718,-60.542
2021-05-08T01:59:41Z,242.852,0.499,0.669,0.164,2.247,0.876,0.99,5794.477,-61.684
2021-05-08T02:00:41Z,242.676,0.532,0.672,0.184,2.233,0.876,0.99,5800.825,-61.69
2021-05-08T02:01:41Z,242.755,0.476,0.673,0.154,2.253,0.885,0.99,5934.072,-61.789
2021-05-08T02:02:41Z,242.471,0.449,0.667,0.852,0.513,0.87,0.99,5697.932,-61.591
2021-05-08T02:03:41Z,242.444,0.538,0.657,0.175,2.239,0.854,0.99,5454.166,-61.374
2021-05-08T02:04:41Z,242.331,0.559,0.665,0.219,2.202,0.863,0.99,5590.954,-61.511
2021-05-08T02:05:41Z,242.104,0.65,0.583,0.676,1.337,0.768,0.99,4201.936,-60.114
2021-05-08T02:06:41Z,242.216,0.492,0.651,0.205,2.215,0.843,0.99,5271.93,-61.189
2021-05-08T02:07:41Z,242.233,0.529,0.667,0.201,2.218,0.859,0.99,5533.721,-61.424
2021-05-08T02:08:41Z,242.13,0.499,0.665,0.228,2.194,0.867,0.99,5634.493,-61.522
2021-05-08T02:09:41Z,242.312,0.564,0.659,0.246,2.176,0.856,0.99,5472.163,-61.383
2021-05-08T02:10:41Z,241.953,0.779,0.493,0.849,0.615,0.687,0.988,3222.987,-58.881
2021-05-08T02:11:41Z,242.805,0.58,0.61,0.452,1.88,0.774,0.99,4299.44,-60.087
2021-05-08T02:12:41Z,242.197,0.532,0.666,0.227,2.196,0.865,0.99,5611.736,-61.524
2021-05-08T02:13:41Z,242.693,0.568,0.659,0.203,2.216,0.858,0.99,5505.812,-61.396
2021-05-08T02:14:41Z,242.654,0.47,0.648,0.553,1.654,0.819,0.99,4919.196,-60.884
2021-05-08T02:15:41Z,249.08,1.694,0.355,0.826,0.748,0.71,0.987,3316.304,-58.892
2021-05-08T02:16:41Z,243.021,0.516,0.668,0.181,2.235,0.86,0.99,5556.614,-61.479
2021-05-08T02:17:41Z,242.4,0.533,0.674,0.18,2.234,0.86,0.99,5542.246,-61.44
2021-05-08T02:18:41Z,242.603,0.455,0.673,0.237,2.187,0.862,0.99,5570.659,-61.5
2021-05-08T02:19:41Z,242.595,0.598,0.674,0.288,2.13,0.873,0.99,5753.932,-61.64
2021-05-08T02:20:41Z,242.528,0.478,0.666,0.183,2.233,0.871,0.99,5700.312,-61.603
2021-05-08T02:21:41Z,242.482,0.508,0.663,0.179,2.237,0.877,0.99,5789.693,-61.672
2021-05-08T02:22:41Z,242.479,0.563,0.67,0.182,2.234,0.888,0.99,5982.016,-61.826
2021-05-08T02:23:41Z,242.629,0.511,0.671,0.161,2.249,0.886,0.99,5951.459,-61.8
2021-05-08T02:24:41Z,242.554,0.494,0.668,0.172,2.242,0.884,0.99,5917.102,-61.763
2021-05-08T02:25:41Z,242.879,0.525,0.665,0.154,2.253,0.882,0.99,5881.932,-61.749
2021-05-08T02:26:41Z,242.634,0.523,0.666,0.185,2.232,0.885,0.99,5934.727,-61.779
2021-05-08T02:27:41Z,242.433,0.511,0.67,0.247,2.175,0.883,0.99,5898.495,-61.738
2021-05-08T02:28:41Z,242.718,0.506,0.667,0.202,2.217,0.879,0.99,5831.563,-61.706
2021-05-08T02:29:41Z,242.781,0.536,0.672,0.224,2.197,0.875,0.99,5784.53,-61.64
2021-05-08T02:30:41Z,242.479,0.608,0.654,0.367,2.019,0.847,0.99,5338.87,-61.271
2021-05-08T02:31:41Z,242.698,0.566,0.663,0.218,2.203,0.855,0.99,5463.271,-61.375
2021-05-08T02:32:41Z,242.499,0.715,0.638,0.444,1.897,0.853,0.99,5376.6,-61.315
2021-05-08T02:33:41Z,242.618,0.544,0.668,0.197,2.221,0.863,0.99,5593.161,-61.484
2021-05-08T02:34:41Z,242.213,0.588,0.671,0.258,2.161,0.861,0.99,5558.065,-61.453
2021-05-08T02:35:41Z,242.566,0.619,0.671,0.184,2.232,0.876,0.99,5799.189,-61.656
2021-05-08T02:36:41Z,242.363,0.55,0.675,0.869,0.392,0.885,0.99,5942.895,-61.8
2021-05-08T02:37:41Z,242.514,0.556,0.674,0.167,2.245,0.89,0.99,6035.862,-61.848
2021-05-08T02:38:41Z,242.8,0.461,0.674,0.165,2.247,0.888,0.99,5986.233,-61.824
2021-05-08T02:39:41Z,242.642,0.515,0.671,0.189,2.228,0.886,0.99,5954.651,-61.78
2021-05-08T02:40:41Z,242.508,0.495,0.672,0.184,2.231,0.885,0.99,5933.018,-61.784
2021-05-08T02:41:41Z,242.608,0.688,0.663,0.279,2.143,0.876,0.99,5790.9,-61.675
2021-05-08T02:42:41Z,242.892,0.546,0.668,0.205,2.215,0.884,0.99,5914.623,-61.751
2021-05-08T02:43:41Z,242.3,0.536,0.668,0.168,2.245,0.887,0.99,5969.916,-61.792
2021-05-08T02:44:41Z,242.881,0.619,0.674,0.154,2.253,0.885,0.99,5933.746,-61.738
2021-05-08T02:45:41Z,242.701,0.559,0.675,0.174,2.239,0.888,0.99,5994.985,-61.815
2021-05-08T02:46:41Z,242.579,0.552,0.673,0.163,2.248,0.886,0.99,5958.589,-61.778
2021-05-08T02:47:41Z,243.063,0.452,0.672,0.201,2.218,0.885,0.99,5940.663,-61.78
2021-05-08T02:48:41Z,242.726,0.52,0.667,0.204,2.215,0.881,0.99,5874.391,-61.718
2021-05-08T02:49:41Z,242.613,0.599,0.673,0.171,2.242,0.881,0.99,5876.523,-61.696
2021-05-08T02:50:41Z,242.724,0.423,0.672,0.145,2.259,0.883,0.99,5909.437,-61.752
2021-05-08T02:51:41Z,242.794,0.485,0.676,0.148,2.257,0.887,0.99,5969.417,-61.794
2021-05-08T02:52:41Z,242.469,0.499,0.677,0.238,2.185,0.882,0.99,5896.113,-61.711
2021-05-08T02:53:41Z,242.825,0.487,0.675,0.221,2.201,0.884,0.99,5930.589,-61.753
2021-05-08T02:54:41Z,243.285,0.621,0.672,0.897,0.053,0.886,0.99,5940.524,-61.824
2021-05-08T02:55:41Z,242.544,0.499,0.674,0.284,2.134,0.886,0.99,5952.811,-61.786
2021-05-08T02:56:41Z,242.652,0.499,0.677,0.149,2.256,0.886,0.99,5959.637,-61.759
2021-05-08T02:57:41Z,243.009,0.516,0.675,0.126,2.27,0.884,0.99,5926.37,-61.74
2021-05-08T02:58:41Z,242.64,0.521,0.672,0.177,2.237,0.882,0.99,5887.323,-61.713
2021-05-08T02:59:41Z,242.376,0.477,0.675,0.231,2.19,0.885,0.99,5947.772,-61.771
2021-05-08T03:00:41Z,242.394,0.509,0.676,0.216,2.206,0.89,0.99,6028.33,-61.809
2021-05-08T03:01:41Z,242.614,0.576,0.676,0.168,2.244,0.888,0.99,5981.102,-61.781
2021-05-08T03:02:41Z,242.542,0.551,0.674,0.167,2.244,0.885,0.99,5936.98,-61.77
2021-05-08T03:03:41Z,242.559,0.538,0.676,0.186,2.229,0.885,0.99,5934.046,-61.746
2021-05-08T03:04:41Z,242.828,0.541,0.677,0.302,2.112,0.877,0.99,5816.043,-61.639
2021-05-08T03:05:41Z,242.369,0.559,0.678,0.19,2.227,0.882,0.99,5907.877,-61.72
2021-05-08T03:06:41Z,242.75,0.495,0.678,0.187,2.229,0.884,0.99,5927.767,-61.751
2021-05-08T03:07:41Z,242.517,0.507,0.676,0.25,2.172,0.886,0.99,5960.134,-61.775
2021-05-08T03:08:41Z,242.668,0.502,0.679,0.197,2.22,0.886,0.99,5972.221,-61.754
2021-05-08T03:09:41Z,242.738,0.546,0.678,0.16,2.249,0.884,0.99,5923.588,-61.749
2021-05-08T03:10:41Z,242.416,0.613,0.672,0.262,2.16,0.879,0.99,5842.36,-61.691
2021-05-08T03:11:41Z,242.827,0.467,0.679,0.174,2.239,0.885,0.99,5949.994,-61.766
2021-05-08T03:12:41Z,242.656,0.549,0.677,0.29,2.127,0.884,0.99,5942.024,-61.737
2021-05-08T03:13:41Z,242.872,0.561,0.674,0.248,2.173,0.864,0.99,5613.306,-61.492
2021-05-08T03:14:41Z,242.802,0.424,0.678,0.155,2.252,0.886,0.99,5954.924,-61.768
2021-05-08T03:15:41Z,242.622,0.587,0.679,0.217,2.204,0.886,0.99,5962.381,-61.77
2021-05-08T03:16:41Z,242.73,0.684,0.677,0.166,2.246,0.885,0.99,5948.363,-61.753
2021-05-08T03:17:41Z,242.681,0.522,0.674,0.288,2.13,0.88,0.99,5860.177,-61.693
2021-05-08T03:18:41Z,242.88,0.448,0.664,0.222,2.199,0.855,0.99,5461.56,-61.321
2021-05-08T03:19:41Z,242.781,0.47,0.671,0.26,2.161,0.859,0.99,5536.697,-61.403
2021-05-08T03:20:41Z,242.631,0.541,0.677,0.168,2.244,0.884,0.99,5929.04,-61.735
2021-05-08T03:21:41Z,242.876,0.646,0.677,0.172,2.241,0.887,0.99,5986.223,-61.812
2021-05-08T03:22:41Z,242.668,0.565,0.677,0.173,2.241,0.887,0.99,5973.236,-61.787
2021-05-08T03:23:41Z,242.708,0.442,0.677,0.152,2.255,0.889,0.99,6016.499,-61.797
2021-05-08T03:24:41Z,242.651,0.463,0.676,0.169,2.242,0.888,0.99,5983.913,-61.781
2021-05-08T03:25:41Z,242.824,0.505,0.673,0.896,0.098,0.883,0.99,5909.67,-61.764
2021-05-08T03:26:41Z,242.753,0.538,0.673,0.199,2.219,0.883,0.99,5912.288,-61.726
2021-05-08T03:27:41Z,242.651,0.521,0.674,0.171,2.242,0.881,0.99,5872.342,-61.7
2021-05-08T03:28:41Z,242.777,0.54,0.676,0.211,2.21,0.884,0.99,5924.792,-61.741
2021-05-08T03:29:41Z,242.758,0.515,0.678,0.136,2.264,0.89,0.99,6016.063,-61.815
2021-05-08T03:30:41Z,242.575,0.512,0.676,0.212,2.209,0.874,0.99,5754.812,-61.565
2021-05-08T03:31:41Z,242.836,0.564,0.675,0.151,2.255,0.888,0.99,5982.33,-61.797
2021-05-08T03:32:41Z,242.536,0.484,0.679,0.122,2.271,0.893,0.99,6072.243,-61.863
2021-05-08T03:33:41Z,242.62,0.476,0.679,0.208,2.211,0.891,0.99,6040.467,-61.83
2021-05-08T03:34:41Z,242.608,0.487,0.676,0.26,2.161,0.885,0.99,5932.96,-61.757
2021-05-08T03:35:41Z,242.471,0.517,0.678,0.174,2.24,0.888,0.99,5993.221,-61.799
2021-05-08T03:36:41Z,242.617,0.467,0.676,0.181,2.235,0.888,0.99,5982.961,-61.808
2021-05-08T03:37:41Z,242.438,0.566,0.679,0.17,2.243,0.89,0.99,6027.287,-61.829
2021-05-08T03:38:41Z,242.718,0.424,0.677,0.186,2.23,0.888,0.99,5983.936,-61.81
2021-05-08T03:39:41Z,242.538,0.508,0.679,0.185,2.231,0.889,0.99,6002.848,-61.8
2021-05-08T03:40:41Z,242.562,0.623,0.676,0.218,2.204,0.884,0.99,5921.441,-61.727
2021-05-08T03:41:41Z,242.164,0.617,0.655,0.199,2.219,0.855,0.99,5440.853,-61.315
2021-05-08T03:42:41Z,242.598,0.45,0.676,0.184,2.232,0.881,0.99,5884.606,-61.717
2021-05-08T03:43:41Z,242.574,0.487,0.674,0.268,2.151,0.88,0.99,5850.437,-61.682
2021-05-08T03:44:41Z,241.983,0.557,0.674,0.216,2.205,0.875,0.99,5775.358,-61.606
2021-05-08T03:45:41Z,242.127,0.533,0.634,0.284,2.138,0.823,0.99,4949.89,-60.834
2021-05-08T03:46:41Z,242.664,0.534,0.644,0.408,1.957,0.808,0.99,4796.436,-60.663
2021-05-08T03:47:41Z,242.248,0.596,0.614,0.336,2.074,0.781,0.99,4382.681,-60.239
2021-05-08T03:48:41Z,244.552,0.56,0.595,0.797,0.858,0.773,0.99,4271.521,-60.034
2021-05-08T03:49:41Z,242.589,0.457,0.65,0.268,2.155,0.841,0.99,5248.744,-61.152
2021-05-08T03:50:41Z,242.771,0.447,0.677,0.187,2.229,0.87,0.99,5709.844,-61.547
2021-05-08T03:51:41Z,242.54,0.577,0.674,0.193,2.225,0.876,0.99,5811.964,-61.656
2021-05-08T03:52:41Z,242.72,0.465,0.681,0.174,2.239,0.889,0.99,6020.723,-61.816
2021-05-08T03:53:41Z,242.026,0.486,0.673,0.233,2.19,0.86,0.99,5542.185,-61.415
2021-05-08T03:54:41Z,242.438,0.547,0.668,0.206,2.214,0.852,0.99,5426.747,-61.306
2021-05-08T03:55:41Z,242.159,0.531,0.641,0.289,2.129,0.817,0.99,4887.343,-60.796
2021-05-08T03:56:41Z,243.415,0.511,0.583,0.536,1.716,0.78,0.989,4345.683,-60.226
2021-05-08T03:57:41Z,242.054,0.545,0.633,0.313,2.103,0.808,0.99,4759.92,-60.626
2021-05-08T03:58:41Z,242.668,0.544,0.61,0.304,2.118,0.784,0.99,4439.738,-60.253
2021-05-08T03:59:41Z,243.239,0.607,0.56,0.859,0.514,0.726,0.99,3686.672,-59.227
2021-05-08T04:00:41Z,242.135,0.541,0.601,0.255,2.171,0.778,0.99,4334.042,-60.164
2021-05-08T04:01:41Z,241.975,0.654,0.627,0.213,2.21,0.816,0.99,4878.484,-60.806
2021-05-08T04:02:41Z,242.604,0.474,0.67,0.245,2.177,0.861,0.99,5557.244,-61.415
2021-05-08T04:03:41Z,242.079,0.554,0.656,0.891,0.176,0.825,0.99,5017.994,-60.932
2021-05-08T04:04:41Z,242.458,0.491,0.659,0.229,2.195,0.85,0.99,5369.967,-61.241
2021-05-08T04:05:41Z,242.377,0.559,0.674,0.217,2.204,0.864,0.99,5615.572,-61.483
2021-05-08T04:06:41Z,242.389,0.547,0.666,0.25,2.173,0.867,0.99,5646.363,-61.504
2021-05-08T04:07:41Z,242.448,0.639,0.669,0.223,2.198,0.847,0.99,5353.09,-61.253
2021-05-08T04:08:41Z,242.645,0.556,0.678,0.249,2.175,0.877,0.99,5831.39,-61.681
2021-05-08T04:09:41Z,242.985,0.569,0.679,0.209,2.211,0.887,0.99,5991.675,-61.8
2021-05-08T04:10:41Z,242.648,0.519,0.676,0.3,2.114,0.863,0.99,5585.68,-61.455
2021-05-08T04:11:41Z,242.632,0.462,0.676,0.22,2.2,0.856,0.99,5487.797,-61.392
2021-05-08T04:12:41Z,242.168,0.54,0.659,0.216,2.204,0.832,0.99,5103.205,-61.039
2021-05-08T04:13:41Z,242.37,0.594,0.63,0.365,2.033,0.798,0.99,4617.284,-60.534
2021-05-08T04:14:41Z,244.588,0.632,0.635,0.399,1.972,0.799,0.99,4665.084,-60.5
2021-05-08T04:15:41Z,244.142,0.587,0.616,0.274,2.151,0.793,0.99,4570.67,-60.426
2021-05-08T04:16:41Z,242.274,0.49,0.667,0.246,2.177,0.863,0.99,5592.075,-61.458
2021-05-08T04:17:41Z,242.667,0.564,0.665,0.213,2.208,0.861,0.99,5558.194,-61.412
2021-05-08T04:18:41Z,242.953,0.584,0.676,0.19,2.227,0.869,0.99,5702.611,-61.552
2021-05-08T04:19:41Z,242.609,0.55,0.675,0.186,2.231,0.876,0.99,5806.258,-61.659
2021-05-08T04:20:41Z,242.647,0.524,0.67,0.184,2.232,0.863,0.99,5597.354,-61.448
2021-05-08T04:21:41Z,242.087,0.602,0.629,0.264,2.159,0.792,0.99,4555.33,-60.433
2021-05-08T04:22:41Z,242.469,0.509,0.661,0.27,2.151,0.85,0.99,5398.788,-61.284
2021-05-08T04:23:41Z,242.5,0.494,0.675,0.239,2.183,0.877,0.99,5827.694,-61.682
2021-05-08T04:24:41Z,242.39,0.552,0.675,0.149,2.256,0.873,0.99,5757.052,-61.593
2021-05-08T04:25:41Z,242.602,0.461,0.665,0.423,1.925,0.84,0.99,5233.882,-61.144
2021-05-08T04:26:41Z,242.29,0.509,0.67,0.26,2.16,0.851,0.99,5413.761,-61.281
2021-05-08T04:27:41Z,242.683,0.48,0.674,0.186,2.23,0.866,0.99,5645.449,-61.502
2021-05-08T04:28:41Z,241.802,0.548,0.649,0.293,2.127,0.819,0.99,4938.083,-60.811
2021-05-08T04:29:41Z,249.915,8.5,0.557,0.826,0.688,0.74,0.988,3440.621,-59.318
2021-05-08T04:30:41Z,241.775,0.542,0.6,0.371,2.03,0.755,0.99,4064.907,-59.804
2021-05-08T04:31:41Z,242.403,0.651,0.574,0.757,1.061,0.724,0.99,3693.012,-59.366
2021-05-08T04:32:41Z,242.863,0.872,0.547,0.748,1.126,0.745,0.989,3875.016,-59.692
2021-05-08T04:33:41Z,243.911,0.653,0.611,0.717,1.19,0.774,0.99,4323.244,-60.092
2021-05-08T04:34:41Z,242.914,0.626,0.632,0.261,2.163,0.814,0.99,4847.223,-60.758
2021-05-08T04:35:41Z,242.223,0.591,0.664,0.253,2.17,0.852,0.99,5426.418,-61.306
2021-05-08T04:36:41Z,243.792,0.632,0.611,0.591,1.575,0.796,0.99,4555.117,-60.432
2021-05-08T04:37:41Z,242.349,0.625,0.621,0.281,2.143,0.788,0.99,4486.14,-60.369
2021-05-08T04:38:41Z,243.544,0.786,0.536,0.842,0.639,0.697,0.99,3376.436,-58.922
2021-05-08T04:39:41Z,245.913,1.183,0.413,0.827,0.768,0.652,0.99,2786.648,-57.842
2021-05-08T04:40:41Z,242.772,0.66,0.537,0.461,1.889,0.711,0.99,3489.734,-59.104
2021-05-08T04:41:41Z,242.324,0.724,0.552,0.583,1.618,0.731,0.99,3716.74,-59.396
2021-05-08T04:42:41Z,244.17,0.57,0.603,0.599,1.555,0.764,0.99,4195.74,-60.033
2021-05-08T04:43:41Z,242.226,0.637,0.62,0.324,2.091,0.81,0.99,4777.688,-60.669
2021-05-08T04:44:41Z,245.508,1.344,0.658,0.437,1.903,0.83,0.99,5146.567,-60.866
2021-05-08T04:45:41Z,242.847,0.5,0.642,0.34,2.064,0.818,0.99,4925.64,-60.83
2021-05-08T04:46:41Z,242.144,0.595,0.651,0.198,2.222,0.843,0.99,5276.15,-61.191
2021-05-08T04:47:41Z,280.964,3.588,0.27,0.841,0.662,0.632,0.983,2621.965,-56.456
2021-05-08T04:48:41Z,244.698,0.546,0.578,0.756,1.04,0.758,0.989,4082.55,-59.867
2021-05-08T04:49:41Z,251.211,3.851,0.701,0.297,2.119,0.845,0.99,5304.089,-60.734
2021-05-08T04:50:41Z,242.536,0.74,0.556,0.5,1.814,0.739,0.99,3827.433,-59.597
2021-05-08T04:51:41Z,241.597,0.772,0.552,0.448,1.914,0.735,0.99,3782.61,-59.534
2021-05-08T04:52:41Z,242.766,0.561,0.642,0.295,2.125,0.811,0.99,4829.029,-60.714
2021-05-08T04:53:41Z,242.319,0.746,0.645,0.296,2.123,0.812,0.99,4844.542,-60.764
2021-05-08T04:54:41Z,241.522,0.795,0.582,0.583,1.622,0.735,0.989,3830.52,-59.699
2021-05-08T04:55:41Z,246.413,1.01,0.484,0.662,1.409,0.698,0.99,3309.763,-58.732
2021-05-08T04:56:41Z,241.923,0.703,0.584,0.495,1.816,0.757,0.99,4061.934,-59.867
2021-05-08T04:57:41Z,241.994,0.65,0.585,0.501,1.805,0.755,0.99,4048.43,-59.883
2021-05-08T04:58:41Z,242.335,0.58,0.651,0.306,2.11,0.832,0.99,5114.452,-61.025
2021-05-08T04:59:41Z,242.728,0.578,0.61,0.9,0.003,0.767,0.99,4229.634,-60.074
2021-05-08T05:00:41Z,243.649,0.473,0.657,0.263,2.158,0.828,0.99,5096.763,-60.976
2021-05-08T05:01:41Z,242.009,0.585,0.647,0.217,2.207,0.828,0.99,5060.336,-60.985
2021-05-08T05:02:41Z,242.417,0.501,0.644,0.364,2.03,0.823,0.99,4992.378,-60.906
2021-05-08T05:03:41Z,246.086,0.868,0.574,0.883,0.267,0.75,0.989,3958.436,-59.773
2021-05-08T05:04:41Z,242.798,0.665,0.56,0.868,0.443,0.731,0.989,3746.04,-59.47
2021-05-08T05:05:41Z,242.052,0.618,0.648,0.233,2.191,0.818,0.99,4921.004,-60.873
2021-05-08T05:06:41Z,242.375,0.527,0.633,0.378,2.01,0.784,0.99,4463.305,-60.335
2021-05-08T05:07:41Z,242.675,0.556,0.651,0.223,2.199,0.822,0.99,4974.297,-60.885
2021-05-08T05:08:41Z,242.175,0.554,0.61,0.34,2.07,0.784,0.99,4446.152,-60.316
2021-05-08T05:09:41Z,245.722,0.599,0.589,0.713,1.208,0.753,0.99,4049.689,-59.694
2021-05-08T05:10:41Z,242.333,0.752,0.615,0.219,2.205,0.784,0.99,4434.741,-60.302
2021-05-08T05:11:41Z,250.284,0.761,0.467,0.69,1.329,0.726,0.989,3608.89,-59.05
2021-05-08T05:12:41Z,259.347,1.758,0.428,0.827,0.741,0.67,0.989,3048.806,-57.692
2021-05-08T05:13:41Z,284.74,5.156,0.266,0.851,0.497,0.6,0.978,2370.599,-56.352
2021-05-08T05:14:41Z,242.721,0.719,0.503,0.881,0.318,0.698,0.99,3318.384,-58.801
2021-05-08T05:15:41Z,250.759,1.075,0.516,0.813,0.794,0.703,0.99,3413.448,-58.677
2021-05-08T05:16:41Z,250.497,0.8,0.521,0.565,1.674,0.715,0.99,3550.76,-59.034
2021-05-08T05:17:41Z,245.527,0.932,0.498,0.897,0.066,0.684,0.989,3174.699,-58.573
2021-05-08T05:18:41Z,243.854,0.601,0.593,0.611,1.524,0.763,0.99,4161.448,-59.893
2021-05-08T05:19:41Z,242.142,0.484,0.655,0.283,2.136,0.822,0.99,4982.732,-60.899
2021-05-08T05:20:41Z,241.824,0.643,0.63,0.238,2.189,0.807,0.99,4748.877,-60.658
2021-05-08T05:21:41Z,242.548,1.031,0.483,0.853,0.59,0.691,0.99,3222.556,-58.726
2021-05-08T05:22:41Z,265.382,4.331,0.429,0.858,0.511,0.677,0.988,3076.975,-57.789
2021-05-08T05:23:41Z,243.437,0.629,0.58,0.467,1.868,0.753,0.99,4033.131,-59.814
2021-05-08T05:24:41Z,243.243,0.551,0.619,0.358,2.041,0.79,0.99,4514.271,-60.386
2021-05-08T05:25:41Z,242.409,0.518,0.65,0.23,2.193,0.84,0.99,5219.324,-61.147
2021-05-08T05:26:41Z,242.157,0.521,0.658,0.206,2.215,0.838,0.99,5213.064,-61.129
2021-05-08T05:27:41Z,260.131,3.755,0.402,0.88,0.215,0.662,0.989,2877.185,-57.719
2021-05-08T05:28:41Z,273.519,3.186,0.223,0.882,0.276,0.622,0.987,2450.415,-56.283
2021-05-08T05:29:41Z,242.678,1.019,0.52,0.793,0.904,0.743,0.989,3810.798,-59.663
2021-05-08T05:30:41Z,242.709,0.602,0.613,0.341,2.069,0.786,0.99,4456.972,-60.325
2021-05-08T05:31:41Z,245.968,0.84,0.406,0.819,0.8,0.679,0.99,3023.165,-58.22
2021-05-08T05:32:41Z,245.258,0.671,0.532,0.849,0.581,0.721,0.99,3605.071,-59.188
2021-05-08T05:33:41Z,257.957,1.968,0.56,0.864,0.444,0.729,0.989,3805.693,-59.156
2021-05-08T05:34:41Z,242.291,0.63,0.581,0.523,1.758,0.75,0.99,3999.52,-59.759
2021-05-08T05:35:41Z,242.25,0.738,0.572,0.699,1.282,0.723,0.99,3689.975,-59.412
2021-05-08T05:36:41Z,248.221,1.168,0.353,0.85,0.595,0.616,0.99,2395.691,-56.775
2021-05-08T05:37:41Z,325.868,4.777,0.05,0.89,0.163,0.372,0.957,829.702,-45.554
2021-05-08T05:38:41Z,243.752,0.515,0.632,0.341,2.064,0.788,0.99,4503.283,-60.378
2021-05-08T05:39:41Z,242.369,0.434,0.612,0.559,1.647,0.79,0.99,4493.238,-60.438
2021-05-08T05:40:41Z,274.405,4.73,0.252,0.871,0.319,0.43,0.968,1145.159,-52.908
2021-05-08T05:41:41Z,248.716,0.963,0.362,0.846,0.635,0.626,0.988,2508.154,-57.135
2021-05-08T05:42:41Z,256.695,6.44,0.028,0.869,0.423,0.425,0.961,877.872,-51.073
2021-05-08T05:43:41Z,242.838,0.564,0.648,0.355,2.044,0.818,0.99,4928.03,-60.822
2021-05-08T05:44:41Z,242.619,0.533,0.647,0.295,2.122,0.824,0.99,5014.207,-60.916
2021-05-08T05:45:41Z,244.669,1.24,0.581,0.866,0.448,0.787,0.99,4501.723,-59.69
2021-05-08T05:46:41Z,242.059,0.653,0.624,0.268,2.158,0.808,0.99,4830.356,-60.025
2021-05-08T05:47:41Z,268.167,3.727,0.412,0.871,0.279,0.668,0.982,3078.022,-57.491
2021-05-08T05:48:41Z,243.113,0.889,0.491,0.72,1.235,0.675,0.99,3085.953,-58.459
2021-05-08T05:49:41Z,242.817,0.763,0.545,0.441,1.926,0.721,0.99,3621.072,-59.217
2021-05-08T05:50:41Z,269.394,10.135,0.456,0.867,0.324,0.628,0.986,2585.65,-55.327
2021-05-08T05:51:41Z,247.191,1.2,0.632,0.839,0.603,0.793,0.99,4638.25,-60.329
2021-05-08T05:52:41Z,242.192,0.581,0.613,0.412,1.956,0.816,0.99,4878.331,-60.095
2021-05-08T05:53:41Z,242.019,0.551,0.618,0.269,2.157,0.789,0.99,4521.535,-60.412
2021-05-08T05:54:41Z,242.388,0.661,0.627,0.234,2.192,0.804,0.99,4716.703,-60.619
2021-05-08T05:55:41Z,255.722,1.064,0.459,0.893,0.118,0.669,0.987,3011.612,-58.118
2021-05-08T05:56:41Z,243.231,0.628,0.659,0.14,2.262,0.893,0.99,6127.231,-61.316
2021-05-08T05:57:41Z,242.893,0.55,0.627,0.281,2.142,0.802,0.99,4702.747,-60.586
2021-05-08T05:58:41Z,242.324,0.691,0.657,0.242,2.181,0.846,0.99,5325.583,-61.242
2021-05-08T05:59:41Z,242.695,0.645,0.652,0.843,0.601,0.888,0.99,6025.511,-61.287
2021-05-08T06:00:41Z,242.343,0.701,0.6,0.372,2.026,0.769,0.99,4240.21,-60.1
2021-05-08T06:01:41Z,242.317,0.507,0.652,0.101,2.282,0.899,0.99,6196.318,-61.349
2021-05-08T06:02:41Z,242.959,0.579,0.637,0.689,1.294,0.893,0.99,6074.035,-61.181
2021-05-08T06:03:41Z,241.718,0.709,0.57,0.45,1.905,0.751,0.99,3989.651,-59.82
2021-05-08T06:04:41Z,242.794,0.622,0.657,0.119,2.274,0.887,0.99,5972.555,-61.165
2021-05-08T06:05:41Z,250.979,1.04,0.493,0.885,0.249,0.703,0.989,3430.496,-58.795
2021-05-08T06:06:41Z,243.657,0.639,0.579,0.765,1.023,0.757,0.99,4060.126,-59.826
2021-05-08T06:07:41Z,242.297,0.887,0.525,0.758,1.082,0.7,0.99,3367.46,-58.884
2021-05-08T06:08:41Z,242.653,0.7,0.571,0.408,1.975,0.758,0.99,4052.863,-59.893
2021-05-08T06:09:41Z,242.365,0.586,0.649,0.282,2.14,0.827,0.99,5040.215,-60.955
2021-05-08T06:10:41Z,241.994,0.696,0.636,0.192,2.227,0.849,0.99,5364.665,-60.705
2021-05-08T06:11:41Z,242.082,0.605,0.621,0.404,1.97,0.801,0.99,4645.077,-60.512
2021-05-08T06:12:41Z,258.211,1.261,0.459,0.892,0.146,0.675,0.989,3071.843,-57.976
2021-05-08T06:13:41Z,242.177,0.684,0.58,0.502,1.806,0.753,0.99,4028.265,-59.836
2021-05-08T06:14:41Z,242.106,0.522,0.667,0.164,2.248,0.9,0.99,6216.532,-61.444
2021-05-08T06:15:41Z,241.776,0.805,0.585,0.67,1.374,0.755,0.99,4051.168,-59.86
2021-05-08T06:16:41Z,252.984,2.267,0.352,0.888,0.204,0.635,0.987,2578.981,-57.452
2021-05-08T06:17:41Z,242.38,0.634,0.66,0.123,2.272,0.893,0.99,6096.107,-61.403
2021-05-08T06:18:41Z,243.969,2.074,0.247,0.868,0.465,0.599,0.978,2126.415,-57.398
2021-05-08T06:19:41Z,243.346,0.873,0.478,0.621,1.55,0.693,0.99,3252.533,-58.641
2021-05-08T06:20:41Z,242.44,0.653,0.643,0.244,2.181,0.839,0.99,5188.881,-61.128
2021-05-08T06:21:41Z,242.416,0.783,0.655,0.101,2.283,0.884,0.99,5909.586,-61.247
2021-05-08T06:22:41Z,257.424,1.728,0.242,0.853,0.582,0.627,0.985,2409.884,-56.925
2021-05-08T06:23:41Z,242.089,0.676,0.648,0.107,2.28,0.867,0.99,5630.113,-60.99
2021-05-08T06:24:41Z,245.43,0.916,0.425,0.897,0.074,0.678,0.988,3020.451,-58.243
2021-05-08T06:25:41Z,242.478,0.631,0.6,0.191,2.231,0.838,0.99,5155.737,-60.554
2021-05-08T06:26:41Z,266.578,1.791,0.49,0.862,0.467,0.766,0.988,4215.938,-59.773
2021-05-08T06:27:41Z,242.372,0.538,0.626,0.377,2.02,0.847,0.99,5321.379,-60.684
2021-05-08T06:28:41Z,242.019,0.61,0.627,0.284,2.139,0.797,0.99,4637.567,-60.513
2021-05-08T06:29:41Z,271.961,2.506,0.216,0.891,0.174,0.598,0.986,2256.928,-55.951
2021-05-08T06:30:41Z,262.913,1.953,0.442,0.88,0.286,0.669,0.989,3078.9,-57.665
2021-05-08T06:31:41Z,242.42,0.651,0.665,0.083,2.289,0.889,0.99,5995.655,-61.262
2021-05-08T06:32:41Z,242.532,0.6,0.622,0.424,1.942,0.8,0.99,4660.732,-60.586
2021-05-08T06:33:41Z,241.82,0.588,0.657,0.156,2.254,0.871,0.99,5714.164,-61.022
2021-05-08T06:34:41Z,310.837,6.204,0.134,0.814,0.815,0.541,0.964,1942.246,-56.154
2021-05-08T06:35:41Z,270.975,2.124,0.339,0.859,0.503,0.607,0.987,2394.851,-56.107
2021-05-08T06:36:41Z,242.52,0.836,0.658,0.897,0.051,0.802,0.988,4711.264,-60.171
2021-05-08T06:37:41Z,313.944,4.463,0.145,0.847,0.592,0.637,0.986,2884.965,-53.827
2021-05-08T06:38:41Z,242.108,1.015,0.474,0.739,1.187,0.703,0.989,3319.084,-58.828
2021-05-08T06:39:41Z,242.302,0.683,0.679,0.095,2.285,0.898,0.99,6178.547,-61.4
2021-05-08T06:40:41Z,242.132,0.635,0.668,0.11,2.278,0.887,0.99,5974.429,-61.246
2021-05-08T06:41:41Z,249.264,1.777,0.456,0.779,0.981,0.691,0.989,3171.044,-58.376
2021-05-08T06:42:41Z,242.503,0.692,0.664,0.1,2.283,0.89,0.99,6027.641,-61.258
2021-05-08T06:43:41Z,242.055,0.644,0.668,0.107,2.279,0.883,0.99,5921.247,-61.153
2021-05-08T06:44:41Z,242.323,0.582,0.641,0.218,2.206,0.821,0.99,4950.779,-60.861
2021-05-08T06:45:41Z,241.879,0.579,0.665,0.143,2.262,0.885,0.99,5934.123,-61.179
2021-05-08T06:46:41Z,242.459,0.655,0.672,0.082,2.289,0.891,0.99,6044.694,-61.291
2021-05-08T06:47:41Z,242.457,0.628,0.64,0.255,2.172,0.825,0.99,4997.177,-60.899
2021-05-08T06:48:41Z,242.787,0.668,0.673,0.145,2.26,0.892,0.99,6085.556,-61.328
2021-05-08T06:49:41Z,245.116,0.63,0.626,0.433,1.919,0.8,0.99,4676.676,-60.466
2021-05-08T06:50:41Z,243.302,0.78,0.576,0.882,0.298,0.757,0.99,4065.93,-59.856
2021-05-08T06:51:41Z,242.291,1.466,0.677,0.258,2.168,0.881,0.99,5887.942,-61.105
2021-05-08T06:52:41Z,277.28,3.019,0.415,0.867,0.431,0.676,0.986,3132.428,-57.535
2021-05-08T06:53:41Z,242.571,1.281,0.651,0.19,2.231,0.835,0.99,5155.832,-60.427
2021-05-08T06:54:41Z,242.149,0.746,0.648,0.186,2.233,0.841,0.99,5247.101,-60.573
2021-05-08T06:55:41Z,241.811,0.591,0.644,0.838,0.618,0.83,0.99,5090.518,-60.452
2021-05-08T06:56:41Z,241.997,0.67,0.602,0.298,2.128,0.795,0.99,4551.749,-60.427
2021-05-08T06:57:41Z,242.63,0.648,0.676,0.122,2.273,0.884,0.99,5964.688,-61.252
2021-05-08T06:58:41Z,243.382,0.618,0.62,0.341,2.071,0.793,0.99,4547.435,-60.44
2021-05-08T06:59:41Z,252.889,1.485,0.586,0.586,1.584,0.765,0.99,4216.067,-59.79
2021-05-08T07:00:41Z,242.726,0.449,0.681,0.075,2.292,0.904,0.99,6298.306,-61.51
2021-05-08T07:01:41Z,245.393,1.245,0.35,0.811,0.867,0.619,0.989,2415.155,-56.918
2021-05-08T07:02:41Z,248.722,1.128,0.47,0.851,0.593,0.711,0.989,3438.559,-58.79
2021-05-08T07:03:41Z,242.466,0.609,0.687,0.115,2.276,0.906,0.99,6350.596,-61.52
2021-05-08T07:04:41Z,242.612,0.513,0.664,0.189,2.229,0.868,0.99,5654.023,-61.551
2021-05-08T07:05:41Z,242.471,0.6,0.639,0.251,2.176,0.844,0.99,5251.232,-61.205
2021-05-08T07:06:41Z,242.409,0.642,0.68,0.11,2.278,0.883,0.99,5938.148,-61.204
2021-05-08T07:07:41Z,243.041,0.712,0.619,0.685,1.307,0.797,0.99,4604.479,-60.499
2021-05-08T07:08:41Z,243.27,0.977,0.58,0.432,1.94,0.773,0.99,4265.512,-60.066
2021-05-08T07:09:41Z,242.41,0.55,0.652,0.198,2.223,0.846,0.99,5305.844,-61.19
2021-05-08T07:10:41Z,242.454,0.596,0.679,0.111,2.278,0.902,0.99,6292.255,-61.461
2021-05-08T07:11:41Z,269.763,2.91,0.146,0.8,0.923,0.607,0.989,2144.825,-54.79
2021-05-08T07:12:41Z,242.352,0.617,0.675,0.115,2.276,0.895,0.99,6156.73,-61.355
2021-05-08T07:13:41Z,242.155,0.576,0.673,0.189,2.23,0.882,0.99,5922.912,-61.149
2021-05-08T07:14:41Z,242.032,0.559,0.646,0.258,2.167,0.824,0.99,5044.14,-60.368
2021-05-08T07:15:41Z,242.947,0.604,0.63,0.402,1.977,0.804,0.99,4705.497,-60.629
2021-05-08T07:16:41Z,242.236,0.604,0.638,0.725,1.166,0.813,0.99,4821.538,-60.769
2021-05-08T07:17:41Z,242.477,0.622,0.677,0.097,2.283,0.889,0.99,6065.314,-61.29
2021-05-08T07:18:41Z,242.594,0.536,0.676,0.092,2.285,0.89,0.99,6080.45,-61.326
2021-05-08T07:19:41Z,250.654,9.039,0.78,0.73,1.059,0.859,0.988,5308.604,-60.509
2021-05-08T07:20:41Z,250.011,9.297,0.803,0.7,1.296,0.843,0.987,5078.061,-60.412
2021-05-08T07:21:41Z,275.599,16.58,0.904,0.598,1.626,0.758,0.979,4070.734,-56.015
2021-05-08T07:22:41Z,242.811,0.627,0.67,0.127,2.271,0.896,0.99,6165.24,-61.461
2021-05-08T07:23:41Z,253.722,16.274,0.959,0.625,1.579,0.752,0.976,4871.591,-56.995
2021-05-08T07:24:41Z,243.152,1.666,0.186,0.831,0.747,0.58,0.986,1993.95,-55.86
2021-05-08T07:25:41Z,251.037,9.956,0.879,0.624,1.597,0.847,0.985,5256.676,-59.791
2021-05-08T07:26:41Z,243.161,4.929,0.811,0.799,0.953,0.842,0.988,5678.282,-59.976
2021-05-08T07:27:41Z,254.962,11.224,0.926,0.607,1.591,0.802,0.982,4984.317,-58.536
2021-05-08T07:28:41Z,242.487,0.55,0.675,0.091,2.286,0.886,0.99,6026.949,-61.289
2021-05-08T07:29:41Z,275.305,12.025,0.942,0.582,1.702,0.787,0.978,5050.102,-59.569
2021-05-08T07:30:41Z,285.958,2.459,0.468,0.841,0.593,0.725,0.984,3969.874,-59.065
2021-05-08T07:31:41Z,270.694,10.448,0.88,0.514,1.847,0.86,0.986,5873.229,-59.497
2021-05-08T07:32:41Z,263.065,7.33,0.859,0.629,1.589,0.861,0.987,5623.444,-59.809
2021-05-08T07:33:41Z,269.972,7.699,0.889,0.595,1.672,0.839,0.986,5276.953,-58.678
2021-05-08T07:34:41Z,261.717,9.544,0.894,0.565,1.727,0.838,0.985,5514.01,-59.174
2021-05-08T07:35:41Z,242.049,0.783,0.578,0.481,1.839,0.753,0.99,4090.487,-59.294
2021-05-08T07:36:41Z,242.71,0.604,0.646,0.191,2.227,0.852,0.99,5497.018,-60.783
2021-05-08T07:37:41Z,244.515,4.534,0.64,0.587,1.631,0.823,0.989,4779.451,-60.586
2021-05-08T07:38:41Z,242.418,0.539,0.686,0.15,2.257,0.91,0.99,6506.739,-61.605
2021-05-08T07:39:41Z,274.632,5.051,0.634,0.812,0.635,0.781,0.988,4372.533,-59.371
2021-05-08T07:40:41Z,242.285,0.635,0.687,0.131,2.268,0.907,0.99,6436.541,-61.535
2021-05-08T07:41:41Z,242.669,0.647,0.686,0.088,2.287,0.907,0.99,6439.823,-61.567
2021-05-08T07:42:41Z,242.777,0.544,0.662,0.166,2.247,0.861,0.99,5527.081,-61.401
2021-05-08T07:43:41Z,242.473,0.695,0.667,0.15,2.257,0.864,0.99,5568.174,-61.423
2021-05-08T07:44:41Z,242.737,0.581,0.68,0.112,2.278,0.903,0.99,6358.532,-61.627
2021-05-08T07:45:41Z,243.845,0.641,0.663,0.845,0.586,0.838,0.989,5440.06,-61.492
2021-05-08T07:46:41Z,242.573,0.477,0.673,0.161,2.25,0.889,0.99,5999.849,-61.814
2021-05-08T07:47:41Z,242.311,0.493,0.667,0.184,2.233,0.884,0.99,5903.988,-61.735
2021-05-08T07:48:41Z,242.9,0.62,0.653,0.23,2.194,0.839,0.99,5197.043,-61.142
2021-05-08T07:49:41Z,242.225,0.542,0.683,0.112,2.277,0.903,0.99,6373.957,-61.672
2021-05-08T07:50:41Z,242.864,0.549,0.673,0.183,2.234,0.886,0.99,5952.729,-61.793
2021-05-08T07:51:41Z,242.361,0.574,0.677,0.376,2.006,0.872,0.99,5845.419,-61.319
2021-05-08T07:52:41Z,243.249,0.554,0.676,0.195,2.226,0.896,0.99,6122.918,-61.919
2021-05-08T07:53:41Z,242.845,0.521,0.673,0.159,2.251,0.895,0.99,6103.415,-61.898
2021-05-08T07:54:41Z,241.991,0.747,0.665,0.17,2.243,0.869,0.99,5758.708,-61.181
2021-05-08T07:55:41Z,243.562,1.218,0.681,0.351,2.045,0.896,0.99,6242.667,-61.581
2021-05-08T07:56:41Z,243.943,0.746,0.667,0.248,2.176,0.863,0.99,5587.137,-61.416
2021-05-08T07:57:41Z,245.58,4.413,0.685,0.853,0.46,0.878,0.99,5757.861,-61.562
2021-05-08T07:58:41Z,248.882,4.354,0.698,0.802,0.711,0.852,0.99,5258.685,-61.002
2021-05-08T07:59:41Z,242.809,0.549,0.684,0.113,2.276,0.898,0.99,6273.698,-61.63
2021-05-08T08:00:41Z,245.425,6.965,0.709,0.86,0.381,0.854,0.989,5455.58,-60.952
2021-05-08T08:01:41Z,242.882,0.538,0.684,0.16,2.248,0.9,0.99,6290.883,-61.655
2021-05-08T08:02:41Z,242.647,0.529,0.686,0.102,2.281,0.899,0.99,6281.551,-61.652
2021-05-08T08:03:41Z,242.532,0.841,0.665,0.255,2.17,0.873,0.99,5711.476,-61.549
2021-05-08T08:04:41Z,242.462,0.736,0.672,0.181,2.236,0.879,0.99,5821.579,-61.657
2021-05-08T08:05:41Z,245.798,3.937,0.689,0.843,0.478,0.883,0.99,5851.243,-61.562
2021-05-08T08:06:41Z,242.805,0.434,0.685,0.092,2.285,0.904,0.99,6350.298,-61.748
2021-05-08T08:07:41Z,242.595,0.459,0.686,0.094,2.285,0.907,0.99,6394.872,-61.796
2021-05-08T08:08:41Z,249.14,4.651,0.728,0.841,0.605,0.891,0.989,5912.149,-61.581
2021-05-08T08:09:41Z,258.816,9.21,0.784,0.653,1.449,0.889,0.988,5841.01,-61.427
2021-05-08T08:10:41Z,251.68,7.29,0.727,0.836,0.567,0.868,0.989,5549.036,-61.314
2021-05-08T08:11:41Z,249.725,9.282,0.748,0.779,0.855,0.88,0.989,5680.043,-61.415
2021-05-08T08:12:41Z,242.896,0.513,0.677,0.112,2.277,0.898,0.99,6250.471,-61.751
2021-05-08T08:13:41Z,250.429,6.233,0.751,0.778,0.911,0.894,0.989,5935.681,-61.592
2021-05-08T08:14:41Z,243.717,1.579,0.69,0.289,2.135,0.896,0.99,6110.506,-61.861
2021-05-08T08:15:41Z,242.939,1.032,0.68,0.172,2.243,0.895,0.99,6090.075,-61.874
2021-05-08T08:16:41Z,242.558,0.746,0.654,0.205,2.218,0.86,0.99,5506.342,-61.394
2021-05-08T08:17:41Z,258.49,2.135,0.66,0.86,0.407,0.81,0.989,4975.83,-60.257
2021-05-08T08:18:41Z,243.314,0.772,0.642,0.284,2.141,0.822,0.99,4939.802,-60.779
2021-05-08T08:19:41Z,260.395,1.088,0.635,0.878,0.266,0.751,0.984,4160.703,-59.985
2021-05-08T08:20:41Z,242.234,0.637,0.675,0.164,2.247,0.89,0.99,6100.075,-61.642
2021-05-08T08:21:41Z,242.563,0.606,0.682,0.156,2.252,0.894,0.99,6155.498,-61.684
2021-05-08T08:22:41Z,242.896,0.588,0.676,0.23,2.196,0.888,0.99,5981.806,-61.8
2021-05-08T08:23:41Z,242.767,0.628,0.683,0.125,2.271,0.898,0.99,6231.538,-61.74
2021-05-08T08:24:41Z,242.476,0.484,0.669,0.305,2.111,0.878,0.99,5822.712,-61.687
2021-05-08T08:25:41Z,242.887,0.493,0.683,0.15,2.255,0.897,0.99,6226.859,-61.731
2021-05-08T08:26:41Z,242.738,0.521,0.676,0.234,2.191,0.885,0.99,5935.488,-61.778
2021-05-08T08:27:41Z,242.58,0.5,0.67,0.209,2.213,0.877,0.99,5788.526,-61.658
2021-05-08T08:28:41Z,242.35,0.603,0.623,0.304,2.118,0.815,0.99,4835.501,-60.754
2021-05-08T08:29:41Z,242.704,0.557,0.672,0.165,2.247,0.882,0.99,5887.159,-61.729
2021-05-08T08:30:41Z,242.823,0.523,0.677,0.328,2.084,0.893,0.99,6076.949,-61.888
2021-05-08T08:31:41Z,242.594,0.551,0.671,0.894,0.141,0.879,0.99,5817.317,-61.699
2021-05-08T08:32:41Z,242.728,0.568,0.655,0.28,2.143,0.851,0.99,5383.082,-61.283
2021-05-08T08:33:41Z,242.488,0.516,0.651,0.264,2.159,0.832,0.99,5095.866,-61.005
2021-05-08T08:34:41Z,242.874,0.694,0.684,0.142,2.261,0.898,0.99,6224.435,-61.749
2021-05-08T08:35:41Z,242.634,0.617,0.583,0.4,1.985,0.786,0.99,4382.283,-60.243
2021-05-08T08:36:41Z,242.975,0.439,0.68,0.16,2.248,0.901,0.99,6281.3,-61.782
2021-05-08T08:37:41Z,249.828,1.645,0.689,0.616,1.486,0.901,0.99,6354.063,-61.613
2021-05-08T08:38:41Z,242.63,0.584,0.665,0.217,2.206,0.864,0.99,5593.261,-61.459
2021-05-08T08:39:41Z,242.71,0.515,0.681,0.107,2.279,0.895,0.99,6170.093,-61.709
2021-05-08T08:40:41Z,245.168,6.418,0.88,0.691,1.193,0.823,0.986,6229.648,-59.771
2021-05-08T08:41:41Z,242.018,0.616,0.647,0.365,2.036,0.843,0.99,5262.068,-61.193
2021-05-08T08:42:41Z,242.413,0.635,0.671,0.236,2.188,0.875,0.99,5766.453,-61.646
2021-05-08T08:43:41Z,242.718,0.585,0.665,0.227,2.197,0.868,0.99,5659.018,-61.549
2021-05-08T08:44:41Z,243.501,2.621,0.706,0.144,2.262,0.902,0.99,6163.337,-61.591
2021-05-08T08:45:41Z,243.256,1.875,0.702,0.132,2.269,0.901,0.99,6143.24,-61.604
2021-05-08T08:46:41Z,243.567,1.385,0.69,0.126,2.272,0.898,0.99,6096.868,-61.583
2021-05-08T08:47:41Z,244.044,2.175,0.69,0.384,2.01,0.901,0.99,6187.105,-61.606
2021-05-08T08:48:41Z,243.398,1.796,0.682,0.831,0.634,0.897,0.99,6095.85,-61.589
2021-05-08T08:49:41Z,243.238,0.892,0.686,0.153,2.255,0.902,0.99,6259.11,-61.741
2021-05-08T08:50:41Z,242.896,0.61,0.673,0.194,2.226,0.889,0.99,6001.65,-61.823
2021-05-08T08:51:41Z,242.559,0.49,0.673,0.153,2.255,0.891,0.99,6034.078,-61.867
2021-05-08T08:52:41Z,243.033,0.556,0.675,0.188,2.23,0.894,0.99,6111.629,-61.648
2021-05-08T08:53:41Z,242.816,0.473,0.686,0.14,2.262,0.901,0.99,6257.133,-61.747
2021-05-08T08:54:41Z,243.805,4.516,0.745,0.55,1.7,0.899,0.989,6076.262,-61.389
2021-05-08T08:55:41Z,243.101,1.312,0.683,0.142,2.262,0.898,0.99,6137.867,-61.888
2021-05-08T08:56:41Z,242.604,0.55,0.679,0.131,2.267,0.893,0.99,6108.384,-61.612
2021-05-08T08:57:41Z,242.766,0.595,0.683,0.125,2.27,0.897,0.99,6180.032,-61.696
2021-05-08T08:58:41Z,242.659,0.492,0.68,0.203,2.217,0.9,0.99,6225.255,-61.747
2021-05-08T08:59:41Z,242.696,0.574,0.673,0.286,2.137,0.885,0.99,5936.66,-61.788
2021-05-08T09:00:41Z,243.251,0.918,0.677,0.153,2.255,0.891,0.99,6028.338,-61.855
2021-05-08T09:01:41Z,243.141,3.5,0.739,0.845,0.634,0.889,0.989,6076.465,-61.597
2021-05-08T09:02:41Z,246.067,7.552,0.91,0.701,1.302,0.779,0.981,6151.455,-59.649
2021-05-08T09:03:41Z,242.427,0.662,0.677,0.178,2.238,0.896,0.99,6160.244,-61.721
2021-05-08T09:04:41Z,244.266,3.21,0.726,0.86,0.531,0.892,0.989,6086.176,-61.696
2021-05-08T09:05:41Z,244.305,5.337,0.819,0.765,1.039,0.866,0.987,6087.261,-60.956
2021-05-08T09:06:41Z,243.496,3.835,0.743,0.834,0.728,0.891,0.989,6114.459,-61.614
2021-05-08T09:07:41Z,242.686,0.473,0.678,0.133,2.266,0.894,0.99,6114.727,-61.707
2021-05-08T09:08:41Z,242.831,0.522,0.675,0.12,2.273,0.892,0.99,6081.543,-61.691
2021-05-08T09:09:41Z,242.851,0.572,0.671,0.161,2.249,0.89,0.99,6031.128,-61.669
2021-05-08T09:10:41Z,242.609,0.541,0.67,0.112,2.277,0.888,0.99,5991.381,-61.64
2021-05-08T09:11:41Z,242.911,0.529,0.673,0.166,2.246,0.889,0.99,6021.607,-61.66
2021-05-08T09:12:41Z,242.768,0.511,0.671,0.136,2.264,0.888,0.99,5994.521,-61.649
2021-05-08T09:13:41Z,243.368,0.577,0.675,0.15,2.256,0.895,0.99,6125.107,-61.759
2021-05-08T09:14:41Z,244.086,4.946,0.841,0.729,1.269,0.847,0.988,5966.839,-60.443
2021-05-08T09:15:41Z,243.032,3.162,0.71,0.604,1.544,0.882,0.99,5865.173,-61.546
2021-05-08T09:16:41Z,243.11,0.551,0.679,0.163,2.247,0.885,0.99,5959.505,-61.635
2021-05-08T09:17:41Z,242.455,0.505,0.677,0.122,2.272,0.893,0.99,6105.524,-61.751
2021-05-08T09:18:41Z,242.703,0.46,0.672,0.185,2.232,0.889,0.99,6034.789,-61.707
2021-05-08T09:19:41Z,263.013,0.498,0.675,0.622,1.466,0.916,0.989,7286.103,-61.552
2021-05-08T09:20:41Z,256.758,0.504,0.677,0.214,2.208,0.903,0.99,6455.981,-61.719
2021-05-08T09:21:41Z,242.476,0.488,0.671,0.147,2.258,0.894,0.99,6117.087,-61.779
2021-05-08T09:22:41Z,242.459,0.439,0.676,0.114,2.276,0.894,0.99,6116.711,-61.783
2021-05-08T09:23:41Z,242.739,2.214,0.686,0.698,1.262,0.806,0.989,4724.089,-60.502
2021-05-08T09:24:41Z,242.923,0.517,0.674,0.145,2.259,0.893,0.99,6106.79,-61.785
2021-05-08T09:25:41Z,242.315,1.009,0.647,0.893,0.133,0.703,0.987,3477.171,-59.407
2021-05-08T09:26:41Z,242.326,1.557,0.679,0.811,0.788,0.84,0.99,5191.539,-60.99
2021-05-08T09:27:41Z,242.719,0.523,0.677,0.135,2.265,0.893,0.99,6110.819,-61.806
2021-05-08T09:28:41Z,242.448,0.514,0.657,0.425,1.921,0.829,0.99,5049.246,-60.933
2021-05-08T09:29:41Z,242.451,0.747,0.648,0.219,2.203,0.856,0.99,5419.399,-61.34
2021-05-08T09:30:41Z,242.818,0.499,0.672,0.182,2.234,0.892,0.99,6086.666,-61.816
2021-05-08T09:31:41Z,242.29,0.546,0.671,0.145,2.259,0.89,0.99,6057.342,-61.789
2021-05-08T09:32:41Z,242.758,0.538,0.673,0.224,2.198,0.892,0.99,6085.182,-61.804
2021-05-08T09:33:41Z,242.644,0.653,0.668,0.139,2.263,0.877,0.99,5829.739,-61.615
2021-05-08T09:34:41Z,242.702,2.105,0.671,0.262,2.161,0.882,0.99,5797.35,-61.612
2021-05-08T09:35:41Z,242.696,0.524,0.66,0.3,2.116,0.861,0.99,5569.991,-61.418
2021-05-08T09:36:41Z,243.018,1.842,0.677,0.181,2.236,0.885,0.99,5877.171,-61.705
2021-05-08T09:37:41Z,242.241,0.591,0.662,0.264,2.158,0.854,0.99,5478.64,-61.324
2021-05-08T09:38:41Z,243.591,2.139,0.673,0.788,0.877,0.801,0.989,4602.306,-60.506
2021-05-08T09:39:41Z,242.177,0.546,0.602,0.356,2.047,0.812,0.99,4815.019,-60.675
2021-05-08T09:40:41Z,242.15,0.73,0.651,0.307,2.106,0.831,0.99,5054.644,-60.977
2021-05-08T09:41:41Z,241.777,0.549,0.655,0.281,2.136,0.833,0.99,5098.265,-60.995
2021-05-08T09:42:41Z,242.455,0.591,0.67,0.264,2.158,0.867,0.99,5692.399,-61.512
2021-05-08T09:43:41Z,242.435,0.63,0.653,0.293,2.125,0.864,0.99,5539.316,-61.442
2021-05-08T09:44:41Z,241.881,0.522,0.672,0.2,2.217,0.851,0.99,5436.291,-61.23
2021-05-08T09:45:41Z,244.7,0.771,0.621,0.899,0.033,0.769,0.988,4284.646,-60.197
2021-05-08T09:46:41Z,242.86,0.484,0.671,0.855,0.487,0.867,0.99,5694.336,-61.535
2021-05-08T09:47:41Z,242.643,0.497,0.677,0.149,2.256,0.883,0.99,5959.467,-61.728
2021-05-08T09:48:41Z,244.39,0.713,0.659,0.767,0.953,0.849,0.99,5375.864,-61.176
2021-05-08T09:49:41Z,242.339,0.623,0.656,0.402,1.966,0.819,0.99,4950.456,-60.691
2021-05-08T09:50:41Z,243.828,5.065,0.777,0.776,0.999,0.858,0.988,5692.716,-60.709
2021-05-08T09:51:41Z,245.834,4.872,0.761,0.825,0.739,0.779,0.987,4480.784,-59.4
2021-05-08T09:52:41Z,242.594,1.092,0.67,0.263,2.16,0.875,0.99,5732.898,-61.602
2021-05-08T09:53:41Z,242.47,0.513,0.673,0.16,2.249,0.856,0.99,5534.979,-61.366
2021-05-08T09:54:41Z,243.243,1.579,0.677,0.533,1.699,0.833,0.989,5113.569,-61.051
2021-05-08T09:55:41Z,245.905,4.48,0.761,0.801,0.883,0.846,0.988,5392.414,-60.699
2021-05-08T09:56:41Z,242.487,0.636,0.66,0.328,2.082,0.848,0.99,5352.716,-61.281
2021-05-08T09:57:41Z,242.413,0.64,0.65,0.215,2.209,0.842,0.99,5245.627,-61.232
2021-05-08T09:58:41Z,243.44,0.58,0.676,0.183,2.234,0.885,0.99,5940.452,-61.797
2021-05-08T09:59:41Z,241.945,0.575,0.673,0.174,2.239,0.876,0.99,5837.166,-61.583
2021-05-08T10:00:41Z,242.792,0.637,0.621,0.215,2.211,0.839,0.99,5166.968,-61.132
2021-05-08T10:01:41Z,242.772,0.511,0.677,0.665,1.337,0.879,0.99,5890.512,-61.697
2021-05-08T10:02:41Z,242.332,1.804,0.699,0.542,1.684,0.902,0.99,6223.822,-61.979
2021-05-08T10:03:41Z,242.977,3.414,0.745,0.732,1.17,0.899,0.989,6192.376,-61.677
2021-05-08T10:04:41Z,243.668,3.704,0.735,0.727,1.187,0.891,0.989,6036.353,-61.548
2021-05-08T10:05:41Z,247.876,1.816,0.39,0.883,0.284,0.548,0.974,1912.349,-57.616
2021-05-08T10:06:41Z,243.028,0.604,0.68,0.169,2.245,0.891,0.99,6035.063,-61.885
2021-05-08T10:07:41Z,242.968,2.045,0.698,0.617,1.494,0.863,0.99,5589.207,-61.346
2021-05-08T10:08:41Z,242.579,0.566,0.679,0.172,2.241,0.882,0.99,5935.083,-61.729
2021-05-08T10:09:41Z,245.374,2.026,0.7,0.472,1.832,0.875,0.99,5824.154,-61.394
2021-05-08T10:10:41Z,242.679,1.99,0.669,0.656,1.387,0.811,0.989,4774.006,-60.749
2021-05-08T10:11:41Z,242.668,1.759,0.651,0.885,0.244,0.758,0.988,4120.055,-59.948
2021-05-08T10:12:41Z,242.322,0.451,0.656,0.223,2.198,0.835,0.99,5200.296,-61.049
2021-05-08T10:13:41Z,244.513,4.091,0.748,0.835,0.722,0.892,0.989,6104.136,-61.578
2021-05-08T10:14:41Z,242.569,0.563,0.529,0.884,0.285,0.694,0.986,3237.612,-59.037
2021-05-08T10:15:41Z,248.202,3.491,0.568,0.875,0.325,0.695,0.983,3302.21,-59.409
2021-05-08T10:16:41Z,242.957,0.514,0.68,0.122,2.272,0.892,0.99,6101.493,-61.854
2021-05-08T10:17:41Z,242.932,0.955,0.441,0.891,0.185,0.575,0.983,2053.769,-57.052
2021-05-08T10:18:41Z,242.337,0.499,0.686,0.165,2.245,0.893,0.99,6124.238,-61.868
2021-05-08T10:19:41Z,242.369,0.527,0.684,0.129,2.268,0.89,0.99,6069.975,-61.838
2021-05-08T10:20:41Z,242.517,0.421,0.683,0.158,2.25,0.89,0.99,6055.814,-61.816
2021-05-08T10:21:41Z,242.283,1.043,0.667,0.164,2.247,0.871,0.99,5655.675,-61.507
2021-05-08T10:22:41Z,243.371,0.585,0.614,0.894,0.121,0.74,0.985,3898.949,-60.191
2021-05-08T10:23:41Z,242.736,0.45,0.677,0.472,1.831,0.866,0.99,5610.913,-61.498
2021-05-08T10:24:41Z,242.865,0.544,0.686,0.157,2.251,0.888,0.99,6037.324,-61.81
2021-05-08T10:25:41Z,243.279,0.478,0.601,0.893,0.152,0.739,0.988,3860.361,-59.658
2021-05-08T10:26:41Z,242.759,0.448,0.66,0.396,1.977,0.871,0.99,5678.456,-61.551
2021-05-08T10:27:41Z,243.346,0.485,0.65,0.895,0.107,0.808,0.989,4744.723,-60.742
2021-05-08T10:28:41Z,242.164,0.56,0.667,0.171,2.241,0.858,0.99,5535.629,-61.382
2021-05-08T10:29:41Z,242.492,0.511,0.66,0.286,2.133,0.849,0.99,5402.882,-61.277
2021-05-08T10:30:41Z,242.043,0.609,0.67,0.235,2.187,0.861,0.99,5579.608,-61.443
2021-05-08T10:31:41Z,242.352,0.525,0.681,0.148,2.257,0.878,0.99,5872.602,-61.684
2021-05-08T10:32:41Z,242.702,0.535,0.665,0.151,2.255,0.879,0.99,5800.281,-61.68
2021-05-08T10:33:41Z,242.637,0.493,0.663,0.162,2.249,0.888,0.99,5949.546,-61.814
2021-05-08T10:34:41Z,242.139,0.53,0.662,0.346,2.054,0.877,0.99,5758.201,-61.627
2021-05-08T10:35:41Z,242.75,0.509,0.679,0.166,2.245,0.884,0.99,5963.78,-61.76
2021-05-08T10:36:41Z,242.361,0.48,0.683,0.152,2.254,0.891,0.99,6073.152,-61.844
2021-05-08T10:37:41Z,242.648,0.491,0.678,0.167,2.244,0.877,0.99,5850.463,-61.647
2021-05-08T10:38:41Z,242.433,0.523,0.684,0.205,2.215,0.876,0.99,5837.168,-61.641
