2021-05-08T10:58:42Z,294.995,8.203,-0.296,0.872,0.359,0.347,0.94,435.826,-38.894
2021-05-08T10:59:42Z,338.704,10.779,-0.397,0.809,0.88,0.433,0.956,671.056,-42.906
2021-05-08T11:00:42Z,324.84,13.545,-0.335,0.791,0.849,0.517,0.94,958.446,-40.938
2021-05-08T11:01:42Z,281.825,13.012,-0.488,0.87,0.439,0.378,0.928,480.655,-34.93
2021-05-08T11:02:42Z,365.354,13.37,0.161,0.823,0.749,0.505,0.943,1061.756,-37.17
2021-05-08T11:03:42Z,369.717,13.176,-0.419,0.789,0.986,0.528,0.948,1213.474,-35.484
2021-05-08T11:04:42Z,367.51,23.765,0.276,0.762,1.062,0.522,0.947,1158.835,-37.122
2021-05-08T11:05:42Z,396.013,16.208,0.821,0.675,1.341,0.66,0.965,2538.127,-43.624
2021-05-08T11:06:42Z,243.602,6.474,-0.623,0.89,0.2,0.392,0.975,477.431,-46.439
2021-05-08T11:07:42Z,263.578,6.403,-0.69,0.834,0.654,0.432,0.982,672.65,-47.549
2021-05-08T11:08:42Z,270.696,5.869,-0.678,0.844,0.608,0.475,0.986,848.449,-48.588
2021-05-08T11:09:42Z,247.391,4.548,-0.614,0.837,0.643,0.502,0.988,927.763,-48.084
2021-05-08T11:10:42Z,241.037,5.604,-0.706,0.888,0.225,0.406,0.979,570.091,-47.158
2021-05-08T11:11:42Z,255.091,5.629,-0.657,0.824,0.694,0.517,0.988,1011.133,-49.576
2021-05-08T11:12:42Z,251.343,7.128,-0.693,0.861,0.509,0.46,0.98,744.238,-47.02
2021-05-08T11:13:42Z,264.699,7.183,-0.666,0.863,0.502,0.435,0.975,667.652,-45.729
2021-05-08T11:14:42Z,243.745,3.576,-0.683,0.817,0.731,0.528,0.991,1064.856,-49.402
2021-05-08T11:15:42Z,238.058,7.098,-0.637,0.85,0.613,0.512,0.983,863.426,-48.438
2021-05-08T11:16:42Z,269.205,7.544,-0.619,0.828,0.711,0.535,0.988,1075.826,-48.848
2021-05-08T11:17:42Z,248.994,3.878,-0.693,0.83,0.655,0.502,0.989,963.558,-48.832
2021-05-08T11:18:42Z,254.337,4.19,-0.676,0.823,0.696,0.531,0.991,1140.082,-49.189
2021-05-08T11:19:42Z,242.635,3.139,-0.68,0.812,0.773,0.531,0.991,1046.773,-49.515
2021-05-08T11:20:42Z,242.224,2.888,-0.664,0.813,0.764,0.534,0.99,1062.283,-49.855
2021-05-08T11:21:42Z,242.332,2.814,-0.651,0.796,0.872,0.537,0.991,1109.879,-50.318
2021-05-08T11:22:42Z,241.681,2.575,-0.649,0.797,0.866,0.535,0.991,1089.216,-50.209
2021-05-08T11:23:42Z,241.699,2.744,-0.653,0.812,0.774,0.535,0.991,1082.317,-50.125
2021-05-08T11:24:42Z,246.013,2.525,-0.618,0.811,0.789,0.538,0.991,1116.421,-50.184
2021-05-08T11:25:42Z,242.917,2.702,-0.63,0.82,0.723,0.526,0.99,1015.282,-49.367
2021-05-08T11:26:42Z,243.229,3.057,-0.627,0.827,0.676,0.52,0.99,992.749,-48.966
2021-05-08T11:27:42Z,242.803,2.856,-0.629,0.815,0.758,0.526,0.99,1014.343,-49.148
2021-05-08T11:28:42Z,241.784,2.735,-0.65,0.814,0.756,0.531,0.99,1050.277,-49.834
2021-05-08T11:29:42Z,241.644,2.718,-0.645,0.814,0.76,0.532,0.991,1074.046,-50.081
2021-05-08T11:30:42Z,242.309,2.773,-0.638,0.802,0.842,0.535,0.991,1072.343,-50.075
2021-05-08T11:31:42Z,241.969,2.778,-0.65,0.806,0.816,0.529,0.991,1047.503,-50.009
2021-05-08T11:32:42Z,241.317,2.721,-0.663,0.809,0.791,0.534,0.991,1068.209,-49.999
2021-05-08T11:33:42Z,241.79,2.63,-0.617,0.807,0.811,0.535,0.991,1085.781,-50.067
2021-05-08T11:34:42Z,241.552,2.924,-0.643,0.812,0.773,0.529,0.991,1051.036,-49.995
2021-05-08T11:35:42Z,241.373,2.829,-0.654,0.805,0.822,0.526,0.991,1009.382,-49.588
2021-05-08T11:36:42Z,241.831,3.434,-0.65,0.81,0.787,0.53,0.991,1041.319,-49.762
2021-05-08T11:37:42Z,241.941,2.782,-0.664,0.809,0.799,0.532,0.991,1063.565,-49.964
2021-05-08T11:38:42Z,241.78,2.812,-0.676,0.807,0.809,0.528,0.991,1036.392,-49.704
2021-05-08T11:39:42Z,241.829,2.76,-0.641,0.808,0.804,0.529,0.991,1052.742,-50.014
2021-05-08T11:40:42Z,241.928,2.755,-0.649,0.811,0.784,0.531,0.991,1043.509,-49.856
2021-05-08T11:41:42Z,242.025,2.512,-0.623,0.812,0.773,0.535,0.991,1100.154,-50.348
2021-05-08T11:42:42Z,241.991,2.668,-0.636,0.805,0.82,0.535,0.99,1079.884,-50.117
2021-05-08T11:43:42Z,241.633,2.484,-0.651,0.807,0.805,0.538,0.991,1112.256,-50.434
2021-05-08T11:44:42Z,241.916,2.662,-0.637,0.801,0.845,0.534,0.991,1078.667,-50.324
2021-05-08T11:45:42Z,241.258,2.458,-0.678,0.804,0.823,0.538,0.991,1097.008,-50.336
2021-05-08T11:46:42Z,241.927,2.828,-0.697,0.802,0.834,0.532,0.99,1045.096,-49.726
2021-05-08T11:47:42Z,241.622,2.706,-0.689,0.817,0.732,0.533,0.991,1068.971,-49.99
2021-05-08T11:48:42Z,241.8,2.539,-0.671,0.803,0.822,0.531,0.991,1040.314,-50.063
2021-05-08T11:49:42Z,250.058,5.975,-0.629,0.809,0.789,0.539,0.99,1096.501,-50.094
2021-05-08T11:50:42Z,241.591,2.711,-0.67,0.807,0.799,0.525,0.991,1019.471,-49.783
2021-05-08T11:51:42Z,241.541,2.617,-0.649,0.81,0.785,0.525,0.991,1033.516,-50.096
2021-05-08T11:52:42Z,241.703,2.563,-0.638,0.806,0.816,0.523,0.991,1034.45,-50.106
2021-05-08T11:53:42Z,241.812,2.51,-0.601,0.815,0.755,0.523,0.991,1045.68,-50.489
2021-05-08T11:54:42Z,241.545,2.614,-0.631,0.807,0.809,0.523,0.991,1040.728,-50.31
2021-05-08T11:55:42Z,241.602,2.862,-0.629,0.807,0.808,0.531,0.991,1063.972,-50.312
2021-05-08T11:56:42Z,241.65,2.919,-0.669,0.799,0.859,0.533,0.991,1069.273,-49.969
2021-05-08T11:57:42Z,241.626,2.763,-0.668,0.807,0.806,0.53,0.991,1055.914,-50.007
2021-05-08T11:58:42Z,241.552,2.839,-0.684,0.803,0.83,0.531,0.991,1056.733,-49.826
2021-05-08T11:59:42Z,241.648,2.742,-0.645,0.804,0.828,0.523,0.991,1032.004,-49.951
2021-05-08T12:00:42Z,241.606,2.778,-0.654,0.807,0.801,0.529,0.991,1058.816,-50.117
2021-05-08T12:01:42Z,241.616,2.547,-0.672,0.801,0.839,0.53,0.991,1074.686,-50.254
2021-05-08T12:02:42Z,241.601,3.07,-0.679,0.81,0.785,0.528,0.991,1056.969,-50.107
2021-05-08T12:03:42Z,241.835,2.705,-0.678,0.812,0.766,0.534,0.991,1090.453,-50.285
2021-05-08T12:04:42Z,241.477,2.565,-0.646,0.803,0.83,0.525,0.991,1053.813,-50.343
2021-05-08T12:05:42Z,241.699,2.382,-0.639,0.814,0.751,0.524,0.991,1057.961,-50.458
2021-05-08T12:06:42Z,241.8,2.469,-0.663,0.816,0.733,0.524,0.99,1044.118,-50.248
2021-05-08T12:07:42Z,241.667,2.915,-0.625,0.81,0.79,0.528,0.991,1083.851,-50.653
2021-05-08T12:08:42Z,242.064,2.699,-0.688,0.809,0.783,0.528,0.991,1048.421,-49.894
2021-05-08T12:09:42Z,242.355,3.194,-0.666,0.805,0.821,0.534,0.99,1074.448,-50.277
2021-05-08T12:10:42Z,241.834,2.453,-0.621,0.802,0.835,0.54,0.99,1153.38,-50.264
2021-05-08T12:11:42Z,241.789,2.43,-0.633,0.814,0.755,0.527,0.99,1057.31,-50.114
2021-05-08T12:12:42Z,241.748,2.524,-0.688,0.801,0.842,0.527,0.991,1026.359,-49.955
2021-05-08T12:13:42Z,241.74,2.918,-0.685,0.811,0.782,0.522,0.99,987.776,-49.465
2021-05-08T12:14:42Z,241.419,2.554,-0.627,0.813,0.767,0.529,0.99,1067.81,-50.354
2021-05-08T12:15:42Z,241.64,2.971,-0.684,0.87,0.425,0.367,0.981,436.281,-45.644
2021-05-08T12:16:42Z,241.903,2.639,-0.644,0.815,0.755,0.529,0.99,1054.812,-50.045
2021-05-08T12:17:42Z,241.755,2.865,-0.64,0.811,0.782,0.531,0.99,1066.918,-50.118
2021-05-08T12:18:42Z,242.954,3.022,-0.563,0.831,0.652,0.536,0.99,1177.77,-50.179
2021-05-08T12:19:42Z,242.22,2.46,-0.626,0.808,0.801,0.541,0.99,1150.456,-50.436
2021-05-08T12:20:42Z,241.64,2.774,-0.686,0.799,0.849,0.527,0.99,1040.553,-49.747
2021-05-08T12:21:42Z,242.136,2.479,-0.688,0.807,0.8,0.518,0.99,991.504,-49.701
2021-05-08T12:22:42Z,241.624,2.507,-0.683,0.807,0.798,0.52,0.99,1009.975,-49.913
2021-05-08T12:23:42Z,241.864,2.477,-0.672,0.812,0.764,0.534,0.991,1081.076,-50.369
2021-05-08T12:24:42Z,241.607,2.616,-0.658,0.802,0.835,0.531,0.991,1072.7,-50.34
2021-05-08T12:25:42Z,242.018,2.472,-0.649,0.82,0.709,0.525,0.991,1047.597,-50.345
2021-05-08T12:26:42Z,241.392,2.38,-0.649,0.806,0.812,0.53,0.99,1081.189,-50.557
2021-05-08T12:27:42Z,241.813,2.497,-0.663,0.808,0.795,0.522,0.991,1028.254,-50.2
2021-05-08T12:28:42Z,241.583,2.707,-0.679,0.811,0.767,0.525,0.99,1025.979,-49.896
2021-05-08T12:29:42Z,241.562,2.453,-0.671,0.808,0.796,0.525,0.991,1044.081,-50.246
2021-05-08T12:30:42Z,241.589,2.564,-0.638,0.82,0.715,0.518,0.99,1016.521,-50.158
2021-05-08T12:31:42Z,241.488,2.374,-0.622,0.802,0.834,0.528,0.991,1061.208,-50.512
2021-05-08T12:32:42Z,241.963,2.42,-0.669,0.816,0.733,0.531,0.99,1066.228,-50.353
2021-05-08T12:33:42Z,241.636,2.626,-0.667,0.806,0.808,0.527,0.99,1057.982,-50.162
2021-05-08T12:34:42Z,241.759,2.388,-0.644,0.816,0.746,0.521,0.99,1030.628,-50.359
2021-05-08T12:35:42Z,241.788,2.508,-0.654,0.807,0.806,0.528,0.991,1060.092,-50.341
2021-05-08T12:36:42Z,241.996,2.41,-0.637,0.81,0.785,0.527,0.99,1069.261,-50.593
2021-05-08T12:37:42Z,241.866,2.321,-0.616,0.815,0.75,0.527,0.991,1076.258,-50.641
2021-05-08T12:38:42Z,242.081,3.011,-0.585,0.894,0.136,0.358,0.98,438.8,-47.333
2021-05-08T12:39:42Z,241.921,2.556,-0.655,0.801,0.846,0.535,0.99,1110.189,-50.517
2021-05-08T12:40:42Z,241.843,2.675,-0.623,0.814,0.767,0.534,0.991,1102.425,-50.719
2021-05-08T12:41:42Z,241.587,2.383,-0.635,0.804,0.829,0.542,0.991,1152.678,-50.817
2021-05-08T12:42:42Z,241.591,2.401,-0.627,0.795,0.884,0.545,0.991,1177.885,-51.136
2021-05-08T12:43:42Z,241.83,2.546,-0.639,0.815,0.747,0.544,0.991,1170.862,-50.993
2021-05-08T12:44:42Z,241.677,2.436,-0.653,0.807,0.803,0.541,0.991,1153.747,-50.731
2021-05-08T12:45:42Z,241.687,2.601,-0.673,0.796,0.875,0.535,0.99,1095.912,-50.321
2021-05-08T12:46:42Z,241.528,2.489,-0.621,0.811,0.787,0.53,0.99,1061.031,-50.415
2021-05-08T12:47:42Z,241.549,2.589,-0.644,0.803,0.836,0.532,0.99,1066.942,-50.259
2021-05-08T12:48:42Z,244.821,6.105,-0.579,0.888,0.222,0.362,0.977,443.945,-46.284
2021-05-08T12:49:42Z,243.377,3.845,-0.637,0.869,0.43,0.383,0.982,479.743,-45.796
2021-05-08T12:50:42Z,242.622,5.025,-0.576,0.9,0.0,0.253,0.958,205.254,-43.169
2021-05-08T12:51:42Z,241.927,2.556,-0.601,0.817,0.749,0.529,0.991,1064.076,-50.311
2021-05-08T12:52:42Z,242.149,2.664,-0.61,0.811,0.783,0.53,0.991,1075.644,-50.144
2021-05-08T12:53:42Z,241.705,2.67,-0.614,0.81,0.788,0.534,0.99,1085.451,-50.263
2021-05-08T12:54:42Z,241.848,2.54,-0.624,0.807,0.808,0.532,0.99,1098.37,-50.482
2021-05-08T12:55:42Z,241.894,2.654,-0.65,0.811,0.778,0.534,0.99,1091.074,-50.278
2021-05-08T12:56:42Z,241.939,2.705,-0.666,0.821,0.71,0.527,0.99,1055.395,-50.01
2021-05-08T12:57:42Z,241.556,2.763,-0.648,0.797,0.868,0.531,0.99,1076.416,-50.402
2021-05-08T12:58:42Z,242.051,2.738,-0.663,0.819,0.722,0.529,0.99,1062.016,-50.253
2021-05-08T12:59:42Z,241.894,2.54,-0.687,0.814,0.754,0.53,0.99,1047.718,-49.921
2021-05-08T13:00:42Z,241.976,3.086,-0.686,0.808,0.802,0.529,0.99,1034.71,-49.755
2021-05-08T13:01:42Z,241.726,2.829,-0.706,0.803,0.82,0.53,0.99,1030.121,-49.478
2021-05-08T13:02:42Z,241.279,2.738,-0.678,0.805,0.809,0.528,0.99,1021.619,-49.721
2021-05-08T13:03:42Z,241.747,2.634,-0.672,0.808,0.79,0.531,0.99,1040.1,-49.97
2021-05-08T13:04:42Z,241.765,2.93,-0.706,0.804,0.815,0.527,0.991,1028.748,-49.617
2021-05-08T13:05:42Z,241.768,2.846,-0.678,0.804,0.821,0.527,0.991,1048.549,-49.876
2021-05-08T13:06:42Z,241.973,2.794,-0.663,0.825,0.683,0.527,0.99,1038.602,-49.922
2021-05-08T13:07:42Z,241.811,2.76,-0.702,0.808,0.791,0.53,0.991,1025.108,-49.473
2021-05-08T13:08:42Z,241.809,2.703,-0.666,0.804,0.818,0.526,0.99,1015.512,-49.733
2021-05-08T13:09:42Z,241.972,2.675,-0.671,0.817,0.723,0.52,0.99,979.313,-49.605
2021-05-08T13:10:42Z,242.012,2.782,-0.686,0.81,0.779,0.53,0.99,1044.395,-49.836
2021-05-08T13:11:42Z,241.895,2.792,-0.687,0.804,0.823,0.529,0.99,1033.351,-49.699
2021-05-08T13:12:42Z,242.179,2.718,-0.656,0.809,0.795,0.523,0.99,1008.326,-49.752
2021-05-08T13:13:42Z,242.245,2.431,-0.638,0.808,0.799,0.529,0.99,1056.5,-50.299
2021-05-08T13:14:42Z,242.219,2.552,-0.668,0.811,0.776,0.53,0.99,1057.339,-50.209
2021-05-08T13:15:42Z,241.957,2.692,-0.699,0.811,0.777,0.526,0.99,1024.992,-49.628
2021-05-08T13:16:42Z,241.916,2.737,-0.687,0.81,0.783,0.528,0.99,1028.544,-49.74
2021-05-08T13:17:42Z,241.809,3.056,-0.689,0.8,0.847,0.527,0.99,1015.646,-49.44
2021-05-08T13:18:42Z,241.664,2.751,-0.659,0.809,0.791,0.521,0.99,1010.137,-49.449
2021-05-08T13:19:42Z,241.674,2.622,-0.67,0.809,0.792,0.524,0.99,1040.224,-50.041
2021-05-08T13:20:42Z,242.056,2.609,-0.637,0.815,0.748,0.527,0.991,1055.865,-50.054
2021-05-08T13:21:42Z,241.951,2.597,-0.629,0.804,0.829,0.532,0.991,1074.152,-50.293
2021-05-08T13:22:42Z,241.636,2.491,-0.661,0.805,0.817,0.529,0.99,1047.95,-49.987
2021-05-08T13:23:42Z,242.077,2.753,-0.644,0.813,0.77,0.527,0.991,1052.127,-49.769
2021-05-08T13:24:42Z,250.3,7.017,-0.562,0.839,0.643,0.522,0.99,1052.367,-49.293
2021-05-08T13:25:42Z,241.686,2.396,-0.63,0.809,0.797,0.528,0.99,1061.078,-50.003
2021-05-08T13:26:42Z,241.857,2.623,-0.664,0.815,0.751,0.519,0.99,986.649,-49.1
2021-05-08T13:27:42Z,241.725,2.653,-0.664,0.813,0.762,0.527,0.99,1026.56,-49.878
2021-05-08T13:28:42Z,242.176,2.807,-0.647,0.81,0.79,0.528,0.99,1039.39,-49.782
2021-05-08T13:29:42Z,242.262,2.526,-0.648,0.82,0.72,0.526,0.99,1043.43,-49.642
2021-05-08T13:30:42Z,241.554,2.73,-0.707,0.814,0.753,0.528,0.99,1031.924,-49.625
2021-05-08T13:31:42Z,241.817,2.88,-0.673,0.808,0.799,0.529,0.99,1046.54,-50.016
2021-05-08T13:32:42Z,243.182,3.362,-0.669,0.812,0.769,0.531,0.99,1062.842,-50.137
2021-05-08T13:33:42Z,242.204,2.873,-0.676,0.807,0.802,0.528,0.99,1032.003,-49.79
2021-05-08T13:34:42Z,242.439,2.731,-0.631,0.807,0.81,0.528,0.99,1042.856,-50.023
2021-05-08T13:35:42Z,247.27,7.939,-0.636,0.877,0.368,0.336,0.98,369.307,-44.149
2021-05-08T13:36:42Z,241.898,2.454,-0.64,0.825,0.682,0.515,0.99,971.204,-49.171
2021-05-08T13:37:42Z,241.894,2.63,-0.656,0.814,0.761,0.522,0.991,1018.215,-49.881
2021-05-08T13:38:42Z,241.846,2.4,-0.616,0.82,0.714,0.523,0.991,1036.466,-50.353
2021-05-08T13:39:42Z,241.694,2.818,-0.695,0.811,0.777,0.525,0.991,1011.854,-49.532
2021-05-08T13:40:42Z,241.478,2.675,-0.688,0.811,0.778,0.522,0.991,1007.712,-49.548
2021-05-08T13:41:42Z,241.629,2.681,-0.672,0.818,0.728,0.525,0.991,1030.712,-49.937
2021-05-08T13:42:42Z,243.017,3.325,-0.653,0.8,0.853,0.526,0.99,1039.589,-49.964
2021-05-08T13:43:42Z,241.534,2.422,-0.651,0.817,0.734,0.528,0.99,1062.974,-50.215
2021-05-08T13:44:42Z,241.484,2.522,-0.659,0.812,0.771,0.528,0.99,1045.762,-50.098
2021-05-08T13:45:42Z,242.048,2.51,-0.65,0.803,0.831,0.527,0.99,1043.405,-50.116
2021-05-08T13:46:42Z,241.737,2.976,-0.708,0.808,0.782,0.528,0.991,1022.468,-49.551
2021-05-08T13:47:42Z,242.59,4.133,-0.687,0.804,0.823,0.527,0.99,1001.637,-49.425
2021-05-08T13:48:42Z,241.588,2.64,-0.67,0.801,0.841,0.528,0.991,1044.028,-50.004
2021-05-08T13:49:42Z,241.826,2.776,-0.695,0.813,0.75,0.523,0.99,985.494,-49.378
2021-05-08T13:50:42Z,241.465,2.737,-0.714,0.805,0.8,0.523,0.99,985.434,-49.412
2021-05-08T13:51:42Z,242.042,2.859,-0.721,0.814,0.744,0.516,0.99,949.982,-48.88
2021-05-08T13:52:42Z,242.196,2.425,-0.648,0.809,0.792,0.526,0.991,1045.475,-50.068
2021-05-08T13:53:42Z,241.998,2.621,-0.642,0.82,0.719,0.519,0.99,1006.0,-49.698
2021-05-08T13:54:42Z,241.711,2.495,-0.661,0.806,0.808,0.526,0.991,1044.023,-50.148
2021-05-08T13:55:42Z,241.599,2.717,-0.676,0.804,0.827,0.524,0.99,1027.373,-49.915
2021-05-08T13:56:42Z,241.382,2.587,-0.68,0.811,0.776,0.528,0.99,1045.421,-49.958
2021-05-08T13:57:42Z,241.555,2.681,-0.66,0.807,0.808,0.53,0.99,1060.43,-50.238
2021-05-08T13:58:42Z,241.593,2.792,-0.677,0.806,0.813,0.526,0.991,1034.45,-49.814
2021-05-08T13:59:42Z,241.98,2.568,-0.675,0.811,0.773,0.525,0.991,1030.201,-49.915
2021-05-08T14:00:42Z,241.648,2.624,-0.699,0.8,0.841,0.526,0.991,1015.875,-49.652
2021-05-08T14:01:42Z,241.631,2.549,-0.679,0.814,0.753,0.514,0.99,965.892,-49.718
2021-05-08T14:02:42Z,241.422,3.809,-0.654,0.886,0.254,0.403,0.988,507.121,-46.126
2021-05-08T14:03:42Z,241.328,3.078,-0.696,0.865,0.461,0.42,0.989,555.845,-46.257
2021-05-08T14:04:42Z,241.946,2.7,-0.708,0.813,0.757,0.521,0.991,1000.391,-49.502
2021-05-08T14:05:42Z,241.668,2.51,-0.676,0.808,0.797,0.526,0.991,1041.636,-50.157
2021-05-08T14:06:42Z,241.748,2.485,-0.688,0.809,0.786,0.525,0.99,1032.951,-49.974
2021-05-08T14:07:42Z,242.173,2.966,-0.712,0.799,0.849,0.528,0.99,1019.799,-49.432
2021-05-08T14:08:42Z,242.103,2.705,-0.696,0.81,0.789,0.524,0.99,1009.532,-49.597
2021-05-08T14:09:42Z,241.991,2.644,-0.698,0.811,0.78,0.523,0.99,1002.754,-49.44
2021-05-08T14:10:42Z,241.868,2.484,-0.672,0.805,0.823,0.522,0.991,999.192,-49.72
2021-05-08T14:11:42Z,241.548,2.799,-0.709,0.858,0.511,0.415,0.985,546.679,-46.497
2021-05-08T14:12:42Z,241.878,2.842,-0.7,0.802,0.835,0.522,0.991,1003.759,-49.497
2021-05-08T14:13:42Z,241.825,2.643,-0.711,0.813,0.764,0.514,0.99,989.229,-49.267
2021-05-08T14:14:42Z,241.702,2.424,-0.676,0.809,0.79,0.516,0.99,1001.496,-49.994
2021-05-08T14:15:42Z,242.337,2.2,-0.642,0.818,0.718,0.517,0.99,1052.798,-49.548
2021-05-08T14:16:42Z,242.947,2.476,-0.648,0.818,0.726,0.509,0.99,992.452,-49.029
2021-05-08T14:17:42Z,242.226,2.272,-0.638,0.818,0.725,0.517,0.99,1005.731,-50.253
2021-05-08T14:18:42Z,241.958,2.326,-0.654,0.816,0.734,0.513,0.99,992.519,-50.115
2021-05-08T14:19:42Z,241.723,2.378,-0.654,0.815,0.739,0.524,0.99,1027.519,-50.354
2021-05-08T14:20:42Z,241.565,2.282,-0.663,0.81,0.778,0.52,0.99,1021.282,-50.354
2021-05-08T14:21:42Z,241.654,2.463,-0.663,0.811,0.773,0.525,0.99,1041.909,-50.327
2021-05-08T14:22:42Z,242.025,2.501,-0.713,0.809,0.779,0.527,0.99,1045.75,-49.973
2021-05-08T14:23:42Z,241.961,2.66,-0.692,0.808,0.789,0.526,0.991,1031.581,-50.056
2021-05-08T14:24:42Z,241.738,2.26,-0.662,0.817,0.727,0.518,0.99,1005.685,-50.258
2021-05-08T14:25:42Z,241.835,2.417,-0.674,0.806,0.808,0.517,0.99,1007.485,-49.994
2021-05-08T14:26:42Z,241.6,2.475,-0.663,0.811,0.778,0.506,0.99,958.794,-49.558
2021-05-08T14:27:42Z,241.769,2.552,-0.681,0.821,0.697,0.521,0.991,1028.11,-49.854
2021-05-08T14:28:42Z,241.806,2.62,-0.696,0.8,0.847,0.523,0.991,1012.749,-49.694
2021-05-08T14:29:42Z,241.192,2.835,-0.715,0.809,0.784,0.516,0.99,954.896,-49.054
2021-05-08T14:30:42Z,241.557,2.601,-0.681,0.809,0.783,0.521,0.99,1013.454,-49.756
2021-05-08T14:31:42Z,242.407,2.493,-0.662,0.81,0.782,0.514,0.99,1000.094,-49.883
2021-05-08T14:32:42Z,241.939,2.297,-0.685,0.815,0.735,0.522,0.99,1022.975,-50.149
2021-05-08T14:33:42Z,241.619,2.33,-0.678,0.813,0.755,0.513,0.99,986.025,-49.875
2021-05-08T14:34:42Z,241.93,2.237,-0.664,0.815,0.741,0.523,0.99,1034.475,-50.063
2021-05-08T14:35:42Z,241.926,2.128,-0.658,0.821,0.695,0.514,0.99,1000.869,-49.978
2021-05-08T14:36:42Z,241.775,2.291,-0.671,0.813,0.753,0.521,0.99,1029.265,-50.212
2021-05-08T14:37:42Z,243.59,2.169,-0.663,0.817,0.729,0.522,0.99,1034.3,-50.352
2021-05-08T14:38:42Z,242.149,2.124,-0.659,0.812,0.759,0.521,0.99,1026.781,-50.461
2021-05-08T14:39:42Z,241.737,2.178,-0.67,0.816,0.737,0.521,0.99,1024.16,-50.371
2021-05-08T14:40:42Z,241.865,2.253,-0.656,0.814,0.746,0.522,0.99,1040.171,-50.484
2021-05-08T14:41:42Z,241.911,2.166,-0.687,0.817,0.722,0.52,0.99,1022.277,-49.935
2021-05-08T14:42:42Z,242.604,1.996,-0.637,0.81,0.782,0.518,0.99,1067.104,-49.78
2021-05-08T14:43:42Z,242.238,2.208,-0.643,0.82,0.712,0.516,0.99,1007.301,-49.995
2021-05-08T14:44:42Z,242.093,2.147,-0.589,0.819,0.718,0.52,0.99,1116.816,-49.358
2021-05-08T14:45:42Z,242.048,2.413,-0.69,0.811,0.767,0.514,0.99,972.699,-49.404
2021-05-08T14:46:42Z,241.476,2.205,-0.669,0.814,0.743,0.52,0.99,1016.288,-50.273
2021-05-08T14:47:42Z,242.519,1.947,-0.648,0.827,0.66,0.521,0.99,1107.218,-49.443
2021-05-08T14:48:42Z,243.384,2.302,-0.639,0.814,0.755,0.514,0.99,1059.265,-49.194
2021-05-08T14:49:42Z,241.781,2.153,-0.67,0.81,0.778,0.519,0.99,1027.354,-50.034
2021-05-08T14:50:42Z,241.772,2.162,-0.665,0.823,0.681,0.524,0.99,1038.475,-50.385
2021-05-08T14:51:42Z,242.259,2.015,-0.661,0.819,0.707,0.522,0.99,1069.62,-50.058
2021-05-08T14:52:42Z,241.785,2.181,-0.666,0.812,0.76,0.517,0.99,1011.627,-50.148
2021-05-08T14:53:42Z,241.97,2.138,-0.685,0.808,0.788,0.52,0.991,1019.449,-50.203
2021-05-08T14:54:42Z,241.353,2.405,-0.696,0.812,0.761,0.511,0.991,969.977,-49.685
2021-05-08T14:55:42Z,241.846,2.217,-0.687,0.816,0.733,0.517,0.99,1008.441,-49.873
2021-05-08T14:56:42Z,243.047,4.576,-0.674,0.818,0.722,0.518,0.99,1017.527,-50.016
2021-05-08T14:57:42Z,241.796,2.211,-0.69,0.815,0.732,0.517,0.99,1017.33,-49.919
2021-05-08T14:58:42Z,241.903,2.192,-0.674,0.818,0.719,0.516,0.99,1011.698,-50.218
2021-05-08T14:59:42Z,241.644,2.232,-0.671,0.813,0.761,0.522,0.991,1027.04,-50.243
2021-05-08T15:00:42Z,242.905,2.25,-0.7,0.812,0.764,0.517,0.99,1005.52,-49.725
2021-05-08T15:01:42Z,242.628,2.198,-0.693,0.813,0.747,0.518,0.99,1016.382,-49.645
2021-05-08T15:02:42Z,243.815,4.015,-0.656,0.822,0.692,0.51,0.99,981.58,-49.743
2021-05-08T15:03:42Z,241.962,2.267,-0.679,0.827,0.663,0.51,0.99,960.207,-49.677
2021-05-08T15:04:42Z,241.578,2.184,-0.701,0.816,0.728,0.517,0.99,985.664,-49.836
2021-05-08T15:05:42Z,242.467,2.599,-0.667,0.818,0.723,0.515,0.99,994.538,-50.018
2021-05-08T15:06:42Z,241.645,2.213,-0.697,0.813,0.753,0.513,0.99,971.674,-49.773
2021-05-08T15:07:42Z,241.73,2.379,-0.7,0.814,0.748,0.509,0.991,953.044,-49.563
2021-05-08T15:08:42Z,241.635,2.178,-0.695,0.815,0.743,0.513,0.991,997.632,-49.888
2021-05-08T15:09:42Z,241.602,2.194,-0.683,0.815,0.739,0.518,0.99,1023.708,-50.1
2021-05-08T15:10:42Z,241.571,2.218,-0.683,0.818,0.718,0.509,0.99,963.926,-49.579
2021-05-08T15:11:42Z,241.631,2.275,-0.694,0.818,0.713,0.51,0.99,944.734,-49.517
2021-05-08T15:12:42Z,241.433,2.174,-0.681,0.817,0.728,0.515,0.99,998.704,-50.075
2021-05-08T15:13:42Z,241.303,2.501,-0.735,0.815,0.738,0.513,0.99,971.36,-49.372
2021-05-08T15:14:42Z,241.568,2.51,-0.717,0.811,0.773,0.524,0.991,1019.478,-49.748
2021-05-08T15:15:42Z,241.822,2.535,-0.733,0.799,0.848,0.527,0.991,1032.95,-49.589
2021-05-08T15:16:42Z,241.716,2.463,-0.713,0.806,0.803,0.52,0.991,1010.014,-49.624
2021-05-08T15:17:42Z,241.546,2.407,-0.732,0.817,0.723,0.521,0.99,1015.968,-49.607
2021-05-08T15:18:42Z,241.565,2.573,-0.739,0.812,0.762,0.517,0.99,1007.349,-49.268
2021-05-08T15:19:42Z,242.21,2.375,-0.721,0.813,0.753,0.509,0.99,971.686,-49.219
2021-05-08T15:20:42Z,241.748,2.458,-0.723,0.816,0.734,0.51,0.99,971.194,-49.265
2021-05-08T15:21:42Z,241.906,2.226,-0.694,0.814,0.748,0.514,0.99,984.983,-49.718
2021-05-08T15:22:42Z,241.519,2.259,-0.695,0.81,0.778,0.515,0.99,973.368,-49.586
2021-05-08T15:23:42Z,241.639,2.378,-0.738,0.814,0.748,0.516,0.99,993.01,-49.239
2021-05-08T15:24:42Z,241.946,2.993,-0.738,0.82,0.699,0.516,0.99,967.21,-48.65
2021-05-08T15:25:42Z,241.526,2.442,-0.719,0.819,0.715,0.515,0.991,975.779,-48.995
2021-05-08T15:26:42Z,241.757,2.444,-0.709,0.815,0.744,0.519,0.991,996.627,-49.329
2021-05-08T15:27:42Z,241.522,2.52,-0.738,0.811,0.771,0.521,0.991,992.559,-49.214
2021-05-08T15:28:42Z,241.649,2.801,-0.746,0.805,0.807,0.513,0.991,955.849,-48.865
2021-05-08T15:29:42Z,241.686,2.639,-0.738,0.815,0.736,0.518,0.991,983.962,-49.126
2021-05-08T15:30:42Z,241.855,2.586,-0.728,0.806,0.799,0.52,0.991,987.646,-49.225
2021-05-08T15:31:42Z,241.343,2.679,-0.733,0.814,0.753,0.513,0.991,967.568,-49.07
2021-05-08T15:32:42Z,241.773,2.747,-0.737,0.808,0.792,0.514,0.991,973.576,-49.005
2021-05-08T15:33:42Z,241.881,2.588,-0.709,0.809,0.786,0.518,0.991,1003.366,-49.433
2021-05-08T15:34:42Z,241.91,2.587,-0.724,0.824,0.675,0.513,0.991,1000.219,-49.288
2021-05-08T15:35:42Z,241.657,2.546,-0.732,0.815,0.742,0.513,0.991,982.38,-49.233
2021-05-08T15:36:42Z,242.351,2.404,-0.692,0.82,0.709,0.516,0.991,1006.089,-49.764
2021-05-08T15:37:42Z,241.69,2.607,-0.709,0.811,0.77,0.514,0.991,979.281,-49.197
2021-05-08T15:38:42Z,241.475,2.43,-0.706,0.813,0.758,0.511,0.991,964.336,-49.349
2021-05-08T15:39:42Z,241.714,2.507,-0.735,0.807,0.798,0.514,0.991,979.676,-49.29
2021-05-08T15:40:42Z,241.96,2.565,-0.723,0.833,0.638,0.518,0.991,992.308,-49.407
2021-05-08T15:41:42Z,241.425,2.567,-0.731,0.803,0.824,0.511,0.991,964.32,-49.102
2021-05-08T15:42:42Z,241.64,2.606,-0.73,0.812,0.765,0.516,0.991,1004.843,-49.357
2021-05-08T15:43:42Z,242.057,2.411,-0.737,0.803,0.827,0.513,0.991,983.939,-49.214
2021-05-08T15:44:42Z,242.13,2.361,-0.727,0.817,0.726,0.508,0.99,980.664,-49.006
2021-05-08T15:45:42Z,241.766,2.471,-0.713,0.817,0.737,0.508,0.991,959.553,-49.341
2021-05-08T15:46:42Z,241.175,2.464,-0.737,0.808,0.795,0.509,0.991,959.689,-49.099
2021-05-08T15:47:42Z,241.439,2.588,-0.71,0.807,0.803,0.513,0.991,982.386,-49.311
2021-05-08T15:48:42Z,241.657,2.485,-0.727,0.816,0.74,0.513,0.991,979.324,-49.231
2021-05-08T15:49:42Z,241.642,2.403,-0.698,0.804,0.82,0.519,0.991,1008.64,-49.502
2021-05-08T15:50:42Z,241.804,2.527,-0.753,0.808,0.789,0.517,0.991,1008.704,-49.076
2021-05-08T15:51:42Z,241.781,2.49,-0.725,0.817,0.73,0.515,0.99,988.598,-49.245
2021-05-08T15:52:42Z,241.663,2.4,-0.726,0.813,0.758,0.51,0.991,968.998,-49.282
2021-05-08T15:53:42Z,241.743,2.405,-0.724,0.811,0.773,0.513,0.991,988.349,-49.399
2021-05-08T15:54:42Z,241.803,2.438,-0.709,0.81,0.784,0.513,0.991,979.259,-49.448
2021-05-08T15:55:42Z,241.701,2.6,-0.713,0.809,0.786,0.511,0.99,968.679,-49.169
2021-05-08T15:56:42Z,241.815,2.681,-0.714,0.814,0.754,0.515,0.991,971.76,-48.916
2021-05-08T15:57:42Z,241.387,2.745,-0.747,0.807,0.799,0.509,0.991,930.627,-48.447
2021-05-08T15:58:42Z,241.497,2.822,-0.758,0.805,0.81,0.508,0.991,937.751,-48.395
2021-05-08T15:59:42Z,242.774,2.735,-0.724,0.808,0.798,0.511,0.99,954.79,-48.751
2021-05-08T16:00:42Z,241.749,2.821,-0.764,0.811,0.771,0.51,0.991,930.101,-48.204
2021-05-08T16:01:42Z,241.387,2.72,-0.725,0.817,0.731,0.511,0.991,956.02,-48.901
2021-05-08T16:02:42Z,241.37,2.76,-0.738,0.811,0.774,0.509,0.991,961.953,-48.921
2021-05-08T16:03:42Z,263.468,14.872,-0.377,0.861,0.513,0.525,0.986,1086.633,-47.337
2021-05-08T16:04:42Z,242.217,2.35,-0.699,0.818,0.727,0.496,0.99,931.884,-48.899
2021-05-08T16:05:42Z,241.618,2.63,-0.721,0.813,0.762,0.505,0.991,937.628,-48.939
2021-05-08T16:06:42Z,241.552,2.391,-0.717,0.812,0.764,0.508,0.99,972.474,-49.258
2021-05-08T16:07:42Z,241.458,2.454,-0.7,0.819,0.717,0.499,0.99,943.838,-49.134
2021-05-08T16:08:42Z,241.965,2.207,-0.711,0.817,0.729,0.505,0.99,946.674,-49.333
2021-05-08T16:09:42Z,241.56,2.431,-0.711,0.817,0.734,0.505,0.991,953.334,-49.319
2021-05-08T16:10:42Z,241.949,2.444,-0.713,0.813,0.757,0.503,0.99,941.04,-49.119
2021-05-08T16:11:42Z,242.446,3.062,-0.708,0.817,0.736,0.499,0.99,910.099,-49.043
2021-05-08T16:12:42Z,241.7,2.346,-0.713,0.814,0.754,0.503,0.991,948.521,-49.353
2021-05-08T16:13:42Z,241.523,2.167,-0.68,0.816,0.746,0.503,0.99,945.032,-49.437
2021-05-08T16:14:42Z,241.771,2.326,-0.708,0.806,0.807,0.509,0.991,971.353,-49.613
2021-05-08T16:15:42Z,241.668,2.572,-0.72,0.817,0.735,0.502,0.99,935.157,-49.021
2021-05-08T16:16:42Z,241.87,2.38,-0.709,0.814,0.749,0.51,0.99,967.622,-49.455
2021-05-08T16:17:42Z,241.373,2.48,-0.724,0.82,0.706,0.492,0.99,890.879,-48.453
2021-05-08T16:18:42Z,241.529,2.463,-0.709,0.814,0.755,0.503,0.99,959.987,-49.363
2021-05-08T16:19:42Z,242.119,2.488,-0.702,0.816,0.745,0.501,0.991,941.988,-49.353
2021-05-08T16:20:42Z,241.609,2.358,-0.708,0.821,0.701,0.505,0.99,959.503,-49.306
2021-05-08T16:21:42Z,241.332,2.248,-0.706,0.818,0.725,0.498,0.99,916.761,-49.069
2021-05-08T16:22:42Z,241.631,2.239,-0.664,0.815,0.752,0.508,0.99,967.409,-49.909
2021-05-08T16:23:42Z,241.725,2.222,-0.676,0.816,0.747,0.505,0.99,932.428,-49.563
2021-05-08T16:24:42Z,241.378,2.326,-0.701,0.817,0.733,0.501,0.991,918.899,-49.169
2021-05-08T16:25:42Z,244.656,8.271,-0.591,0.797,0.878,0.512,0.99,1009.887,-48.861
2021-05-08T16:26:42Z,241.427,2.41,-0.723,0.823,0.681,0.505,0.991,951.08,-49.098
2021-05-08T16:27:42Z,251.086,9.114,-0.62,0.814,0.766,0.515,0.99,1005.493,-49.047
2021-05-08T16:28:42Z,241.636,2.371,-0.709,0.816,0.743,0.507,0.99,959.801,-49.371
2021-05-08T16:29:42Z,241.801,2.268,-0.686,0.822,0.69,0.507,0.99,996.63,-49.325
2021-05-08T16:30:42Z,246.19,6.532,-0.676,0.826,0.678,0.507,0.99,983.731,-49.333
2021-05-08T16:31:42Z,241.848,2.173,-0.715,0.817,0.732,0.505,0.991,968.173,-49.159
2021-05-08T16:32:42Z,241.87,2.292,-0.722,0.818,0.72,0.505,0.991,959.465,-49.244
2021-05-08T16:33:42Z,241.588,2.346,-0.721,0.814,0.756,0.503,0.99,944.067,-49.233
2021-05-08T16:34:42Z,242.108,2.309,-0.686,0.821,0.7,0.509,0.99,971.126,-49.583
2021-05-08T16:35:42Z,244.772,4.151,-0.706,0.808,0.802,0.51,0.99,972.224,-49.446
2021-05-08T16:36:42Z,241.388,2.264,-0.716,0.819,0.712,0.503,0.99,951.26,-49.329
2021-05-08T16:37:42Z,241.808,2.281,-0.723,0.815,0.744,0.502,0.99,940.337,-49.185
2021-05-08T16:38:42Z,241.662,2.404,-0.71,0.815,0.749,0.5,0.991,933.906,-49.141
2021-05-08T16:39:42Z,241.475,2.455,-0.73,0.811,0.773,0.505,0.991,941.376,-49.106
2021-05-08T16:40:42Z,241.33,2.458,-0.724,0.81,0.776,0.509,0.991,968.86,-49.269
2021-05-08T16:41:42Z,241.579,2.498,-0.725,0.809,0.789,0.508,0.991,964.107,-49.141
2021-05-08T16:42:42Z,241.495,2.379,-0.71,0.821,0.693,0.502,0.99,949.408,-49.173
2021-05-08T16:43:42Z,241.851,2.565,-0.712,0.819,0.714,0.505,0.991,961.191,-49.318
2021-05-08T16:44:42Z,241.506,2.363,-0.711,0.813,0.76,0.505,0.991,962.258,-49.443
2021-05-08T16:45:42Z,241.407,2.488,-0.709,0.812,0.773,0.506,0.99,963.489,-49.336
2021-05-08T16:46:42Z,241.495,2.368,-0.697,0.815,0.749,0.504,0.991,954.891,-49.504
2021-05-08T16:47:42Z,241.948,2.377,-0.7,0.814,0.76,0.507,0.991,963.485,-49.489
2021-05-08T16:48:42Z,241.926,2.351,-0.686,0.842,0.602,0.424,0.986,584.927,-47.267
2021-05-08T16:49:42Z,243.95,2.584,-0.713,0.836,0.631,0.437,0.988,632.071,-47.107
2021-05-08T16:50:42Z,241.72,2.54,-0.698,0.81,0.779,0.508,0.991,983.728,-49.516
2021-05-08T16:51:42Z,241.681,2.32,-0.673,0.815,0.744,0.504,0.99,988.658,-49.739
2021-05-08T16:52:42Z,241.596,2.362,-0.671,0.821,0.702,0.495,0.99,912.581,-49.425
2021-05-08T16:53:42Z,258.914,7.735,-0.69,0.899,0.019,0.206,0.944,136.118,-31.237
2021-05-08T16:54:42Z,241.661,2.404,-0.701,0.827,0.658,0.448,0.989,670.564,-47.776
2021-05-08T16:55:42Z,242.343,2.273,-0.676,0.816,0.741,0.502,0.99,1002.524,-48.72
2021-05-08T16:56:42Z,242.229,2.316,-0.644,0.821,0.706,0.501,0.99,1012.54,-48.657
2021-05-08T16:57:42Z,241.509,2.51,-0.688,0.817,0.73,0.498,0.991,929.037,-49.212
2021-05-08T16:58:42Z,241.738,2.567,-0.68,0.817,0.728,0.508,0.99,977.888,-49.718
2021-05-08T16:59:42Z,241.764,2.41,-0.683,0.819,0.717,0.501,0.99,954.41,-49.519
2021-05-08T17:00:42Z,242.006,2.566,-0.699,0.824,0.68,0.485,0.99,859.233,-48.912
2021-05-08T17:01:42Z,242.223,5.593,-0.614,0.897,0.082,0.239,0.97,185.663,-40.373
2021-05-08T17:02:42Z,241.751,3.018,-0.656,0.872,0.406,0.373,0.981,449.64,-46.048
2021-05-08T17:03:42Z,242.009,2.268,-0.681,0.819,0.719,0.503,0.991,939.854,-49.502
2021-05-08T17:04:42Z,241.942,2.656,-0.696,0.815,0.748,0.504,0.991,950.153,-49.313
2021-05-08T17:05:42Z,241.596,2.502,-0.691,0.82,0.715,0.489,0.991,866.201,-48.837
2021-05-08T17:06:42Z,241.612,2.736,-0.678,0.81,0.778,0.499,0.991,924.794,-49.176
2021-05-08T17:07:42Z,241.683,3.823,-0.68,0.813,0.767,0.502,0.99,949.69,-49.122
2021-05-08T17:08:42Z,242.645,5.144,-0.662,0.893,0.159,0.258,0.974,208.439,-39.664
2021-05-08T17:09:42Z,241.373,2.457,-0.654,0.88,0.324,0.322,0.977,354.156,-44.676
2021-05-08T17:10:42Z,241.659,2.432,-0.663,0.818,0.732,0.507,0.991,978.268,-49.75
2021-05-08T17:11:42Z,241.327,2.572,-0.648,0.819,0.717,0.501,0.991,986.228,-49.436
2021-05-08T17:12:42Z,241.489,2.633,-0.667,0.813,0.761,0.509,0.991,984.056,-49.786
2021-05-08T17:13:42Z,242.698,2.379,-0.618,0.831,0.646,0.502,0.99,1002.731,-48.732
2021-05-08T17:14:42Z,241.91,2.678,-0.637,0.821,0.709,0.499,0.991,938.423,-49.404
2021-05-08T17:15:42Z,241.906,2.454,-0.622,0.826,0.671,0.503,0.99,981.211,-49.427
2021-05-08T17:16:42Z,241.912,2.424,-0.62,0.816,0.744,0.512,0.991,1026.692,-49.935
2021-05-08T17:17:42Z,241.853,2.523,-0.664,0.821,0.704,0.507,0.991,985.611,-49.594
2021-05-08T17:18:42Z,242.076,2.498,-0.636,0.823,0.688,0.509,0.99,1000.569,-49.633
2021-05-08T17:19:42Z,242.455,2.525,-0.64,0.822,0.692,0.507,0.99,986.266,-49.132
2021-05-08T17:20:42Z,241.894,2.565,-0.65,0.822,0.702,0.499,0.991,948.227,-49.36
2021-05-08T17:21:42Z,241.703,2.678,-0.633,0.822,0.698,0.494,0.991,922.869,-49.415
2021-05-08T17:22:42Z,241.946,2.65,-0.619,0.824,0.685,0.503,0.991,969.059,-49.678
2021-05-08T17:23:42Z,241.546,2.922,-0.655,0.814,0.756,0.501,0.991,946.634,-49.041
2021-05-08T17:24:42Z,241.657,2.731,-0.669,0.818,0.73,0.506,0.991,970.571,-49.431
2021-05-08T17:25:42Z,241.863,2.511,-0.648,0.817,0.735,0.504,0.991,970.466,-49.566
2021-05-08T17:26:42Z,243.725,2.587,-0.612,0.837,0.622,0.498,0.988,1037.91,-47.887
2021-05-08T17:27:42Z,241.668,3.018,-0.662,0.811,0.78,0.518,0.991,1019.977,-49.505
2021-05-08T17:28:42Z,241.882,2.621,-0.596,0.816,0.753,0.521,0.99,1081.67,-50.004
2021-05-08T17:29:42Z,242.084,2.646,-0.592,0.82,0.721,0.514,0.991,1040.575,-50.009
2021-05-08T17:30:42Z,242.823,2.351,-0.569,0.815,0.757,0.521,0.99,1137.473,-48.802
2021-05-08T17:31:42Z,242.095,2.362,-0.5,0.826,0.682,0.511,0.99,1135.939,-48.601
2021-05-08T17:32:42Z,242.305,2.708,-0.599,0.824,0.684,0.511,0.99,1014.07,-49.682
2021-05-08T17:33:42Z,243.02,2.189,-0.573,0.841,0.606,0.513,0.989,1121.551,-48.58
2021-05-08T17:34:42Z,242.72,2.245,-0.554,0.815,0.754,0.52,0.99,1145.552,-48.361
2021-05-08T17:35:42Z,242.147,2.725,-0.581,0.82,0.719,0.51,0.991,1058.628,-49.553
2021-05-08T17:36:42Z,242.641,2.733,-0.578,0.814,0.767,0.51,0.99,1037.619,-49.124
2021-05-08T17:37:42Z,242.764,2.256,-0.508,0.817,0.749,0.531,0.99,1260.206,-48.905
2021-05-08T17:38:42Z,242.337,2.941,-0.596,0.821,0.716,0.515,0.99,1016.058,-49.417
2021-05-08T17:39:42Z,242.005,2.93,-0.594,0.818,0.738,0.52,0.99,1055.487,-50.216
2021-05-08T17:40:42Z,242.735,1.937,-0.448,0.816,0.764,0.536,0.988,1339.413,-47.977
2021-05-08T17:41:42Z,241.727,2.588,-0.516,0.823,0.699,0.515,0.99,1058.662,-48.797
2021-05-08T17:42:42Z,242.286,2.525,-0.535,0.818,0.745,0.524,0.989,1160.802,-48.814
2021-05-08T17:43:42Z,242.947,2.491,-0.487,0.823,0.711,0.531,0.99,1315.334,-48.139
2021-05-08T17:44:42Z,242.769,2.408,-0.519,0.82,0.729,0.532,0.99,1238.897,-49.243
2021-05-08T17:45:42Z,242.144,2.097,-0.525,0.823,0.707,0.525,0.99,1174.539,-48.716
2021-05-08T17:46:42Z,242.624,2.622,-0.555,0.818,0.745,0.515,0.99,1083.327,-49.165
2021-05-08T17:47:42Z,242.472,2.73,-0.515,0.838,0.623,0.517,0.989,1159.662,-48.058
2021-05-08T17:48:42Z,242.407,2.338,-0.523,0.815,0.766,0.523,0.989,1245.243,-47.918
2021-05-08T17:49:42Z,243.887,2.324,-0.498,0.822,0.72,0.543,0.989,1400.251,-48.68
2021-05-08T17:50:42Z,242.943,2.671,-0.456,0.813,0.798,0.535,0.989,1322.204,-48.209
2021-05-08T17:51:42Z,242.247,2.703,-0.566,0.813,0.779,0.524,0.99,1109.715,-49.838
2021-05-08T17:52:42Z,242.2,2.638,-0.577,0.815,0.758,0.516,0.99,1096.222,-49.026
2021-05-08T17:53:42Z,242.987,2.384,-0.566,0.823,0.699,0.516,0.99,1067.815,-49.687
2021-05-08T17:54:42Z,242.444,2.481,-0.534,0.821,0.72,0.518,0.99,1099.216,-49.227
2021-05-08T17:55:42Z,242.827,2.194,-0.504,0.811,0.792,0.536,0.99,1252.9,-48.764
2021-05-08T17:56:42Z,242.816,1.922,-0.477,0.825,0.683,0.547,0.989,1505.96,-48.223
2021-05-08T17:57:42Z,242.623,2.108,-0.503,0.816,0.758,0.538,0.99,1315.622,-48.632
2021-05-08T17:58:42Z,242.544,2.328,-0.503,0.819,0.739,0.522,0.99,1172.599,-48.836
2021-05-08T17:59:42Z,242.788,2.17,-0.458,0.827,0.667,0.529,0.99,1313.057,-47.692
2021-05-08T18:00:42Z,242.351,2.345,-0.512,0.817,0.755,0.519,0.99,1141.067,-48.871
2021-05-08T18:01:42Z,242.126,2.254,-0.479,0.821,0.721,0.537,0.99,1300.994,-48.348
2021-05-08T18:02:42Z,243.228,2.164,-0.423,0.812,0.798,0.542,0.99,1439.597,-48.104
2021-05-08T18:03:42Z,242.947,2.265,-0.357,0.824,0.713,0.552,0.988,1597.662,-47.387
2021-05-08T18:04:42Z,242.644,2.435,-0.487,0.822,0.716,0.527,0.99,1229.911,-49.048
2021-05-08T18:05:42Z,242.162,2.245,-0.502,0.81,0.8,0.529,0.99,1236.961,-48.775
2021-05-08T18:06:42Z,242.369,2.104,-0.465,0.819,0.738,0.529,0.99,1248.42,-48.541
2021-05-08T18:07:42Z,242.214,2.07,-0.488,0.813,0.787,0.524,0.99,1196.044,-48.154
2021-05-08T18:08:42Z,242.075,2.082,-0.492,0.822,0.709,0.532,0.99,1277.023,-48.69
2021-05-08T18:09:42Z,242.862,2.916,-0.568,0.813,0.779,0.516,0.99,1081.898,-49.135
2021-05-08T18:10:42Z,243.592,2.454,-0.487,0.831,0.649,0.518,0.989,1216.123,-48.235
2021-05-08T18:11:42Z,242.164,3.19,-0.596,0.81,0.804,0.52,0.99,1049.261,-49.767
2021-05-08T18:12:42Z,243.275,2.223,-0.527,0.82,0.722,0.535,0.989,1307.71,-48.917
2021-05-08T18:13:42Z,242.775,2.548,-0.511,0.832,0.641,0.488,0.989,991.659,-47.141
2021-05-08T18:14:42Z,242.271,2.859,-0.531,0.83,0.651,0.511,0.99,1011.216,-49.161
2021-05-08T18:15:42Z,253.107,6.503,-0.495,0.899,0.022,0.201,0.926,138.532,-36.258
2021-05-08T18:16:42Z,243.178,2.556,-0.53,0.9,0.0,0.202,0.951,141.311,-38.887
2021-05-08T18:17:42Z,242.895,2.136,-0.486,0.823,0.704,0.516,0.99,1168.887,-48.639
2021-05-08T18:18:42Z,242.255,1.969,-0.427,0.821,0.727,0.544,0.99,1346.259,-48.571
2021-05-08T18:19:42Z,241.91,2.438,-0.439,0.813,0.789,0.533,0.99,1286.417,-48.613
2021-05-08T18:20:42Z,242.172,2.226,-0.489,0.816,0.751,0.544,0.99,1327.767,-48.481
2021-05-08T18:21:42Z,353.092,13.739,0.364,0.888,0.137,0.493,0.979,2131.82,-44.13
2021-05-08T18:22:42Z,243.642,3.08,-0.471,0.892,0.164,0.321,0.981,418.206,-42.565
2021-05-08T18:23:42Z,245.644,4.049,-0.455,0.849,0.577,0.5,0.988,1108.127,-48.079
2021-05-08T18:24:42Z,243.397,2.584,-0.479,0.881,0.318,0.406,0.981,698.007,-46.102
2021-05-08T18:25:42Z,248.23,1.994,-0.453,0.829,0.659,0.532,0.99,1329.098,-48.034
2021-05-08T18:26:42Z,242.353,3.191,-0.537,0.816,0.765,0.52,0.99,1089.692,-49.26
2021-05-08T18:27:42Z,242.002,3.167,-0.556,0.896,0.107,0.316,0.979,349.936,-43.892
2021-05-08T18:28:42Z,242.015,3.126,-0.561,0.815,0.769,0.507,0.99,946.1,-48.913
2021-05-08T18:29:42Z,242.445,2.9,-0.518,0.828,0.67,0.524,0.99,1144.603,-49.472
2021-05-08T18:30:42Z,242.701,2.081,-0.492,0.811,0.802,0.535,0.99,1273.12,-48.866
2021-05-08T18:31:42Z,243.7,2.126,-0.434,0.813,0.784,0.547,0.99,1458.367,-48.488
2021-05-08T18:32:42Z,242.051,2.388,-0.482,0.816,0.76,0.533,0.99,1221.829,-49.099
2021-05-08T18:33:42Z,243.107,2.225,-0.433,0.814,0.777,0.545,0.99,1378.39,-48.824
2021-05-08T18:34:42Z,242.764,2.625,-0.486,0.816,0.759,0.536,0.99,1267.342,-49.034
2021-05-08T18:35:42Z,243.416,2.937,-0.507,0.818,0.755,0.519,0.99,1111.956,-49.058
2021-05-08T18:36:42Z,242.168,2.934,-0.517,0.819,0.739,0.523,0.99,1117.791,-50.159
2021-05-08T18:37:42Z,242.649,3.219,-0.556,0.811,0.8,0.52,0.99,1082.071,-49.545
2021-05-08T18:38:42Z,242.326,2.665,-0.522,0.809,0.812,0.525,0.99,1141.555,-49.837
2021-05-08T18:39:42Z,242.073,2.815,-0.52,0.803,0.852,0.525,0.99,1105.736,-49.826
2021-05-08T18:40:42Z,243.062,2.203,-0.452,0.821,0.726,0.537,0.99,1306.293,-48.586
2021-05-08T18:41:42Z,243.629,3.638,-0.513,0.825,0.693,0.527,0.99,1166.902,-49.199
2021-05-08T18:42:42Z,242.579,2.643,-0.49,0.815,0.773,0.529,0.99,1214.387,-49.158
2021-05-08T18:43:42Z,242.874,2.27,-0.413,0.804,0.84,0.548,0.99,1440.226,-48.931
2021-05-08T18:44:42Z,243.956,2.627,-0.466,0.816,0.766,0.531,0.99,1223.535,-49.585
2021-05-08T18:45:42Z,242.091,2.557,-0.472,0.827,0.681,0.529,0.99,1213.374,-49.542
2021-05-08T18:46:42Z,242.316,3.066,-0.512,0.811,0.807,0.53,0.99,1136.397,-49.942
2021-05-08T18:47:42Z,242.593,2.592,-0.46,0.817,0.753,0.541,0.99,1309.475,-49.475
2021-05-08T18:48:42Z,242.375,2.444,-0.446,0.808,0.826,0.54,0.99,1286.949,-49.018
2021-05-08T18:49:42Z,242.522,2.761,-0.468,0.81,0.812,0.534,0.99,1215.188,-49.835
2021-05-08T18:50:42Z,243.38,2.53,-0.472,0.817,0.748,0.537,0.99,1292.383,-49.418
2021-05-08T18:51:42Z,243.156,2.731,-0.484,0.833,0.639,0.531,0.99,1218.107,-48.932
2021-05-08T18:52:42Z,242.749,2.245,-0.408,0.807,0.821,0.553,0.99,1466.458,-48.45
2021-05-08T18:53:42Z,242.253,2.794,-0.516,0.816,0.765,0.524,0.99,1141.793,-49.403
2021-05-08T18:54:42Z,243.172,2.699,-0.466,0.806,0.836,0.544,0.99,1311.922,-49.463
2021-05-08T18:55:42Z,242.266,2.307,-0.448,0.805,0.844,0.544,0.99,1362.359,-48.677
2021-05-08T18:56:42Z,241.66,3.033,-0.495,0.831,0.646,0.52,0.99,1067.015,-49.76
2021-05-08T18:57:42Z,242.541,2.772,-0.488,0.804,0.851,0.536,0.99,1230.616,-49.551
2021-05-08T18:58:42Z,243.07,2.771,-0.526,0.855,0.536,0.384,0.985,552.762,-45.584
2021-05-08T18:59:42Z,243.475,2.657,-0.453,0.823,0.721,0.546,0.989,1445.577,-48.448
2021-05-08T19:00:42Z,242.761,2.505,-0.5,0.806,0.831,0.533,0.99,1234.293,-49.262
2021-05-08T19:01:42Z,242.508,2.989,-0.501,0.808,0.822,0.527,0.99,1124.475,-49.884
2021-05-08T19:02:42Z,242.839,2.524,-0.456,0.812,0.795,0.545,0.99,1396.678,-48.517
2021-05-08T19:03:42Z,242.664,2.799,-0.504,0.819,0.739,0.534,0.99,1198.947,-49.438
2021-05-08T19:04:42Z,243.271,2.32,-0.411,0.813,0.789,0.549,0.99,1444.752,-48.226
2021-05-08T19:05:42Z,248.745,4.842,-0.326,0.889,0.218,0.395,0.977,759.544,-43.39
2021-05-08T19:06:42Z,242.999,2.658,-0.461,0.842,0.6,0.541,0.99,1267.445,-49.467
2021-05-08T19:07:42Z,242.538,2.474,-0.433,0.82,0.73,0.539,0.99,1287.743,-48.851
2021-05-08T19:08:42Z,242.235,2.976,-0.494,0.81,0.807,0.535,0.99,1182.185,-49.695
2021-05-08T19:09:42Z,242.726,2.469,-0.443,0.809,0.808,0.551,0.99,1369.227,-49.528
2021-05-08T19:10:42Z,242.374,2.469,-0.445,0.794,0.916,0.546,0.99,1286.185,-49.801
2021-05-08T19:11:42Z,242.414,3.166,-0.507,0.807,0.827,0.533,0.99,1130.786,-49.735
2021-05-08T19:12:42Z,241.865,3.617,-0.527,0.799,0.878,0.535,0.991,1107.285,-50.001
2021-05-08T19:13:42Z,242.959,2.787,-0.483,0.819,0.742,0.534,0.99,1188.729,-49.724
2021-05-08T19:14:42Z,241.854,3.359,-0.526,0.796,0.897,0.532,0.99,1100.883,-50.106
2021-05-08T19:15:42Z,242.527,3.098,-0.514,0.797,0.895,0.532,0.99,1130.95,-49.959
2021-05-08T19:16:42Z,242.005,3.285,-0.514,0.806,0.838,0.532,0.99,1125.166,-50.367
2021-05-08T19:17:42Z,242.59,3.372,-0.528,0.804,0.845,0.536,0.99,1130.916,-50.175
2021-05-08T19:18:42Z,242.255,3.022,-0.508,0.809,0.812,0.534,0.99,1178.121,-49.93
2021-05-08T19:19:42Z,242.592,3.309,-0.519,0.798,0.88,0.532,0.991,1126.179,-50.11
2021-05-08T19:20:42Z,242.78,3.241,-0.508,0.8,0.871,0.534,0.99,1170.017,-49.937
2021-05-08T19:21:42Z,242.253,3.057,-0.508,0.808,0.821,0.536,0.99,1160.347,-49.876
2021-05-08T19:22:42Z,241.884,3.595,-0.54,0.805,0.834,0.535,0.99,1119.3,-50.072
2021-05-08T19:23:42Z,241.784,3.516,-0.545,0.797,0.884,0.537,0.991,1132.65,-50.278
2021-05-08T19:24:42Z,241.918,3.691,-0.554,0.795,0.898,0.541,0.991,1138.361,-50.074
2021-05-08T19:25:42Z,241.711,3.553,-0.554,0.794,0.899,0.537,0.991,1128.242,-50.05
2021-05-08T19:26:42Z,241.759,3.379,-0.544,0.807,0.821,0.533,0.991,1119.651,-50.195
2021-05-08T19:27:42Z,241.663,3.647,-0.553,0.798,0.874,0.542,0.991,1142.755,-50.329
2021-05-08T19:28:42Z,241.781,3.317,-0.537,0.807,0.817,0.539,0.991,1160.474,-50.683
2021-05-08T19:29:42Z,241.766,3.413,-0.54,0.8,0.867,0.538,0.991,1133.629,-50.435
2021-05-08T19:30:42Z,241.748,3.529,-0.524,0.802,0.854,0.541,0.99,1142.825,-50.471
2021-05-08T19:31:42Z,241.938,3.475,-0.531,0.804,0.843,0.536,0.99,1125.693,-50.356
2021-05-08T19:32:42Z,242.213,3.565,-0.536,0.804,0.84,0.538,0.991,1128.631,-50.309
2021-05-08T19:33:42Z,241.834,3.378,-0.554,0.794,0.901,0.535,0.991,1127.971,-50.311
2021-05-08T19:34:42Z,241.88,3.32,-0.569,0.804,0.837,0.532,0.991,1117.595,-50.328
2021-05-08T19:35:42Z,242.312,3.461,-0.569,0.84,0.61,0.435,0.985,649.46,-48.304
2021-05-08T19:36:42Z,242.033,3.421,-0.553,0.79,0.926,0.535,0.991,1130.939,-50.41
2021-05-08T19:37:42Z,241.742,3.167,-0.545,0.808,0.815,0.542,0.991,1155.276,-50.681
2021-05-08T19:38:42Z,241.94,3.433,-0.546,0.804,0.833,0.542,0.991,1157.8,-50.582
2021-05-08T19:39:42Z,242.347,3.347,-0.564,0.797,0.881,0.537,0.991,1135.134,-50.418
2021-05-08T19:40:42Z,242.101,3.267,-0.563,0.805,0.834,0.542,0.991,1168.306,-50.601
2021-05-08T19:41:42Z,241.819,3.383,-0.55,0.791,0.923,0.537,0.991,1134.366,-50.504
2021-05-08T19:42:42Z,241.725,3.516,-0.546,0.794,0.905,0.535,0.991,1119.524,-50.308
2021-05-08T19:43:42Z,241.82,3.411,-0.55,0.806,0.826,0.531,0.991,1106.628,-50.286
2021-05-08T19:44:42Z,241.738,3.321,-0.552,0.802,0.851,0.539,0.991,1142.183,-50.404
2021-05-08T19:45:42Z,241.809,3.231,-0.548,0.799,0.871,0.532,0.991,1117.339,-50.444
2021-05-08T19:46:42Z,241.622,3.379,-0.542,0.804,0.841,0.539,0.991,1138.971,-50.442
2021-05-08T19:47:42Z,241.693,3.361,-0.536,0.804,0.837,0.535,0.991,1116.286,-50.404
2021-05-08T19:48:42Z,241.595,3.309,-0.551,0.808,0.81,0.535,0.991,1125.263,-50.368
2021-05-08T19:49:42Z,242.002,3.244,-0.559,0.806,0.821,0.542,0.991,1160.68,-50.408
2021-05-08T19:50:42Z,241.435,3.246,-0.547,0.799,0.874,0.536,0.991,1131.964,-50.461
2021-05-08T19:51:42Z,242.016,3.411,-0.535,0.796,0.893,0.54,0.991,1142.608,-50.46
2021-05-08T19:52:42Z,241.834,3.409,-0.539,0.799,0.866,0.536,0.991,1136.21,-50.537
2021-05-08T19:53:42Z,242.116,3.488,-0.56,0.796,0.889,0.539,0.991,1132.835,-50.269
2021-05-08T19:54:42Z,241.892,3.56,-0.54,0.802,0.853,0.542,0.991,1149.652,-50.47
2021-05-08T19:55:42Z,241.986,3.511,-0.549,0.803,0.848,0.54,0.991,1132.562,-50.278
2021-05-08T19:56:42Z,242.187,3.442,-0.545,0.799,0.873,0.539,0.991,1143.099,-50.38
2021-05-08T19:57:42Z,242.146,3.263,-0.519,0.799,0.879,0.539,0.991,1154.169,-50.769
2021-05-08T19:58:42Z,241.923,3.418,-0.563,0.794,0.9,0.537,0.991,1125.614,-50.259
2021-05-08T19:59:42Z,242.004,3.377,-0.552,0.793,0.91,0.543,0.991,1156.906,-50.491
2021-05-08T20:00:42Z,241.935,3.461,-0.541,0.788,0.939,0.542,0.991,1153.073,-50.58
2021-05-08T20:01:42Z,242.085,3.399,-0.557,0.797,0.883,0.542,0.991,1148.714,-50.338
2021-05-08T20:02:42Z,241.708,3.541,-0.546,0.789,0.934,0.547,0.991,1176.59,-50.469
2021-05-08T20:03:42Z,242.114,3.331,-0.541,0.813,0.783,0.54,0.99,1150.569,-50.514
2021-05-08T20:04:42Z,241.765,3.364,-0.533,0.787,0.946,0.542,0.991,1156.817,-50.464
2021-05-08T20:05:42Z,241.942,3.467,-0.537,0.8,0.87,0.541,0.991,1146.555,-50.464
2021-05-08T20:06:42Z,241.824,3.526,-0.54,0.802,0.857,0.541,0.99,1152.0,-50.569
2021-05-08T20:07:42Z,242.031,3.603,-0.535,0.794,0.904,0.542,0.99,1148.211,-50.513
2021-05-08T20:08:42Z,242.118,3.477,-0.532,0.804,0.84,0.539,0.991,1137.008,-50.464
2021-05-08T20:09:42Z,241.942,3.5,-0.539,0.805,0.831,0.543,0.991,1152.858,-50.336
2021-05-08T20:10:42Z,241.617,3.486,-0.541,0.801,0.861,0.534,0.991,1115.565,-50.236
2021-05-08T20:11:42Z,241.835,3.577,-0.543,0.802,0.849,0.541,0.991,1148.807,-50.452
2021-05-08T20:12:42Z,242.071,3.574,-0.56,0.817,0.748,0.536,0.991,1114.039,-50.16
2021-05-08T20:13:42Z,241.694,3.166,-0.541,0.804,0.848,0.536,0.99,1123.65,-50.472
2021-05-08T20:14:42Z,241.723,3.304,-0.531,0.797,0.889,0.54,0.991,1152.937,-50.534
2021-05-08T20:15:42Z,241.711,3.564,-0.554,0.793,0.91,0.539,0.991,1132.032,-50.268
2021-05-08T20:16:42Z,241.774,3.574,-0.535,0.785,0.956,0.543,0.991,1154.691,-50.561
2021-05-08T20:17:42Z,241.766,3.53,-0.565,0.802,0.855,0.54,0.991,1127.438,-50.272
2021-05-08T20:18:42Z,241.464,3.536,-0.562,0.794,0.905,0.542,0.991,1143.257,-50.417
2021-05-08T20:19:42Z,242.104,3.45,-0.531,0.787,0.952,0.545,0.991,1163.254,-50.693
2021-05-08T20:20:42Z,241.749,3.499,-0.563,0.792,0.92,0.547,0.991,1156.034,-50.388
2021-05-08T20:21:42Z,242.098,3.562,-0.565,0.792,0.911,0.542,0.991,1133.621,-50.157
2021-05-08T20:22:42Z,242.046,3.611,-0.565,0.793,0.913,0.54,0.991,1124.608,-50.229
2021-05-08T20:23:42Z,241.759,3.595,-0.554,0.794,0.906,0.541,0.991,1126.806,-50.256
2021-05-08T20:24:42Z,241.774,3.639,-0.564,0.796,0.892,0.541,0.991,1125.339,-50.181
2021-05-08T20:25:42Z,241.75,3.368,-0.556,0.805,0.841,0.544,0.991,1149.889,-50.472
2021-05-08T20:26:42Z,241.681,3.629,-0.574,0.804,0.836,0.541,0.991,1148.006,-50.312
2021-05-08T20:27:42Z,242.075,3.612,-0.564,0.8,0.861,0.539,0.991,1131.827,-50.259
2021-05-08T20:28:42Z,241.889,3.592,-0.573,0.802,0.852,0.534,0.991,1084.368,-50.049
2021-05-08T20:29:42Z,242.238,3.604,-0.579,0.803,0.842,0.543,0.991,1156.556,-50.341
2021-05-08T20:30:42Z,241.849,3.33,-0.581,0.795,0.892,0.536,0.991,1115.93,-50.14
2021-05-08T20:31:42Z,242.038,3.332,-0.57,0.796,0.887,0.535,0.991,1118.6,-50.183
2021-05-08T20:32:42Z,241.64,3.433,-0.566,0.783,0.963,0.541,0.991,1140.814,-50.363
2021-05-08T20:33:42Z,242.345,3.566,-0.559,0.803,0.849,0.537,0.991,1112.211,-50.135
2021-05-08T20:34:42Z,241.844,3.634,-0.596,0.81,0.798,0.538,0.991,1098.466,-49.723
2021-05-08T20:35:42Z,241.905,3.457,-0.56,0.805,0.832,0.537,0.991,1113.992,-50.186
2021-05-08T20:36:42Z,241.75,3.536,-0.508,0.82,0.733,0.536,0.991,1106.976,-50.29
2021-05-08T20:37:42Z,241.888,3.757,-0.527,0.807,0.826,0.538,0.991,1105.306,-50.061
2021-05-08T20:38:42Z,241.707,3.652,-0.549,0.801,0.863,0.538,0.991,1121.76,-50.194
2021-05-08T20:39:42Z,241.943,3.752,-0.583,0.791,0.926,0.539,0.991,1105.06,-49.837
2021-05-08T20:40:42Z,242.008,3.554,-0.587,0.798,0.883,0.538,0.991,1105.198,-49.882
2021-05-08T20:41:42Z,241.907,3.728,-0.575,0.797,0.881,0.542,0.991,1135.128,-50.061
2021-05-08T20:42:42Z,241.822,3.71,-0.569,0.796,0.887,0.534,0.991,1095.911,-49.895
2021-05-08T20:43:42Z,241.993,3.462,-0.561,0.846,0.584,0.486,0.988,810.59,-48.587
2021-05-08T20:44:42Z,241.805,2.988,-0.536,0.861,0.496,0.447,0.985,694.027,-48.613
2021-05-08T20:45:42Z,241.906,3.389,-0.52,0.801,0.871,0.539,0.99,1137.361,-50.642
2021-05-08T20:46:42Z,241.97,3.212,-0.531,0.801,0.872,0.549,0.991,1187.427,-51.027
2021-05-08T20:47:42Z,242.115,3.439,-0.535,0.812,0.793,0.534,0.99,1103.96,-50.19
2021-05-08T20:48:42Z,241.709,3.817,-0.517,0.778,1.004,0.546,0.991,1156.43,-50.32
2021-05-08T20:49:42Z,242.046,3.646,-0.545,0.803,0.847,0.539,0.991,1134.384,-50.215
2021-05-08T20:50:42Z,242.133,3.621,-0.554,0.792,0.912,0.54,0.991,1149.62,-50.279
2021-05-08T20:51:42Z,241.874,3.716,-0.556,0.788,0.936,0.542,0.991,1138.718,-50.017
2021-05-08T20:52:42Z,241.688,3.656,-0.551,0.802,0.858,0.541,0.991,1127.189,-50.162
2021-05-08T20:53:42Z,241.924,3.25,-0.513,0.803,0.856,0.549,0.99,1186.535,-50.843
2021-05-08T20:54:42Z,241.633,3.545,-0.519,0.785,0.961,0.548,0.991,1177.22,-50.503
2021-05-08T20:55:42Z,241.735,3.866,-0.541,0.786,0.957,0.552,0.991,1174.121,-50.159
2021-05-08T20:56:42Z,241.81,3.561,-0.505,0.808,0.82,0.553,0.99,1203.387,-50.585
2021-05-08T20:57:42Z,241.493,3.72,-0.483,0.793,0.918,0.556,0.991,1219.104,-50.618
2021-05-08T20:58:42Z,241.58,3.455,-0.525,0.8,0.877,0.55,0.991,1170.125,-50.479
2021-05-08T20:59:42Z,241.908,3.659,-0.494,0.801,0.869,0.542,0.991,1137.629,-50.346
2021-05-08T21:00:42Z,241.932,3.602,-0.493,0.801,0.866,0.548,0.991,1190.363,-50.604
2021-05-08T21:01:42Z,241.765,3.468,-0.505,0.789,0.939,0.555,0.991,1241.206,-50.991
2021-05-08T21:02:42Z,242.082,3.487,-0.52,0.809,0.814,0.553,0.991,1215.173,-50.789
2021-05-08T21:03:42Z,241.73,3.434,-0.521,0.801,0.865,0.55,0.99,1209.926,-50.895
2021-05-08T21:04:42Z,241.859,3.222,-0.48,0.8,0.882,0.548,0.991,1201.975,-51.131
2021-05-08T21:05:42Z,242.178,3.665,-0.549,0.791,0.93,0.543,0.991,1137.593,-50.258
2021-05-08T21:06:42Z,241.676,3.459,-0.516,0.781,0.987,0.541,0.991,1162.861,-50.617
2021-05-08T21:07:42Z,242.014,3.163,-0.454,0.801,0.872,0.547,0.991,1227.308,-51.126
2021-05-08T21:08:42Z,241.946,3.237,-0.473,0.781,0.993,0.555,0.991,1249.601,-51.092
2021-05-08T21:09:42Z,241.774,3.363,-0.514,0.784,0.971,0.547,0.991,1177.996,-50.632
2021-05-08T21:10:42Z,241.764,3.609,-0.501,0.799,0.882,0.542,0.991,1158.773,-50.451
2021-05-08T21:11:42Z,242.048,3.388,-0.505,0.788,0.949,0.547,0.991,1166.597,-50.539
2021-05-08T21:12:42Z,241.964,3.259,-0.525,0.797,0.9,0.548,0.99,1181.472,-50.725
2021-05-08T21:13:42Z,242.268,3.345,-0.527,0.794,0.911,0.545,0.991,1163.074,-50.604
2021-05-08T21:14:42Z,241.77,3.586,-0.536,0.799,0.882,0.539,0.99,1120.377,-50.28
2021-05-08T21:15:42Z,242.044,3.352,-0.536,0.795,0.904,0.539,0.991,1135.194,-50.334
2021-05-08T21:16:42Z,241.799,3.349,-0.541,0.793,0.916,0.54,0.991,1158.377,-50.581
2021-05-08T21:17:42Z,241.959,3.521,-0.52,0.799,0.881,0.539,0.991,1140.455,-50.474
2021-05-08T21:18:42Z,241.658,3.661,-0.533,0.806,0.829,0.538,0.991,1123.368,-50.359
2021-05-08T21:19:42Z,242.233,3.7,-0.562,0.801,0.856,0.536,0.991,1112.0,-50.057
2021-05-08T21:20:42Z,241.82,3.504,-0.571,0.786,0.949,0.535,0.991,1125.464,-50.27
2021-05-08T21:21:42Z,241.694,3.366,-0.554,0.798,0.877,0.539,0.991,1135.978,-50.414
2021-05-08T21:22:42Z,242.289,3.529,-0.578,0.794,0.903,0.536,0.991,1124.555,-50.111
2021-05-08T21:23:42Z,242.341,3.465,-0.554,0.799,0.871,0.54,0.991,1135.942,-50.228
2021-05-08T21:24:42Z,242.154,3.356,-0.522,0.804,0.844,0.537,0.991,1130.842,-50.208
2021-05-08T21:25:42Z,242.19,3.126,-0.513,0.819,0.743,0.534,0.99,1164.728,-50.108
2021-05-08T21:26:42Z,242.083,2.689,-0.529,0.823,0.701,0.539,0.99,1182.787,-49.36
2021-05-08T21:27:42Z,241.938,2.932,-0.487,0.813,0.784,0.535,0.99,1167.236,-49.326
2021-05-08T21:28:42Z,241.981,3.483,-0.527,0.798,0.876,0.538,0.99,1135.918,-49.818
2021-05-08T21:29:42Z,242.07,3.729,-0.531,0.793,0.909,0.541,0.991,1136.01,-50.096
2021-05-08T21:30:42Z,241.768,3.694,-0.534,0.798,0.882,0.54,0.991,1129.315,-50.068
2021-05-08T21:31:42Z,241.824,3.691,-0.566,0.791,0.919,0.541,0.991,1135.988,-49.998
2021-05-08T21:32:42Z,241.749,3.609,-0.552,0.792,0.916,0.539,0.991,1126.732,-49.947
2021-05-08T21:33:42Z,241.948,3.634,-0.567,0.793,0.908,0.54,0.991,1134.928,-49.934
2021-05-08T21:34:42Z,241.839,3.627,-0.565,0.803,0.84,0.541,0.991,1146.641,-50.061
2021-05-08T21:35:42Z,241.633,3.666,-0.588,0.797,0.883,0.539,0.991,1125.493,-49.653
2021-05-08T21:36:42Z,241.668,3.816,-0.615,0.784,0.959,0.538,0.991,1132.03,-49.53
2021-05-08T21:37:42Z,241.71,3.682,-0.587,0.795,0.895,0.54,0.991,1123.385,-49.805
2021-05-08T21:38:42Z,241.694,3.524,-0.568,0.791,0.919,0.538,0.991,1128.772,-49.984
2021-05-08T21:39:42Z,242.12,3.41,-0.559,0.801,0.856,0.534,0.991,1097.365,-50.219
2021-05-08T21:40:42Z,241.975,3.172,-0.582,0.815,0.762,0.535,0.99,1111.325,-50.338
2021-05-08T21:41:42Z,242.264,2.822,-0.538,0.806,0.836,0.533,0.99,1157.202,-49.885
2021-05-08T21:42:42Z,241.691,2.906,-0.531,0.805,0.841,0.53,0.99,1117.598,-50.149
2021-05-08T21:43:42Z,241.849,2.861,-0.562,0.81,0.808,0.529,0.991,1106.577,-50.202
2021-05-08T21:44:42Z,241.987,3.026,-0.582,0.81,0.8,0.524,0.991,1065.344,-50.113
2021-05-08T21:45:42Z,243.242,2.753,-0.552,0.814,0.771,0.529,0.99,1164.689,-49.78
2021-05-08T21:46:42Z,242.281,2.924,-0.551,0.814,0.769,0.531,0.99,1164.101,-49.562
2021-05-08T21:47:42Z,242.505,2.7,-0.558,0.82,0.727,0.528,0.991,1136.111,-49.956
2021-05-08T21:48:42Z,242.024,2.98,-0.563,0.823,0.712,0.523,0.99,1080.863,-50.221
2021-05-08T21:49:42Z,242.413,2.837,-0.571,0.801,0.862,0.529,0.99,1108.107,-50.124
2021-05-08T21:50:42Z,242.593,2.649,-0.552,0.815,0.774,0.528,0.99,1127.411,-49.969
2021-05-08T21:51:42Z,242.478,2.788,-0.545,0.809,0.807,0.533,0.99,1167.826,-49.97
2021-05-08T21:52:42Z,242.118,3.024,-0.554,0.808,0.816,0.527,0.991,1097.406,-50.474
2021-05-08T21:53:42Z,241.971,3.153,-0.579,0.81,0.803,0.529,0.991,1091.384,-50.37
2021-05-08T21:54:42Z,241.659,3.236,-0.601,0.814,0.766,0.53,0.991,1082.345,-50.194
2021-05-08T21:55:42Z,241.96,3.04,-0.601,0.818,0.742,0.521,0.99,1053.262,-50.178
2021-05-08T21:56:42Z,242.474,2.496,-0.548,0.814,0.772,0.532,0.99,1200.479,-49.541
2021-05-08T21:57:42Z,243.104,2.012,-0.351,0.846,0.586,0.533,0.987,1469.563,-46.045
2021-05-08T21:58:42Z,242.263,3.218,-0.542,0.81,0.807,0.532,0.991,1109.571,-50.426
2021-05-08T21:59:42Z,242.132,3.452,-0.54,0.812,0.792,0.54,0.991,1140.434,-50.376
2021-05-08T22:00:42Z,242.18,3.269,-0.568,0.807,0.822,0.528,0.991,1080.472,-49.979
2021-05-08T22:01:42Z,242.207,2.757,-0.58,0.817,0.75,0.531,0.99,1126.569,-49.968
2021-05-08T22:02:42Z,242.49,2.561,-0.514,0.821,0.731,0.54,0.99,1262.662,-49.966
2021-05-08T22:03:42Z,242.259,2.397,-0.361,0.827,0.689,0.544,0.99,1451.518,-46.791
2021-05-08T22:04:42Z,242.36,2.417,-0.296,0.795,0.896,0.564,0.989,1545.429,-48.079
2021-05-08T22:05:42Z,241.95,3.439,-0.546,0.81,0.813,0.527,0.99,1069.759,-49.875
2021-05-08T22:06:42Z,241.815,3.287,-0.586,0.809,0.814,0.535,0.991,1097.834,-50.234
2021-05-08T22:07:42Z,242.008,2.804,-0.548,0.818,0.749,0.531,0.99,1127.322,-50.275
2021-05-08T22:08:42Z,241.888,2.852,-0.58,0.812,0.792,0.53,0.99,1098.139,-50.115
2021-05-08T22:09:42Z,242.1,3.055,-0.57,0.813,0.781,0.527,0.991,1081.424,-50.327
2021-05-08T22:10:42Z,242.25,2.666,-0.471,0.818,0.755,0.539,0.989,1260.768,-48.874
2021-05-08T22:11:42Z,242.231,2.408,-0.346,0.837,0.632,0.554,0.988,1553.038,-47.358
2021-05-08T22:12:42Z,242.118,2.133,-0.48,0.81,0.811,0.545,0.99,1376.223,-48.941
2021-05-08T22:13:42Z,242.034,2.719,-0.603,0.818,0.745,0.524,0.991,1066.024,-49.653
2021-05-08T22:14:42Z,241.582,3.093,-0.632,0.81,0.795,0.525,0.991,1053.001,-50.016
2021-05-08T22:15:42Z,242.112,2.954,-0.588,0.799,0.873,0.528,0.991,1081.772,-50.186
2021-05-08T22:16:42Z,241.648,3.135,-0.544,0.807,0.825,0.531,0.991,1106.839,-50.38
2021-05-08T22:17:42Z,242.225,3.685,-0.587,0.805,0.828,0.539,0.991,1122.194,-50.164
2021-05-08T22:18:42Z,241.736,3.292,-0.624,0.806,0.827,0.527,0.991,1055.765,-50.047
2021-05-08T22:19:42Z,241.856,3.284,-0.643,0.819,0.72,0.525,0.991,1030.711,-49.808
2021-05-08T22:20:42Z,241.698,3.1,-0.625,0.81,0.788,0.529,0.99,1072.817,-50.087
2021-05-08T22:21:42Z,242.763,2.958,-0.577,0.805,0.835,0.534,0.991,1150.547,-49.878
2021-05-08T22:22:42Z,242.29,2.871,-0.571,0.815,0.762,0.532,0.99,1163.001,-49.69
2021-05-08T22:23:42Z,243.305,2.498,-0.533,0.821,0.718,0.539,0.99,1265.366,-49.033
2021-05-08T22:24:42Z,242.034,3.21,-0.562,0.813,0.777,0.525,0.99,1079.896,-49.911
2021-05-08T22:25:42Z,242.124,3.382,-0.563,0.807,0.816,0.534,0.99,1109.486,-50.367
2021-05-08T22:26:42Z,242.246,3.272,-0.58,0.804,0.844,0.535,0.991,1099.969,-50.254
2021-05-08T22:27:42Z,241.862,3.435,-0.597,0.809,0.804,0.532,0.991,1072.466,-49.977
2021-05-08T22:28:42Z,241.701,3.548,-0.578,0.802,0.854,0.534,0.991,1095.429,-50.132
2021-05-08T22:29:42Z,241.745,3.594,-0.571,0.798,0.874,0.536,0.991,1109.143,-50.142
2021-05-08T22:30:42Z,241.68,3.525,-0.585,0.801,0.858,0.532,0.991,1092.87,-50.147
2021-05-08T22:31:42Z,241.75,3.336,-0.6,0.797,0.881,0.534,0.991,1101.321,-50.152
2021-05-08T22:32:42Z,242.059,3.397,-0.603,0.813,0.775,0.532,0.991,1075.656,-49.836
2021-05-08T22:33:42Z,241.854,3.455,-0.56,0.799,0.872,0.537,0.991,1117.819,-50.177
2021-05-08T22:34:42Z,241.715,3.336,-0.562,0.794,0.907,0.536,0.991,1118.95,-50.386
2021-05-08T22:35:42Z,243.352,4.208,-0.564,0.89,0.198,0.316,0.975,337.699,-45.366
2021-05-08T22:36:42Z,242.145,3.254,-0.568,0.811,0.793,0.521,0.99,1033.452,-49.963
2021-05-08T22:37:42Z,241.518,3.322,-0.621,0.796,0.883,0.53,0.991,1075.443,-49.971
2021-05-08T22:38:42Z,241.818,3.413,-0.599,0.801,0.852,0.535,0.991,1104.028,-50.201
2021-05-08T22:39:42Z,241.9,3.172,-0.586,0.808,0.816,0.526,0.991,1067.173,-50.154
2021-05-08T22:40:42Z,242.189,3.384,-0.607,0.804,0.838,0.534,0.991,1082.608,-50.001
2021-05-08T22:41:42Z,241.599,3.405,-0.618,0.812,0.779,0.533,0.991,1094.476,-50.063
2021-05-08T22:42:42Z,241.922,3.04,-0.558,0.81,0.802,0.538,0.99,1133.216,-49.732
2021-05-08T22:43:42Z,242.252,2.975,-0.498,0.824,0.696,0.532,0.99,1145.681,-50.18
2021-05-08T22:44:42Z,241.528,3.683,-0.583,0.827,0.656,0.537,0.991,1106.24,-49.974
2021-05-08T22:45:42Z,242.076,3.461,-0.576,0.793,0.91,0.534,0.991,1094.257,-50.011
2021-05-08T22:46:42Z,242.079,3.402,-0.573,0.808,0.807,0.535,0.991,1123.727,-50.52
2021-05-08T22:47:42Z,242.181,3.134,-0.597,0.799,0.871,0.528,0.991,1069.014,-50.052
2021-05-08T22:48:42Z,241.827,3.226,-0.599,0.791,0.922,0.527,0.991,1067.849,-49.926
2021-05-08T22:49:42Z,242.103,2.879,-0.573,0.817,0.747,0.527,0.991,1098.782,-50.118
2021-05-08T22:50:42Z,241.99,3.112,-0.599,0.799,0.879,0.527,0.991,1066.173,-50.285
2021-05-08T22:51:42Z,242.099,3.294,-0.622,0.804,0.841,0.529,0.991,1054.936,-49.789
2021-05-08T22:52:42Z,242.432,2.371,-0.508,0.826,0.674,0.543,0.99,1339.276,-49.029
2021-05-08T22:53:42Z,243.258,2.863,-0.549,0.825,0.684,0.528,0.99,1177.393,-49.457
2021-05-08T22:54:42Z,243.773,1.932,-0.404,0.838,0.621,0.542,0.988,1538.52,-46.048
2021-05-08T22:55:42Z,242.825,2.57,-0.459,0.811,0.801,0.548,0.99,1339.216,-48.93
2021-05-08T22:56:42Z,242.197,3.167,-0.548,0.802,0.858,0.533,0.99,1120.234,-50.346
2021-05-08T22:57:42Z,242.231,3.061,-0.562,0.808,0.811,0.53,0.991,1091.27,-50.27
2021-05-08T22:58:42Z,242.025,3.141,-0.601,0.804,0.838,0.531,0.991,1082.659,-50.227
2021-05-08T22:59:42Z,242.003,3.549,-0.593,0.806,0.828,0.53,0.991,1072.589,-50.192
2021-05-08T23:00:42Z,242.138,3.207,-0.617,0.804,0.835,0.53,0.991,1069.782,-49.871
2021-05-08T23:01:42Z,241.982,2.951,-0.613,0.821,0.72,0.519,0.99,1028.838,-49.686
2021-05-08T23:02:42Z,242.22,2.727,-0.566,0.814,0.772,0.527,0.99,1132.005,-49.41
2021-05-08T23:03:42Z,243.279,2.364,-0.521,0.81,0.803,0.535,0.99,1279.546,-48.702
2021-05-08T23:04:42Z,241.991,2.97,-0.594,0.819,0.722,0.53,0.991,1101.126,-50.119
2021-05-08T23:05:42Z,242.72,2.535,-0.557,0.824,0.68,0.546,0.99,1315.804,-49.116
2021-05-08T23:06:42Z,242.375,2.488,-0.572,0.816,0.759,0.53,0.991,1139.984,-49.728
2021-05-08T23:07:42Z,242.737,2.824,-0.596,0.819,0.733,0.528,0.99,1117.471,-49.704
2021-05-08T23:08:42Z,242.109,2.742,-0.585,0.814,0.779,0.526,0.99,1089.71,-49.787
2021-05-08T23:09:42Z,242.173,2.768,-0.557,0.81,0.81,0.528,0.991,1111.828,-50.118
2021-05-08T23:10:42Z,241.838,3.017,-0.604,0.816,0.757,0.522,0.99,1044.631,-49.965
2021-05-08T23:11:42Z,242.257,2.92,-0.54,0.825,0.697,0.535,0.99,1158.903,-50.649
2021-05-08T23:12:42Z,241.842,3.143,-0.576,0.795,0.908,0.535,0.99,1092.992,-50.244
2021-05-08T23:13:42Z,241.806,3.422,-0.614,0.8,0.868,0.533,0.991,1067.165,-49.951
2021-05-08T23:14:42Z,242.037,2.985,-0.571,0.819,0.737,0.528,0.99,1069.906,-49.775
2021-05-08T23:15:42Z,242.352,2.75,-0.577,0.811,0.8,0.528,0.99,1112.644,-49.813
2021-05-08T23:16:42Z,242.246,3.0,-0.605,0.812,0.788,0.528,0.99,1068.102,-50.152
2021-05-08T23:17:42Z,242.078,2.666,-0.57,0.807,0.826,0.536,0.99,1168.186,-49.857
2021-05-08T23:18:42Z,242.358,2.539,-0.53,0.816,0.76,0.538,0.99,1226.253,-49.431
2021-05-08T23:19:42Z,242.27,2.915,-0.575,0.814,0.772,0.528,0.99,1102.683,-49.868
2021-05-08T23:20:42Z,241.685,3.166,-0.61,0.806,0.827,0.525,0.991,1042.824,-49.556
2021-05-08T23:21:42Z,242.068,2.148,-0.413,0.789,0.931,0.554,0.99,1514.753,-47.055
2021-05-08T23:22:42Z,241.761,2.753,-0.51,0.817,0.755,0.538,0.99,1203.39,-49.692
2021-05-08T23:23:42Z,242.427,2.808,-0.506,0.816,0.766,0.529,0.991,1135.681,-49.598
2021-05-08T23:24:42Z,242.539,3.162,-0.506,0.812,0.791,0.535,0.991,1165.737,-50.066
2021-05-08T23:25:42Z,241.983,3.079,-0.526,0.798,0.886,0.532,0.991,1116.109,-50.441
2021-05-08T23:26:42Z,241.672,3.107,-0.605,0.817,0.746,0.529,0.991,1078.807,-50.136
2021-05-08T23:27:42Z,242.454,2.828,-0.579,0.814,0.772,0.529,0.99,1107.872,-49.739
2021-05-08T23:28:42Z,242.571,2.679,-0.583,0.819,0.735,0.525,0.99,1123.062,-49.459
2021-05-08T23:29:42Z,242.195,2.936,-0.592,0.808,0.823,0.526,0.991,1072.605,-50.048
2021-05-08T23:30:42Z,242.587,2.712,-0.552,0.81,0.802,0.532,0.99,1144.255,-49.677
2021-05-08T23:31:42Z,242.118,2.384,-0.523,0.818,0.748,0.528,0.99,1123.995,-49.358
2021-05-08T23:32:42Z,242.328,2.673,-0.544,0.823,0.715,0.521,0.99,1107.092,-49.414
2021-05-08T23:33:42Z,241.971,2.459,-0.488,0.816,0.769,0.52,0.99,1175.541,-48.347
2021-05-08T23:34:42Z,242.45,2.866,-0.57,0.808,0.817,0.526,0.991,1083.21,-50.007
2021-05-08T23:35:42Z,242.117,2.747,-0.569,0.807,0.835,0.527,0.991,1074.351,-50.526
2021-05-08T23:36:42Z,241.713,3.135,-0.592,0.795,0.903,0.531,0.99,1071.707,-50.286
2021-05-08T23:37:42Z,242.143,2.886,-0.556,0.812,0.793,0.529,0.99,1112.685,-50.146
2021-05-08T23:38:42Z,242.179,2.536,-0.55,0.807,0.823,0.535,0.99,1179.76,-50.155
2021-05-08T23:39:42Z,242.682,2.937,-0.544,0.817,0.752,0.533,0.99,1156.906,-49.524
2021-05-08T23:40:42Z,241.774,3.078,-0.589,0.805,0.841,0.524,0.991,1050.73,-50.012
2021-05-08T23:41:42Z,242.104,2.79,-0.578,0.822,0.716,0.525,0.99,1065.632,-49.721
2021-05-08T23:42:42Z,242.309,2.896,-0.545,0.82,0.728,0.523,0.99,1102.719,-48.925
2021-05-08T23:43:42Z,241.781,3.1,-0.583,0.81,0.796,0.528,0.99,1088.356,-50.158
2021-05-08T23:44:42Z,242.077,3.265,-0.579,0.801,0.86,0.531,0.991,1076.206,-50.363
2021-05-08T23:45:42Z,243.225,2.692,-0.555,0.824,0.697,0.532,0.99,1169.093,-50.012
2021-05-08T23:46:42Z,242.119,2.792,-0.587,0.816,0.762,0.522,0.99,1063.014,-49.866
2021-05-08T23:47:42Z,243.063,2.507,-0.5,0.812,0.79,0.539,0.99,1283.023,-49.037
2021-05-08T23:48:42Z,242.219,2.626,-0.481,0.813,0.786,0.537,0.99,1312.317,-49.076
2021-05-08T23:49:42Z,242.421,2.171,-0.409,0.819,0.748,0.54,0.99,1444.974,-46.536
2021-05-08T23:50:42Z,242.275,2.022,-0.307,0.818,0.758,0.55,0.99,1479.106,-47.576
2021-05-08T23:51:42Z,242.278,2.923,-0.542,0.822,0.712,0.532,0.99,1123.235,-50.188
2021-05-08T23:52:42Z,242.112,3.412,-0.588,0.819,0.73,0.528,0.991,1058.97,-49.957
2021-05-08T23:53:42Z,241.726,3.249,-0.598,0.803,0.849,0.529,0.991,1062.617,-50.16
2021-05-08T23:54:42Z,242.422,3.52,-0.522,0.859,0.51,0.519,0.988,1089.812,-49.225
2021-05-08T23:55:42Z,255.918,12.652,0.089,0.86,0.487,0.555,0.974,1595.876,-43.964
2021-05-08T23:56:42Z,242.534,2.477,-0.508,0.794,0.912,0.533,0.991,1129.95,-49.551
2021-05-08T23:57:42Z,243.66,3.017,-0.175,0.879,0.334,0.55,0.984,1750.438,-44.074
2021-05-08T23:58:42Z,242.884,2.583,-0.508,0.812,0.801,0.53,0.99,1153.183,-49.765
2021-05-08T23:59:42Z,242.0,3.293,-0.58,0.816,0.765,0.522,0.991,1031.565,-49.594
2021-05-09T00:00:42Z,241.69,3.375,-0.588,0.805,0.833,0.53,0.991,1072.941,-49.407
2021-05-09T00:01:42Z,242.174,3.106,-0.566,0.805,0.833,0.536,0.991,1133.883,-50.29
2021-05-09T00:02:42Z,242.588,2.812,-0.594,0.821,0.713,0.529,0.99,1139.144,-49.196
2021-05-09T00:03:42Z,242.108,3.161,-0.604,0.812,0.793,0.52,0.99,1017.943,-49.863
2021-05-09T00:04:42Z,241.92,3.02,-0.591,0.819,0.737,0.525,0.991,1081.36,-49.862
2021-05-09T00:05:42Z,242.149,2.955,-0.597,0.803,0.847,0.528,0.99,1075.757,-50.002
2021-05-09T00:06:42Z,242.629,3.053,-0.576,0.818,0.744,0.533,0.991,1106.045,-50.355
2021-05-09T00:07:42Z,242.512,2.804,-0.513,0.824,0.704,0.536,0.99,1249.137,-49.102
2021-05-09T00:08:42Z,241.691,3.244,-0.602,0.81,0.797,0.526,0.991,1041.976,-49.947
2021-05-09T00:09:42Z,241.699,3.129,-0.599,0.805,0.831,0.528,0.991,1064.327,-50.223
2021-05-09T00:10:42Z,241.929,3.181,-0.595,0.809,0.808,0.53,0.991,1084.363,-50.203
2021-05-09T00:11:42Z,243.168,3.142,-0.568,0.834,0.64,0.515,0.988,1119.946,-48.655
2021-05-09T00:12:42Z,242.964,2.865,-0.568,0.817,0.75,0.517,0.99,1067.904,-49.588
2021-05-09T00:13:42Z,242.083,2.898,-0.6,0.804,0.846,0.526,0.991,1066.389,-50.204
2021-05-09T00:14:42Z,242.04,3.263,-0.614,0.813,0.774,0.531,0.991,1066.415,-50.158
2021-05-09T00:15:42Z,242.036,2.945,-0.599,0.805,0.837,0.526,0.991,1061.234,-50.151
2021-05-09T00:16:42Z,242.282,2.902,-0.577,0.813,0.787,0.528,0.991,1089.79,-50.153
2021-05-09T00:17:42Z,242.338,2.644,-0.559,0.803,0.864,0.534,0.991,1122.205,-50.745
2021-05-09T00:18:42Z,242.259,2.912,-0.591,0.814,0.771,0.524,0.991,1064.572,-50.03
2021-05-09T00:19:42Z,241.828,2.586,-0.562,0.815,0.753,0.532,0.99,1190.711,-49.154
2021-05-09T00:20:42Z,242.274,3.056,-0.601,0.813,0.771,0.534,0.991,1141.642,-50.184
2021-05-09T00:21:42Z,241.777,3.029,-0.587,0.824,0.694,0.528,0.991,1083.708,-50.241
2021-05-09T00:22:42Z,242.117,2.718,-0.588,0.821,0.722,0.532,0.99,1103.532,-50.423
2021-05-09T00:23:42Z,242.127,3.049,-0.594,0.801,0.861,0.535,0.99,1129.886,-50.284
2021-05-09T00:24:42Z,241.827,3.364,-0.616,0.801,0.861,0.53,0.991,1065.158,-50.152
2021-05-09T00:25:42Z,241.5,2.878,-0.592,0.8,0.874,0.528,0.991,1082.403,-50.481
2021-05-09T00:26:42Z,241.886,3.115,-0.629,0.801,0.858,0.532,0.991,1073.602,-49.983
2021-05-09T00:27:42Z,242.479,2.975,-0.618,0.814,0.771,0.523,0.991,1055.086,-50.034
2021-05-09T00:28:42Z,242.016,3.198,-0.625,0.804,0.835,0.529,0.991,1069.038,-49.775
2021-05-09T00:29:42Z,242.123,2.848,-0.59,0.812,0.796,0.521,0.991,1046.687,-49.736
2021-05-09T00:30:42Z,241.668,2.934,-0.615,0.815,0.757,0.525,0.99,1064.089,-49.613
2021-05-09T00:31:42Z,243.262,2.387,-0.578,0.828,0.66,0.53,0.99,1140.487,-49.412
2021-05-09T00:32:42Z,242.171,2.547,-0.309,0.829,0.684,0.536,0.988,1460.695,-45.87
2021-05-09T00:33:42Z,243.158,2.394,-0.393,0.826,0.703,0.531,0.988,1344.978,-46.941
2021-05-09T00:34:42Z,242.209,2.535,-0.537,0.812,0.794,0.532,0.99,1190.272,-48.638
2021-05-09T00:35:42Z,242.176,2.314,-0.463,0.82,0.738,0.536,0.989,1237.952,-48.902
2021-05-09T00:36:42Z,242.336,2.942,-0.526,0.814,0.776,0.528,0.989,1100.919,-49.028
2021-05-09T00:37:42Z,241.929,3.287,-0.617,0.81,0.798,0.527,0.99,1052.142,-49.775
2021-05-09T00:38:42Z,242.857,2.473,-0.293,0.86,0.505,0.547,0.986,1561.879,-46.056
2021-05-09T00:39:42Z,242.12,3.393,-0.55,0.792,0.922,0.539,0.991,1127.874,-50.129
2021-05-09T00:40:42Z,242.328,3.161,-0.548,0.806,0.834,0.529,0.99,1081.824,-49.696
2021-05-09T00:41:42Z,246.933,4.848,-0.254,0.876,0.372,0.525,0.982,1477.285,-44.717
2021-05-09T00:42:42Z,242.577,3.194,-0.526,0.818,0.739,0.536,0.99,1127.356,-49.892
2021-05-09T00:43:42Z,243.37,2.459,-0.442,0.829,0.677,0.533,0.987,1315.19,-48.783
2021-05-09T00:44:42Z,271.037,18.558,0.58,0.81,0.674,0.642,0.984,2227.129,-39.693
2021-05-09T00:45:42Z,242.735,2.198,-0.335,0.812,0.796,0.544,0.99,1419.474,-47.115
2021-05-09T00:46:42Z,242.569,2.95,-0.503,0.817,0.759,0.532,0.99,1151.672,-49.62
2021-05-09T00:47:42Z,282.411,24.05,0.548,0.671,1.413,0.576,0.972,1642.113,-46.093
2021-05-09T00:48:42Z,241.88,2.257,-0.293,0.828,0.684,0.561,0.989,1630.123,-47.167
2021-05-09T00:49:42Z,243.963,2.353,-0.35,0.843,0.597,0.548,0.986,1700.435,-45.47
2021-05-09T00:50:42Z,242.519,3.494,-0.544,0.812,0.792,0.529,0.99,1090.602,-49.416
2021-05-09T00:51:42Z,242.677,2.887,-0.543,0.816,0.763,0.523,0.99,1088.367,-49.263
2021-05-09T00:52:42Z,243.1,2.015,-0.409,0.821,0.732,0.549,0.99,1388.579,-48.543
2021-05-09T00:53:42Z,242.194,2.658,-0.569,0.814,0.771,0.528,0.99,1126.539,-49.789
2021-05-09T00:54:42Z,242.161,2.588,-0.548,0.81,0.813,0.527,0.99,1097.381,-49.722
2021-05-09T00:55:42Z,242.408,2.438,-0.518,0.812,0.789,0.535,0.991,1222.218,-48.669
2021-05-09T00:56:42Z,242.282,2.823,-0.589,0.82,0.725,0.528,0.99,1098.375,-49.642
2021-05-09T00:57:42Z,242.763,2.13,-0.488,0.823,0.711,0.54,0.989,1256.808,-48.834
2021-05-09T00:58:42Z,243.0,2.338,-0.373,0.794,0.902,0.544,0.989,1396.964,-46.965
2021-05-09T00:59:42Z,242.636,2.748,-0.494,0.818,0.75,0.537,0.99,1211.457,-49.891
2021-05-09T01:00:42Z,253.665,10.213,-0.185,0.87,0.369,0.374,0.957,565.29,-44.784
2021-05-09T01:01:42Z,243.107,2.755,-0.494,0.832,0.654,0.51,0.988,1198.707,-47.801
2021-05-09T01:02:42Z,242.472,2.169,-0.333,0.82,0.744,0.541,0.989,1500.953,-46.365
2021-05-09T01:03:42Z,242.382,2.091,-0.357,0.814,0.786,0.542,0.99,1358.829,-47.5
2021-05-09T01:04:42Z,241.79,3.633,-0.543,0.796,0.895,0.531,0.991,1077.594,-49.976
2021-05-09T01:05:42Z,242.276,2.728,-0.586,0.818,0.747,0.525,0.99,1077.112,-49.383
2021-05-09T01:06:42Z,242.249,2.84,-0.615,0.813,0.78,0.523,0.99,1052.871,-49.803
2021-05-09T01:07:42Z,242.277,2.774,-0.602,0.818,0.742,0.531,0.99,1100.215,-49.745
2021-05-09T01:08:42Z,243.334,2.629,-0.576,0.851,0.557,0.523,0.988,1157.484,-48.92
2021-05-09T01:09:42Z,263.512,7.824,-0.245,0.876,0.3,0.511,0.981,1447.457,-43.163
2021-05-09T01:10:42Z,242.17,2.944,-0.503,0.811,0.803,0.522,0.99,1086.264,-49.44
2021-05-09T01:11:42Z,242.35,3.271,-0.57,0.815,0.765,0.54,0.99,1129.148,-50.371
2021-05-09T01:12:42Z,243.212,2.781,-0.563,0.823,0.709,0.525,0.99,1149.481,-49.287
2021-05-09T01:13:42Z,242.27,2.666,-0.574,0.816,0.763,0.524,0.99,1106.11,-49.171
2021-05-09T01:14:42Z,242.697,2.982,-0.617,0.82,0.726,0.521,0.99,1054.534,-49.511
2021-05-09T01:15:42Z,242.677,2.23,-0.321,0.811,0.8,0.567,0.988,1624.741,-45.912
2021-05-09T01:16:42Z,242.255,2.91,-0.572,0.809,0.805,0.524,0.99,1091.829,-49.181
2021-05-09T01:17:42Z,241.932,3.382,-0.627,0.81,0.793,0.531,0.991,1059.498,-49.954
2021-05-09T01:18:42Z,242.144,3.217,-0.606,0.802,0.849,0.53,0.991,1061.507,-49.856
2021-05-09T01:19:42Z,241.907,3.0,-0.592,0.808,0.808,0.535,0.99,1092.46,-50.083
2021-05-09T01:20:42Z,268.578,12.147,0.126,0.85,0.594,0.543,0.977,1548.885,-42.294
2021-05-09T01:21:42Z,246.822,5.82,-0.424,0.835,0.657,0.536,0.988,1259.008,-48.014
2021-05-09T01:22:42Z,242.066,3.641,-0.516,0.791,0.924,0.541,0.991,1128.654,-50.27
2021-05-09T01:23:42Z,244.289,4.348,-0.531,0.81,0.81,0.533,0.99,1119.876,-50.112
2021-05-09T01:24:42Z,242.063,2.943,-0.604,0.819,0.738,0.525,0.99,1064.306,-49.849
2021-05-09T01:25:42Z,241.973,3.122,-0.618,0.812,0.782,0.525,0.99,1032.017,-49.584
2021-05-09T01:26:42Z,242.813,2.484,-0.281,0.789,0.933,0.567,0.989,1703.68,-45.031
2021-05-09T01:27:42Z,242.71,2.96,-0.573,0.808,0.813,0.526,0.99,1106.488,-49.236
2021-05-09T01:28:42Z,242.377,2.809,-0.615,0.819,0.731,0.527,0.991,1078.12,-49.924
2021-05-09T01:29:42Z,242.711,2.565,-0.564,0.827,0.676,0.533,0.99,1202.638,-49.089
2021-05-09T01:30:42Z,242.079,2.366,-0.522,0.816,0.757,0.544,0.99,1336.818,-48.255
2021-05-09T01:31:42Z,243.463,2.291,-0.226,0.889,0.209,0.516,0.981,1403.588,-44.342
2021-05-09T01:32:42Z,241.951,3.05,-0.572,0.809,0.809,0.529,0.99,1087.049,-49.933
2021-05-09T01:33:42Z,242.331,2.095,-0.291,0.8,0.883,0.531,0.989,1344.2,-47.084
2021-05-09T01:34:42Z,242.949,2.429,-0.412,0.824,0.706,0.536,0.989,1268.518,-48.624
2021-05-09T01:35:42Z,242.105,2.911,-0.598,0.809,0.812,0.527,0.99,1054.372,-49.886
2021-05-09T01:36:42Z,242.797,2.579,-0.505,0.818,0.754,0.532,0.99,1234.924,-49.154
2021-05-09T01:37:42Z,242.441,2.301,-0.25,0.826,0.711,0.542,0.988,1534.146,-45.694
2021-05-09T01:38:42Z,242.449,2.507,-0.363,0.804,0.853,0.565,0.987,1722.088,-46.477
2021-05-09T01:39:42Z,242.036,2.653,-0.05,0.824,0.79,0.547,0.983,1662.042,-43.485
2021-05-09T01:40:42Z,242.243,2.964,-0.529,0.809,0.82,0.533,0.99,1127.785,-49.741
2021-05-09T01:41:42Z,242.312,3.137,-0.586,0.811,0.804,0.531,0.99,1060.766,-50.251
2021-05-09T01:42:42Z,241.851,3.204,-0.63,0.813,0.773,0.526,0.99,1036.793,-49.811
2021-05-09T01:43:42Z,242.569,2.347,-0.488,0.812,0.794,0.539,0.99,1195.404,-49.104
2021-05-09T01:44:42Z,242.771,2.42,-0.19,0.826,0.737,0.552,0.986,1829.96,-45.903
2021-05-09T01:45:42Z,241.961,2.174,-0.385,0.811,0.808,0.537,0.99,1250.63,-48.596
2021-05-09T01:46:42Z,243.294,3.264,-0.509,0.808,0.817,0.535,0.991,1149.238,-49.633
2021-05-09T01:47:42Z,241.775,3.251,-0.585,0.799,0.87,0.535,0.991,1086.138,-49.954
2021-05-09T01:48:42Z,242.539,2.757,-0.591,0.818,0.749,0.526,0.99,1097.788,-49.683
2021-05-09T01:49:42Z,242.44,2.371,-0.584,0.82,0.728,0.532,0.99,1149.237,-49.432
2021-05-09T01:50:42Z,242.633,2.269,-0.543,0.822,0.713,0.537,0.99,1246.969,-49.694
2021-05-09T01:51:42Z,241.75,2.339,-0.567,0.808,0.814,0.528,0.99,1134.463,-49.416
2021-05-09T01:52:42Z,242.527,2.517,-0.579,0.829,0.655,0.526,0.99,1145.849,-49.254
2021-05-09T01:53:42Z,241.819,2.938,-0.596,0.819,0.74,0.526,0.99,1057.956,-50.056
2021-05-09T01:54:42Z,241.872,3.055,-0.604,0.804,0.837,0.531,0.99,1072.372,-50.299
2021-05-09T01:55:42Z,241.927,2.364,-0.543,0.811,0.8,0.537,0.99,1172.683,-49.532
2021-05-09T01:56:42Z,242.387,2.695,-0.574,0.819,0.737,0.525,0.99,1096.902,-49.82
2021-05-09T01:57:42Z,242.345,2.661,-0.591,0.814,0.775,0.522,0.99,1062.434,-49.364
2021-05-09T01:58:42Z,243.091,2.672,-0.599,0.816,0.754,0.526,0.991,1106.786,-49.64
2021-05-09T01:59:42Z,242.397,2.952,-0.597,0.811,0.798,0.525,0.99,1071.184,-50.155
2021-05-09T02:00:42Z,242.73,2.489,-0.548,0.812,0.784,0.541,0.99,1282.118,-49.011
2021-05-09T02:01:42Z,242.853,2.717,-0.569,0.805,0.841,0.536,0.99,1137.033,-50.206
2021-05-09T02:02:42Z,242.362,2.506,-0.548,0.818,0.753,0.53,0.99,1120.147,-49.969
2021-05-09T02:03:42Z,242.221,2.853,-0.573,0.804,0.846,0.533,0.99,1109.719,-50.354
2021-05-09T02:04:42Z,242.48,2.545,-0.557,0.813,0.783,0.537,0.99,1178.494,-49.98
2021-05-09T02:05:42Z,242.462,2.732,-0.522,0.809,0.819,0.537,0.99,1156.03,-49.87
2021-05-09T02:06:42Z,241.702,3.322,-0.587,0.815,0.761,0.533,0.991,1090.321,-50.222
2021-05-09T02:07:42Z,242.198,3.31,-0.598,0.797,0.879,0.531,0.991,1061.427,-49.945
2021-05-09T02:08:42Z,241.918,3.215,-0.592,0.791,0.915,0.536,0.991,1106.863,-50.425
2021-05-09T02:09:42Z,242.596,3.093,-0.585,0.802,0.843,0.536,0.99,1123.304,-50.376
2021-05-09T02:10:42Z,242.51,3.124,-0.576,0.794,0.899,0.541,0.991,1173.895,-50.183
2021-05-09T02:11:42Z,242.285,2.778,-0.545,0.808,0.82,0.538,0.99,1159.846,-50.261
2021-05-09T02:12:42Z,242.857,2.846,-0.563,0.82,0.728,0.533,0.99,1131.679,-49.919
2021-05-09T02:13:42Z,242.288,3.173,-0.557,0.798,0.88,0.533,0.991,1090.006,-50.278
2021-05-09T02:14:42Z,242.526,3.394,-0.582,0.805,0.834,0.539,0.991,1109.224,-50.053
2021-05-09T02:15:42Z,241.794,3.222,-0.567,0.796,0.896,0.538,0.991,1118.22,-50.402
2021-05-09T02:16:42Z,242.183,2.768,-0.542,0.812,0.793,0.533,0.99,1148.144,-49.811
2021-05-09T02:17:42Z,242.082,3.214,-0.573,0.8,0.867,0.526,0.991,1059.768,-49.964
2021-05-09T02:18:42Z,242.225,3.357,-0.566,0.828,0.662,0.53,0.99,1086.699,-49.75
2021-05-09T02:19:42Z,242.263,3.731,-0.565,0.796,0.888,0.539,0.991,1115.401,-50.14
2021-05-09T02:20:42Z,242.67,3.456,-0.569,0.807,0.82,0.536,0.991,1111.646,-50.204
2021-05-09T02:21:42Z,242.324,3.23,-0.563,0.809,0.807,0.533,0.99,1104.614,-50.18
2021-05-09T02:22:42Z,242.752,2.382,-0.48,0.791,0.925,0.555,0.99,1357.299,-49.365
2021-05-09T02:23:42Z,241.921,2.729,-0.536,0.794,0.904,0.546,0.99,1240.819,-49.87
2021-05-09T02:24:42Z,243.276,2.934,-0.566,0.802,0.859,0.53,0.99,1119.198,-49.714
2021-05-09T02:25:42Z,242.14,3.19,-0.556,0.794,0.905,0.535,0.991,1114.216,-50.025
2021-05-09T02:26:42Z,242.193,3.041,-0.535,0.803,0.859,0.531,0.991,1105.278,-50.045
2021-05-09T02:27:42Z,241.75,3.621,-0.578,0.8,0.864,0.535,0.991,1086.201,-49.925
2021-05-09T02:28:42Z,242.29,3.277,-0.558,0.811,0.791,0.541,0.99,1146.318,-50.006
2021-05-09T02:29:42Z,242.832,2.753,-0.53,0.794,0.909,0.541,0.99,1208.676,-50.004
2021-05-09T02:30:42Z,242.288,2.879,-0.512,0.813,0.789,0.538,0.99,1195.502,-49.734
2021-05-09T02:31:42Z,241.685,3.096,-0.531,0.798,0.889,0.531,0.991,1087.692,-50.165
2021-05-09T02:32:42Z,242.65,3.057,-0.541,0.811,0.799,0.533,0.991,1133.516,-49.671
2021-05-09T02:33:42Z,242.693,3.145,-0.527,0.809,0.819,0.541,0.99,1207.953,-49.469
2021-05-09T02:34:42Z,241.908,3.157,-0.523,0.812,0.801,0.535,0.99,1142.264,-49.703
2021-05-09T02:35:42Z,242.294,3.069,-0.51,0.81,0.803,0.542,0.99,1202.149,-50.148
2021-05-09T02:36:42Z,241.78,3.475,-0.535,0.788,0.943,0.545,0.99,1152.759,-50.543
2021-05-09T02:37:42Z,242.22,3.487,-0.552,0.801,0.855,0.538,0.991,1131.314,-50.106
2021-05-09T02:38:42Z,242.07,3.293,-0.527,0.797,0.887,0.543,0.991,1162.381,-50.445
2021-05-09T02:39:42Z,242.433,2.802,-0.527,0.829,0.657,0.542,0.99,1221.986,-49.52
2021-05-09T02:40:42Z,242.37,2.576,-0.46,0.807,0.829,0.547,0.99,1287.07,-49.656
2021-05-09T02:41:42Z,242.224,2.755,-0.5,0.818,0.755,0.542,0.99,1199.544,-49.646
2021-05-09T02:42:42Z,242.292,3.445,-0.526,0.795,0.904,0.533,0.991,1089.093,-50.137
2021-05-09T02:44:42Z,242.478,3.44,-0.527,0.802,0.861,0.536,0.991,1129.512,-50.179
2021-05-09T02:45:42Z,241.993,3.365,-0.527,0.829,0.66,0.534,0.99,1101.812,-50.162
2021-05-09T02:46:42Z,241.774,3.559,-0.527,0.797,0.887,0.536,0.991,1114.211,-50.127
2021-05-09T02:47:42Z,242.185,3.63,-0.533,0.779,0.987,0.543,0.991,1138.858,-50.222
2021-05-09T02:48:42Z,241.778,3.292,-0.521,0.795,0.904,0.547,0.99,1164.735,-50.254
2021-05-09T02:49:42Z,242.47,3.041,-0.515,0.799,0.881,0.543,0.99,1185.454,-50.09
2021-05-09T02:50:42Z,242.599,3.09,-0.499,0.808,0.823,0.543,0.99,1214.356,-50.133
2021-05-09T02:51:42Z,242.467,3.098,-0.531,0.813,0.785,0.531,0.99,1106.536,-49.861
2021-05-09T02:52:42Z,242.319,3.316,-0.522,0.8,0.871,0.534,0.991,1102.496,-50.135
2021-05-09T02:53:42Z,241.829,3.581,-0.527,0.799,0.882,0.538,0.99,1109.427,-50.115
2021-05-09T02:54:42Z,242.139,3.689,-0.528,0.794,0.912,0.543,0.991,1125.804,-50.103
2021-05-09T02:55:42Z,241.787,3.691,-0.507,0.797,0.886,0.546,0.991,1139.651,-50.259
2021-05-09T02:56:42Z,242.138,3.596,-0.552,0.797,0.882,0.541,0.991,1128.538,-50.022
2021-05-09T02:57:42Z,241.953,3.597,-0.524,0.789,0.931,0.541,0.991,1130.841,-50.193
2021-05-09T02:58:42Z,242.195,3.693,-0.529,0.784,0.964,0.543,0.991,1132.227,-50.064
2021-05-09T02:59:42Z,242.047,3.896,-0.521,0.789,0.933,0.545,0.991,1144.427,-50.043
2021-05-09T03:00:42Z,241.803,3.964,-0.536,0.781,0.983,0.544,0.991,1138.32,-49.953
2021-05-09T03:01:42Z,242.12,3.797,-0.511,0.789,0.937,0.55,0.991,1166.353,-50.158
2021-05-09T03:02:42Z,241.944,3.788,-0.543,0.792,0.912,0.538,0.991,1110.461,-49.896
2021-05-09T03:03:42Z,241.897,3.752,-0.523,0.784,0.957,0.541,0.991,1128.407,-49.976
2021-05-09T03:04:42Z,242.194,3.708,-0.533,0.804,0.839,0.545,0.991,1144.252,-50.042
2021-05-09T03:05:42Z,242.045,3.641,-0.519,0.804,0.844,0.538,0.991,1125.251,-49.948
2021-05-09T03:06:42Z,241.871,3.45,-0.525,0.783,0.968,0.54,0.991,1132.138,-50.13
2021-05-09T03:07:42Z,242.345,3.367,-0.527,0.807,0.828,0.533,0.991,1102.525,-49.907
2021-05-09T03:08:42Z,242.466,3.385,-0.499,0.798,0.878,0.54,0.991,1162.096,-50.223
2021-05-09T03:09:42Z,241.765,3.818,-0.527,0.772,1.027,0.547,0.991,1155.124,-50.065
