2021-05-21T09:57:25Z,276.633,12.103,-0.249,0.885,0.217,0.289,0.944,391.633,-48.948
2021-05-21T09:58:25Z,243.682,6.71,0.386,0.891,0.156,0.301,0.96,523.387,-51.563
2021-05-21T09:59:25Z,270.775,4.717,0.586,0.813,0.686,0.442,0.965,1389.291,-54.956
2021-05-21T10:00:25Z,260.055,9.063,0.782,0.61,1.615,0.794,0.982,4614.652,-59.545
2021-05-21T10:01:03Z,260.192,5.277,0.416,0.887,0.201,0.369,0.968,871.297,-53.399
2021-05-21T10:01:25Z,254.311,5.867,0.174,0.847,0.544,0.4,0.964,918.391,-51.727
2021-05-21T10:02:25Z,265.057,7.861,0.502,0.823,0.683,0.52,0.971,1689.034,-56.127
2021-05-21T10:03:25Z,263.543,11.063,0.479,0.783,0.819,0.481,0.965,1600.664,-52.509
2021-05-21T10:04:25Z,302.442,5.796,-0.124,0.872,0.362,0.347,0.946,564.802,-44.326
2021-05-21T10:05:25Z,326.974,10.32,-0.68,0.851,0.617,0.46,0.948,857.381,-38.774
2021-05-21T10:06:25Z,314.752,12.678,-0.82,0.821,0.819,0.452,0.945,929.302,-42.574
2021-05-21T10:07:25Z,273.784,5.381,-0.053,0.878,0.315,0.359,0.952,594.607,-49.719
2021-05-21T10:08:25Z,256.583,6.572,-0.096,0.891,0.161,0.287,0.955,331.454,-44.048
2021-05-21T10:09:25Z,318.448,9.987,-0.094,0.846,0.543,0.343,0.956,503.072,-42.981
2021-05-21T10:10:25Z,295.619,10.181,0.159,0.864,0.372,0.314,0.954,603.831,-48.272
2021-05-21T10:11:25Z,273.522,7.374,0.594,0.829,0.556,0.531,0.971,2239.14,-56.382
2021-05-21T10:12:25Z,243.617,1.969,0.681,0.429,1.966,0.88,0.989,5664.017,-61.339
2021-05-21T10:13:25Z,244.542,4.522,0.718,0.822,0.752,0.903,0.989,5864.593,-61.486
2021-05-21T10:14:25Z,243.974,1.906,0.686,0.183,2.247,0.904,0.99,5956.783,-61.519
2021-05-21T10:15:25Z,245.625,3.225,0.644,0.45,1.961,0.903,0.989,5806.895,-61.342
2021-05-21T10:16:25Z,245.135,3.696,0.706,0.138,2.271,0.926,0.99,6382.702,-61.611
2021-05-21T10:17:25Z,246.962,3.465,0.713,0.375,2.049,0.922,0.99,6272.852,-61.629
2021-05-21T10:18:25Z,245.307,2.573,0.71,0.089,2.289,0.93,0.99,6573.688,-61.782
2021-05-21T10:19:25Z,246.911,3.089,0.714,0.182,2.247,0.921,0.99,6324.902,-61.627
2021-05-21T10:20:25Z,247.304,5.941,0.619,0.455,1.951,0.911,0.988,5810.196,-60.97
2021-05-21T10:21:25Z,248.477,5.938,0.664,0.499,1.862,0.899,0.988,5590.011,-60.717
2021-05-21T10:22:25Z,250.661,9.109,0.763,0.547,1.705,0.887,0.987,5475.25,-60.41
2021-05-21T10:23:25Z,247.926,8.509,0.718,0.563,1.642,0.874,0.987,5029.856,-59.875
2021-05-21T10:24:25Z,245.274,4.503,0.653,0.562,1.747,0.917,0.989,6044.091,-61.508
2021-05-21T10:25:25Z,245.115,1.191,0.673,0.156,2.261,0.923,0.99,6414.279,-61.964
2021-05-21T10:26:25Z,245.202,1.546,0.685,0.103,2.285,0.925,0.99,6449.176,-61.917
2021-05-21T10:27:25Z,244.016,2.718,0.688,0.336,2.116,0.923,0.989,6261.545,-61.63
2021-05-21T10:28:25Z,245.277,1.462,0.671,0.081,2.292,0.924,0.99,6405.513,-61.889
2021-05-21T10:29:25Z,245.311,2.48,0.702,0.086,2.291,0.921,0.99,6267.851,-61.734
2021-05-21T10:30:25Z,245.315,1.852,0.702,0.113,2.282,0.926,0.99,6447.955,-61.826
2021-05-21T10:31:25Z,244.643,1.508,0.695,0.075,2.293,0.925,0.99,6437.228,-61.852
2021-05-21T10:32:25Z,245.576,1.403,0.677,0.12,2.278,0.923,0.99,6413.642,-61.927
2021-05-21T10:33:25Z,245.549,1.175,0.678,0.088,2.29,0.924,0.99,6453.344,-61.946
2021-05-21T10:34:25Z,245.292,1.34,0.685,0.061,2.296,0.927,0.99,6532.726,-61.992
2021-05-21T10:35:25Z,244.472,0.888,0.679,0.073,2.294,0.928,0.99,6560.556,-62.001
2021-05-21T10:36:25Z,244.36,2.887,0.678,0.467,1.914,0.926,0.989,6415.856,-61.876
2021-05-21T10:37:25Z,244.836,1.034,0.684,0.068,2.295,0.927,0.99,6546.936,-61.958
2021-05-21T10:38:25Z,245.168,1.194,0.675,0.09,2.289,0.925,0.99,6474.407,-61.977
2021-05-21T10:39:25Z,244.817,1.055,0.676,0.07,2.294,0.925,0.99,6465.046,-61.931
2021-05-21T10:40:25Z,245.506,1.274,0.687,0.096,2.288,0.925,0.99,6439.94,-61.841
2021-05-21T10:41:25Z,245.759,1.205,0.685,0.386,2.042,0.925,0.99,6480.765,-61.918
2021-05-21T10:42:25Z,245.135,1.203,0.691,0.069,2.295,0.926,0.99,6496.622,-61.917
2021-05-21T10:43:25Z,244.633,1.054,0.686,0.054,2.298,0.927,0.99,6536.842,-61.893
2021-05-21T10:44:25Z,244.824,1.171,0.685,0.064,2.296,0.928,0.99,6543.22,-61.951
2021-05-21T10:45:25Z,245.279,2.176,0.704,0.076,2.293,0.928,0.99,6512.069,-61.772
2021-05-21T10:46:25Z,245.241,1.268,0.707,0.084,2.291,0.927,0.99,6494.313,-61.76
2021-05-21T10:47:25Z,249.861,19.72,0.983,0.666,1.456,0.7,0.956,4916.189,-56.223
2021-05-21T10:48:25Z,246.793,16.331,0.944,0.574,1.686,0.786,0.975,5163.531,-59.365
2021-05-21T10:49:25Z,244.964,5.818,0.736,0.698,1.252,0.924,0.989,6416.862,-61.625
2021-05-21T10:50:25Z,245.36,1.498,0.698,0.091,2.29,0.926,0.99,6469.953,-61.832
2021-05-21T10:51:25Z,245.152,3.789,0.668,0.236,2.213,0.922,0.99,6251.674,-61.515
2021-05-21T10:52:25Z,246.035,5.696,0.768,0.362,2.084,0.916,0.989,6089.834,-61.125
2021-05-21T10:53:25Z,245.716,3.925,0.719,0.552,1.756,0.924,0.989,6358.086,-61.637
2021-05-21T10:54:25Z,245.925,3.696,0.709,0.387,2.051,0.925,0.99,6428.057,-61.727
2021-05-21T10:55:25Z,246.563,5.918,0.699,0.63,1.541,0.922,0.989,6150.16,-61.529
2021-05-21T10:56:25Z,247.109,8.979,0.777,0.523,1.776,0.892,0.987,5441.613,-60.634
2021-05-21T10:57:25Z,246.057,9.803,0.866,0.568,1.728,0.871,0.985,5772.46,-60.065
2021-05-21T10:58:25Z,247.371,11.644,0.817,0.473,1.9,0.882,0.985,5416.283,-60.544
2021-05-21T10:59:25Z,247.12,8.818,0.777,0.586,1.68,0.898,0.987,5594.421,-61.008
2021-05-21T11:00:25Z,246.767,9.893,0.849,0.542,1.733,0.874,0.984,5338.876,-60.047
2021-05-21T11:01:25Z,244.99,1.169,0.681,0.125,2.277,0.924,0.99,6456.346,-61.863
2021-05-21T11:02:25Z,245.181,1.222,0.684,0.105,2.285,0.923,0.99,6427.924,-61.861
2021-05-21T11:03:25Z,247.662,3.103,0.691,0.177,2.25,0.926,0.99,6474.826,-61.824
2021-05-21T11:04:25Z,245.318,1.509,0.691,0.185,2.246,0.925,0.99,6500.192,-61.845
2021-05-21T11:05:25Z,246.371,1.67,0.698,0.314,2.131,0.929,0.99,6655.986,-61.829
2021-05-21T11:06:25Z,246.587,2.14,0.707,0.391,2.039,0.928,0.99,6542.556,-61.759
2021-05-21T11:07:25Z,246.161,1.69,0.696,0.384,2.046,0.927,0.99,6548.922,-61.78
2021-05-21T11:08:25Z,244.962,1.413,0.694,0.087,2.291,0.925,0.99,6478.596,-61.796
2021-05-21T11:09:25Z,244.712,1.545,0.696,0.101,2.287,0.923,0.99,6386.398,-61.741
2021-05-21T11:10:25Z,245.297,1.486,0.696,0.053,2.298,0.923,0.99,6384.636,-61.728
2021-05-21T11:11:25Z,245.271,1.676,0.701,0.076,2.294,0.922,0.99,6381.462,-61.712
2021-05-21T11:12:25Z,245.2,2.821,0.727,0.159,2.263,0.921,0.99,6267.956,-61.501
2021-05-21T11:13:25Z,245.124,1.66,0.705,0.077,2.293,0.926,0.99,6448.493,-61.757
2021-05-21T11:14:25Z,244.944,1.558,0.703,0.184,2.249,0.924,0.99,6423.407,-61.771
2021-05-21T11:15:25Z,246.881,6.745,0.756,0.601,1.628,0.92,0.988,6240.155,-61.505
2021-05-21T11:16:25Z,245.238,1.911,0.665,0.462,1.936,0.916,0.99,6181.281,-61.703
2021-05-21T11:17:25Z,244.962,1.141,0.678,0.084,2.291,0.925,0.99,6480.544,-61.909
2021-05-21T11:18:25Z,244.552,1.009,0.671,0.072,2.294,0.925,0.99,6487.765,-61.891
2021-05-21T11:19:25Z,247.852,3.902,0.676,0.538,1.76,0.928,0.99,6563.928,-61.931
2021-05-21T11:20:25Z,245.161,0.945,0.672,0.065,2.295,0.926,0.99,6512.37,-61.925
2021-05-21T11:21:25Z,246.509,2.25,0.667,0.117,2.279,0.921,0.99,6369.137,-61.892
2021-05-21T11:22:25Z,244.742,1.178,0.669,0.075,2.293,0.924,0.99,6423.78,-61.867
2021-05-21T11:23:25Z,247.471,5.095,0.707,0.753,1.152,0.909,0.989,6004.287,-61.719
2021-05-21T11:24:25Z,245.087,1.889,0.679,0.109,2.284,0.925,0.99,6441.799,-61.775
2021-05-21T11:25:25Z,244.964,1.711,0.677,0.201,2.237,0.922,0.99,6355.116,-61.777
2021-05-21T11:26:25Z,245.241,2.953,0.634,0.153,2.266,0.918,0.99,6080.177,-61.469
2021-05-21T11:27:25Z,244.279,3.021,0.603,0.282,2.175,0.91,0.989,5869.732,-61.306
2021-05-21T11:28:25Z,244.175,3.119,0.662,0.146,2.269,0.916,0.99,6069.819,-61.394
2021-05-21T11:29:25Z,243.54,12.682,0.909,0.493,1.861,0.817,0.978,5131.039,-58.761
2021-05-21T11:30:25Z,244.233,4.767,0.697,0.53,1.806,0.906,0.989,5886.934,-60.99
2021-05-21T11:31:25Z,243.268,3.138,0.633,0.585,1.702,0.874,0.989,5430.888,-60.702
2021-05-21T11:32:25Z,242.732,2.583,0.622,0.601,1.643,0.888,0.989,5645.369,-61.023
2021-05-21T11:33:25Z,243.249,1.501,0.628,0.464,1.926,0.909,0.99,6044.18,-61.564
2021-05-21T11:34:25Z,242.693,2.465,0.526,0.74,1.199,0.834,0.988,5016.823,-60.63
2021-05-21T11:35:25Z,242.196,2.301,0.54,0.656,1.507,0.846,0.989,5192.922,-60.804
2021-05-21T11:36:25Z,241.519,2.923,0.577,0.738,1.211,0.854,0.988,5178.616,-60.772
2021-05-21T11:37:25Z,241.325,3.717,0.533,0.696,1.324,0.794,0.987,4473.628,-59.96
2021-05-21T11:38:25Z,240.733,3.929,0.551,0.646,1.515,0.784,0.987,4347.56,-59.762
2021-05-21T11:39:25Z,239.827,3.784,0.434,0.736,1.208,0.705,0.985,3783.149,-59.331
2021-05-21T11:40:25Z,241.362,4.339,0.494,0.717,1.281,0.771,0.986,4368.972,-59.913
2021-05-21T11:41:25Z,240.743,4.044,0.33,0.742,1.203,0.675,0.984,3577.639,-59.162
2021-05-21T11:42:25Z,240.527,3.336,0.316,0.792,0.987,0.672,0.984,3628.638,-59.36
2021-05-21T11:43:25Z,240.751,3.48,0.469,0.751,1.164,0.768,0.986,4382.047,-60.089
2021-05-21T11:44:25Z,242.043,2.792,0.58,0.78,0.985,0.856,0.987,5296.33,-61.151
2021-05-21T11:45:25Z,244.232,1.515,0.686,0.269,2.185,0.923,0.99,6411.949,-61.704
2021-05-21T11:46:25Z,240.981,3.06,0.598,0.733,1.214,0.861,0.988,5277.361,-60.863
2021-05-21T11:47:25Z,239.26,5.428,0.312,0.767,1.091,0.628,0.982,3185.808,-58.317
2021-05-21T11:48:25Z,242.195,2.754,0.628,0.573,1.712,0.889,0.989,5659.954,-61.036
2021-05-21T11:49:25Z,240.642,3.727,0.46,0.711,1.321,0.753,0.986,4271.913,-59.675
2021-05-21T11:50:25Z,241.365,6.063,0.549,0.634,1.561,0.78,0.986,4313.468,-59.501
2021-05-21T11:51:25Z,240.833,2.947,0.52,0.72,1.272,0.811,0.987,4770.057,-60.449
2021-05-21T11:52:25Z,241.864,4.481,0.127,0.777,1.055,0.602,0.982,3064.321,-58.338
2021-05-21T11:53:25Z,241.335,7.618,0.024,0.754,1.172,0.503,0.975,2411.421,-57.461
2021-05-21T11:54:25Z,246.064,4.266,0.628,0.72,1.218,0.881,0.988,5517.759,-60.842
2021-05-21T11:55:25Z,243.921,1.524,0.68,0.692,1.372,0.918,0.99,6244.925,-61.587
2021-05-21T11:56:25Z,242.211,1.884,0.556,0.852,0.55,0.857,0.988,5206.524,-61.087
2021-05-21T11:57:25Z,236.678,4.242,0.055,0.82,0.821,0.552,0.979,2560.479,-57.747
2021-05-21T11:58:25Z,243.266,4.804,0.345,0.758,1.139,0.721,0.983,3924.132,-60.044
2021-05-21T11:59:25Z,262.5,13.937,0.52,0.532,1.822,0.607,0.952,3027.52,-48.772
2021-05-21T12:00:25Z,233.788,6.131,-0.15,0.796,0.967,0.538,0.973,1576.029,-54.738
2021-05-21T12:01:25Z,242.376,1.723,0.518,0.833,0.727,0.884,0.989,5424.766,-61.042
2021-05-21T12:02:25Z,243.475,1.342,0.669,0.119,2.279,0.918,0.99,6248.616,-61.583
2021-05-21T12:03:25Z,244.431,1.345,0.68,0.072,2.294,0.923,0.99,6418.001,-61.763
2021-05-21T12:04:25Z,244.738,1.678,0.687,0.077,2.293,0.927,0.99,6524.318,-61.797
2021-05-21T12:05:25Z,241.995,1.461,0.392,0.69,1.4,0.881,0.988,5403.34,-61.24
2021-05-21T12:06:25Z,244.137,1.221,0.684,0.159,2.261,0.927,0.99,6526.099,-61.801
2021-05-21T12:07:25Z,244.315,1.381,0.665,0.072,2.294,0.921,0.99,6343.613,-61.703
2021-05-21T12:08:25Z,244.6,2.013,0.701,0.171,2.257,0.926,0.99,6495.685,-61.609
2021-05-21T12:09:25Z,245.127,1.666,0.687,0.21,2.232,0.923,0.99,6408.823,-61.656
2021-05-21T12:10:25Z,244.029,1.818,0.694,0.313,2.144,0.924,0.99,6448.816,-61.579
2021-05-21T12:11:25Z,244.722,1.69,0.677,0.338,2.116,0.919,0.99,6309.515,-61.596
2021-05-21T12:12:25Z,244.287,1.524,0.684,0.172,2.255,0.925,0.99,6445.929,-61.657
2021-05-21T12:13:25Z,244.657,3.459,0.676,0.429,1.996,0.918,0.99,6201.935,-61.441
2021-05-21T12:14:25Z,244.043,1.717,0.69,0.106,2.285,0.925,0.99,6494.973,-61.604
2021-05-21T12:15:25Z,245.082,2.001,0.693,0.1,2.287,0.923,0.99,6392.419,-61.652
2021-05-21T12:16:25Z,244.518,1.495,0.683,0.074,2.294,0.927,0.99,6508.951,-61.705
2021-05-21T12:17:25Z,244.571,1.468,0.683,0.091,2.289,0.924,0.99,6456.518,-61.722
2021-05-21T12:18:25Z,244.585,1.512,0.68,0.069,2.295,0.925,0.99,6475.308,-61.685
2021-05-21T12:19:25Z,246.532,9.639,0.795,0.524,1.79,0.905,0.986,6091.119,-61.059
2021-05-21T12:20:25Z,246.109,8.164,0.783,0.551,1.743,0.908,0.987,6134.806,-61.072
2021-05-21T12:21:25Z,245.351,3.765,0.714,0.341,2.107,0.927,0.989,6466.395,-61.604
2021-05-21T12:22:25Z,244.579,1.197,0.673,0.273,2.176,0.922,0.99,6415.293,-61.771
2021-05-21T12:23:25Z,244.055,1.148,0.684,0.077,2.293,0.927,0.99,6547.563,-61.81
2021-05-21T12:24:25Z,244.761,1.173,0.676,0.076,2.293,0.924,0.99,6495.283,-61.756
2021-05-21T12:25:25Z,244.405,1.049,0.681,0.414,2.001,0.925,0.99,6489.414,-61.785
2021-05-21T12:26:25Z,244.166,1.296,0.694,0.096,2.288,0.924,0.99,6520.404,-61.665
2021-05-21T12:27:25Z,245.127,1.183,0.672,0.074,2.293,0.924,0.99,6471.846,-61.802
2021-05-21T12:28:25Z,243.912,1.218,0.682,0.075,2.293,0.928,0.99,6566.621,-61.813
2021-05-21T12:29:25Z,244.861,1.602,0.684,0.104,2.285,0.923,0.99,6409.786,-61.732
2021-05-21T12:30:25Z,244.416,1.204,0.684,0.101,2.286,0.926,0.99,6530.777,-61.757
2021-05-21T12:31:25Z,244.576,1.214,0.682,0.076,2.293,0.925,0.99,6507.423,-61.803
2021-05-21T12:32:25Z,245.283,1.128,0.676,0.081,2.292,0.924,0.99,6495.595,-61.802
2021-05-21T12:33:25Z,244.602,1.118,0.683,0.069,2.295,0.928,0.99,6596.276,-61.829
2021-05-21T12:34:25Z,245.984,1.222,0.669,0.08,2.292,0.924,0.99,6474.473,-61.799
2021-05-21T12:35:25Z,244.497,0.948,0.67,0.062,2.296,0.925,0.99,6518.907,-61.801
2021-05-21T12:36:25Z,252.462,2.898,0.425,0.525,1.816,0.901,0.989,5966.958,-61.585
2021-05-21T12:37:25Z,244.929,1.07,0.669,0.061,2.296,0.923,0.99,6451.832,-61.793
2021-05-21T12:38:25Z,244.451,1.149,0.682,0.055,2.298,0.927,0.99,6542.868,-61.786
2021-05-21T12:39:25Z,245.269,1.191,0.684,0.9,0.0,0.777,0.982,4494.848,-61.433
2021-05-21T12:40:26Z,245.111,1.164,0.68,0.316,2.129,0.927,0.99,6556.366,-61.774
2021-05-21T12:41:26Z,244.574,1.1,0.675,0.089,2.29,0.923,0.99,6460.428,-61.778
2021-05-21T12:42:26Z,244.99,1.312,0.682,0.071,2.294,0.924,0.99,6446.324,-61.694
2021-05-21T12:43:26Z,244.641,1.826,0.69,0.103,2.285,0.926,0.99,6468.879,-61.643
2021-05-21T12:44:26Z,245.541,4.632,0.72,0.382,2.062,0.919,0.989,6177.342,-61.328
2021-05-21T12:45:26Z,245.816,3.342,0.727,0.215,2.23,0.922,0.99,6277.706,-61.363
2021-05-21T12:46:26Z,244.699,2.444,0.711,0.085,2.291,0.925,0.99,6446.744,-61.523
2021-05-21T12:47:26Z,244.798,1.757,0.692,0.071,2.295,0.923,0.99,6426.595,-61.592
2021-05-21T12:48:26Z,244.58,1.843,0.694,0.129,2.276,0.921,0.99,6337.321,-61.566
2021-05-21T12:49:26Z,244.927,1.4,0.698,0.45,1.948,0.924,0.99,6520.452,-61.647
2021-05-21T12:50:26Z,244.2,1.424,0.637,0.074,2.294,0.922,0.99,6349.122,-61.591
2021-05-21T12:51:26Z,244.447,1.566,0.552,0.196,2.239,0.915,0.99,6178.879,-61.384
2021-05-21T12:52:26Z,244.227,1.488,0.591,0.086,2.29,0.92,0.99,6278.819,-61.512
2021-05-21T12:53:26Z,244.33,1.507,0.65,0.075,2.293,0.924,0.99,6442.607,-61.551
2021-05-21T12:54:26Z,244.675,1.152,0.675,0.084,2.291,0.923,0.99,6476.309,-61.713
2021-05-21T12:55:26Z,253.755,2.541,0.7,0.768,0.947,0.92,0.989,6451.849,-61.071
2021-05-21T12:56:26Z,249.463,2.275,0.7,0.199,2.235,0.927,0.989,6575.159,-61.542
2021-05-21T12:57:26Z,251.046,2.269,0.696,0.17,2.253,0.925,0.989,6590.814,-61.327
2021-05-21T12:58:26Z,247.829,2.196,0.693,0.214,2.226,0.921,0.99,6420.865,-61.392
2021-05-21T12:59:26Z,245.307,3.139,0.697,0.383,2.052,0.923,0.99,6452.763,-61.581
2021-05-21T13:00:26Z,244.784,1.886,0.685,0.12,2.279,0.918,0.99,6347.353,-61.465
2021-05-21T13:01:26Z,246.886,2.017,0.662,0.214,2.221,0.91,0.99,6190.948,-61.158
2021-05-21T13:02:26Z,249.269,4.459,0.641,0.782,1.018,0.863,0.988,5276.347,-60.459
2021-05-21T13:03:26Z,245.541,3.498,0.712,0.774,1.059,0.9,0.989,5971.837,-61.102
2021-05-21T13:04:26Z,247.227,3.464,0.692,0.542,1.768,0.912,0.989,6191.316,-61.25
2021-05-21T13:05:26Z,244.851,1.343,0.664,0.589,1.642,0.923,0.99,6471.875,-61.551
2021-05-21T13:06:26Z,244.942,1.308,0.676,0.098,2.286,0.921,0.99,6415.214,-61.657
2021-05-21T13:07:26Z,245.427,1.01,0.673,0.058,2.297,0.921,0.99,6424.993,-61.662
2021-05-21T13:08:26Z,245.114,2.312,0.681,0.482,1.891,0.921,0.99,6362.8,-61.653
2021-05-21T13:09:26Z,245.208,1.273,0.675,0.074,2.293,0.923,0.99,6454.694,-61.689
2021-05-21T13:10:26Z,244.703,1.667,0.665,0.214,2.223,0.922,0.99,6380.035,-61.598
2021-05-21T13:11:26Z,250.068,3.974,0.598,0.708,1.291,0.887,0.987,5765.836,-60.382
2021-05-21T13:12:26Z,240.893,3.45,-0.241,0.864,0.488,0.448,0.967,1289.769,-53.503
2021-05-21T13:13:26Z,245.262,5.005,0.736,0.671,1.398,0.913,0.989,6030.83,-61.086
2021-05-21T13:14:26Z,245.048,2.181,0.681,0.339,2.109,0.922,0.99,6316.893,-61.524
2021-05-21T13:15:26Z,244.867,1.461,0.687,0.079,2.292,0.922,0.99,6393.461,-61.563
2021-05-21T13:16:26Z,246.361,5.441,0.738,0.676,1.437,0.913,0.989,6140.423,-61.227
2021-05-21T13:17:26Z,245.721,2.57,0.716,0.353,2.095,0.919,0.99,6279.455,-61.365
2021-05-21T13:18:26Z,248.011,2.787,0.713,0.612,1.611,0.924,0.989,6431.44,-61.53
2021-05-21T13:19:26Z,245.125,1.919,0.7,0.088,2.29,0.924,0.99,6454.93,-61.632
2021-05-21T13:20:26Z,245.389,1.794,0.68,0.099,2.287,0.924,0.99,6408.28,-61.696
2021-05-21T13:21:26Z,236.62,1.707,-0.724,0.799,0.732,0.53,0.965,1962.519,-59.088
2021-05-21T13:22:26Z,244.653,1.45,0.67,0.064,2.296,0.923,0.99,6433.929,-61.651
2021-05-21T13:23:26Z,244.869,1.347,0.679,0.079,2.292,0.924,0.99,6492.395,-61.74
2021-05-21T13:24:26Z,244.798,1.316,0.675,0.494,1.875,0.923,0.99,6436.851,-61.716
2021-05-21T13:25:26Z,247.265,1.361,0.644,0.9,0.0,0.41,0.969,1469.509,-60.82
2021-05-21T13:26:27Z,244.499,0.88,0.618,0.078,2.292,0.92,0.99,6378.21,-61.696
2021-05-21T13:27:27Z,244.752,1.009,0.67,0.063,2.296,0.923,0.99,6466.901,-61.732
2021-05-21T13:28:27Z,239.866,1.382,0.327,0.84,0.681,0.791,0.984,4264.542,-60.917
2021-05-21T13:29:27Z,245.028,9.345,0.767,0.414,1.996,0.904,0.986,5920.716,-60.967
2021-05-21T13:30:27Z,243.638,1.806,0.576,0.077,2.293,0.918,0.99,6188.19,-61.437
2021-05-21T13:31:27Z,244.062,2.374,0.628,0.181,2.247,0.921,0.99,6299.134,-61.554
2021-05-21T13:32:27Z,244.504,2.07,0.639,0.076,2.293,0.922,0.99,6318.628,-61.573
2021-05-21T13:33:27Z,244.756,1.991,0.636,0.158,2.262,0.921,0.99,6270.935,-61.512
2021-05-21T13:34:27Z,244.051,2.066,0.632,0.126,2.277,0.921,0.99,6242.089,-61.552
2021-05-21T13:35:27Z,244.453,1.57,0.65,0.082,2.291,0.924,0.99,6432.036,-61.664
2021-05-21T13:36:27Z,243.932,1.46,0.671,0.082,2.292,0.924,0.99,6464.885,-61.653
2021-05-21T13:37:27Z,244.256,1.881,0.636,0.839,0.661,0.914,0.989,6157.482,-61.533
2021-05-21T13:38:27Z,244.284,1.039,0.663,0.178,2.247,0.92,0.99,6390.788,-61.716
2021-05-21T13:39:27Z,245.025,1.041,0.673,0.142,2.268,0.924,0.99,6492.384,-61.774
2021-05-21T13:40:27Z,245.459,2.067,0.685,0.157,2.262,0.924,0.99,6486.127,-61.62
2021-05-21T13:41:27Z,244.638,1.798,0.696,0.093,2.289,0.921,0.99,6465.04,-61.517
2021-05-21T13:42:27Z,244.5,1.292,0.674,0.083,2.291,0.925,0.99,6509.173,-61.678
2021-05-21T13:43:27Z,244.382,1.311,0.68,0.089,2.29,0.924,0.99,6485.367,-61.65
2021-05-21T13:44:27Z,244.682,1.009,0.674,0.072,2.294,0.925,0.99,6517.108,-61.76
2021-05-21T13:45:27Z,244.322,1.017,0.612,0.259,2.184,0.92,0.99,6365.194,-61.699
2021-05-21T13:46:27Z,244.252,1.353,0.658,0.085,2.29,0.922,0.99,6404.649,-61.73
2021-05-21T13:47:27Z,245.387,1.465,0.674,0.076,2.292,0.92,0.99,6408.974,-61.679
2021-05-21T13:48:27Z,244.943,1.281,0.662,0.086,2.29,0.92,0.99,6404.031,-61.583
2021-05-21T13:49:27Z,245.108,1.56,0.681,0.066,2.296,0.924,0.99,6467.349,-61.619
2021-05-21T13:50:27Z,245.531,1.525,0.677,0.079,2.292,0.924,0.99,6460.995,-61.666
2021-05-21T13:51:27Z,244.409,1.371,0.661,0.135,2.272,0.923,0.99,6426.776,-61.648
2021-05-21T13:52:27Z,244.634,1.157,0.661,0.104,2.284,0.922,0.99,6422.805,-61.73
2021-05-21T13:53:27Z,245.596,1.436,0.654,0.151,2.263,0.922,0.99,6417.16,-61.754
2021-05-21T13:54:27Z,244.827,1.149,0.638,0.144,2.266,0.923,0.99,6441.388,-61.748
2021-05-21T13:55:27Z,245.253,1.516,0.675,0.128,2.275,0.923,0.99,6442.685,-61.719
2021-05-21T13:56:27Z,245.056,1.214,0.673,0.083,2.291,0.923,0.99,6452.973,-61.707
2021-05-21T13:57:27Z,244.975,1.05,0.667,0.075,2.293,0.922,0.99,6453.111,-61.72
2021-05-21T13:58:27Z,244.23,0.853,0.662,0.078,2.292,0.923,0.99,6485.58,-61.779
2021-05-21T13:59:27Z,244.597,1.031,0.673,0.078,2.292,0.922,0.99,6470.47,-61.748
2021-05-21T14:00:27Z,244.605,1.005,0.669,0.273,2.168,0.924,0.99,6519.592,-61.759
2021-05-21T14:01:27Z,244.579,1.046,0.672,0.082,2.291,0.924,0.99,6499.983,-61.756
2021-05-21T14:02:27Z,244.292,0.992,0.676,0.066,2.295,0.923,0.99,6505.752,-61.711
2021-05-21T14:03:27Z,244.131,1.172,0.669,0.085,2.291,0.923,0.99,6468.752,-61.676
2021-05-21T14:04:27Z,244.841,1.008,0.655,0.8,0.921,0.921,0.99,6423.44,-61.707
2021-05-21T14:05:27Z,247.416,4.007,0.608,0.79,0.986,0.911,0.989,6015.099,-61.477
2021-05-21T14:06:27Z,245.478,1.425,0.671,0.088,2.289,0.924,0.99,6493.23,-61.75
2021-05-21T14:07:27Z,244.619,1.104,0.665,0.087,2.289,0.922,0.99,6450.432,-61.747
2021-05-21T14:08:27Z,244.508,0.945,0.667,0.071,2.294,0.922,0.99,6446.129,-61.742
2021-05-21T14:09:27Z,244.559,0.805,0.664,0.089,2.288,0.921,0.99,6454.263,-61.704
2021-05-21T14:10:27Z,244.791,1.011,0.667,0.063,2.296,0.924,0.99,6502.539,-61.713
2021-05-21T14:11:27Z,244.489,0.877,0.665,0.133,2.27,0.922,0.99,6471.961,-61.775
2021-05-21T14:12:27Z,244.636,0.824,0.658,0.431,1.956,0.922,0.99,6463.398,-61.76
2021-05-21T14:13:27Z,247.003,0.976,0.597,0.871,0.41,0.762,0.987,4304.561,-61.595
2021-05-21T14:14:27Z,244.815,1.141,0.672,0.079,2.291,0.923,0.99,6466.64,-61.74
2021-05-21T14:15:27Z,244.852,0.955,0.671,0.054,2.297,0.922,0.99,6469.043,-61.692
2021-05-21T14:16:27Z,245.274,1.934,0.673,0.194,2.233,0.922,0.99,6445.755,-61.706
2021-05-21T14:17:27Z,245.141,6.042,0.725,0.606,1.557,0.923,0.989,6336.301,-61.547
2021-05-21T14:18:27Z,245.198,0.977,0.676,0.077,2.293,0.922,0.99,6464.398,-61.708
2021-05-21T14:19:27Z,245.193,1.198,0.688,0.44,1.957,0.92,0.99,6409.9,-61.566
2021-05-21T14:20:27Z,244.638,1.006,0.67,0.105,2.283,0.913,0.99,6238.742,-61.372
2021-05-21T14:21:27Z,245.079,0.836,0.665,0.113,2.28,0.911,0.99,6232.118,-61.489
2021-05-21T14:22:27Z,244.076,0.831,0.662,0.067,2.295,0.92,0.99,6407.539,-61.666
2021-05-21T14:23:27Z,244.244,0.824,0.664,0.093,2.287,0.918,0.99,6369.195,-61.681
2021-05-21T14:24:27Z,246.744,0.791,0.66,0.122,2.275,0.896,0.99,5940.535,-60.965
2021-05-21T14:25:27Z,244.317,1.543,0.684,0.075,2.293,0.921,0.99,6439.951,-61.579
2021-05-21T14:26:27Z,244.438,0.932,0.678,0.071,2.294,0.922,0.99,6482.92,-61.664
2021-05-21T14:27:27Z,243.883,1.142,0.667,0.07,2.294,0.917,0.99,6320.307,-61.542
2021-05-21T14:28:27Z,245.044,1.299,0.67,0.102,2.285,0.905,0.99,6088.63,-61.236
2021-05-21T14:29:27Z,247.396,6.079,0.747,0.417,1.968,0.898,0.988,5977.94,-60.403
2021-05-21T14:30:27Z,245.728,3.633,0.696,0.299,2.14,0.913,0.989,6247.667,-61.322
2021-05-21T14:31:27Z,245.119,1.791,0.68,0.131,2.271,0.922,0.99,6449.919,-61.686
2021-05-21T14:32:27Z,252.865,1.134,0.67,0.261,2.177,0.923,0.99,6549.183,-61.662
2021-05-21T14:33:27Z,244.348,1.03,0.677,0.095,2.287,0.917,0.99,6344.126,-61.624
2021-05-21T14:34:27Z,244.857,1.077,0.672,0.065,2.295,0.921,0.99,6423.818,-61.649
2021-05-21T14:35:27Z,244.802,1.223,0.678,0.101,2.285,0.922,0.99,6442.913,-61.737
2021-05-21T14:36:27Z,245.485,1.475,0.677,0.076,2.292,0.923,0.99,6428.778,-61.726
2021-05-21T14:37:27Z,245.362,1.643,0.679,0.131,2.273,0.923,0.99,6388.199,-61.672
2021-05-21T14:38:27Z,245.066,4.021,0.718,0.442,1.963,0.922,0.989,6312.351,-61.513
2021-05-21T14:39:27Z,244.719,3.771,0.703,0.803,0.884,0.917,0.989,6176.195,-61.554
2021-05-21T14:40:27Z,247.017,13.512,0.92,0.55,1.759,0.776,0.977,5290.328,-59.816
2021-05-21T14:41:27Z,247.838,2.892,0.661,0.501,1.844,0.917,0.989,6245.966,-61.324
2021-05-21T14:42:27Z,253.409,8.136,0.391,0.502,1.863,0.883,0.988,5478.868,-60.983
2021-05-21T14:43:27Z,251.256,12.405,0.876,0.304,2.136,0.83,0.974,5330.484,-59.497
2021-05-21T14:44:27Z,245.007,2.59,0.682,0.111,2.282,0.924,0.99,6439.207,-61.618
2021-05-21T14:45:27Z,245.227,2.636,0.684,0.363,2.078,0.923,0.99,6423.174,-61.595
2021-05-21T14:46:27Z,244.732,1.369,0.669,0.088,2.29,0.925,0.99,6522.997,-61.692
2021-05-21T14:47:27Z,245.72,3.319,0.693,0.34,2.107,0.924,0.99,6451.15,-61.544
2021-05-21T14:48:27Z,244.689,2.817,0.686,0.331,2.111,0.925,0.99,6479.913,-61.623
2021-05-21T14:49:27Z,244.915,1.688,0.692,0.092,2.289,0.924,0.99,6471.446,-61.693
2021-05-21T14:50:27Z,244.665,1.285,0.694,0.295,2.154,0.924,0.99,6502.004,-61.664
2021-05-21T14:51:27Z,244.763,1.153,0.685,0.062,2.296,0.923,0.99,6481.027,-61.674
2021-05-21T14:52:27Z,245.015,1.698,0.696,0.087,2.29,0.924,0.99,6525.026,-61.579
2021-05-21T14:53:27Z,244.818,1.606,0.682,0.135,2.271,0.923,0.99,6456.456,-61.645
2021-05-21T14:54:27Z,245.736,2.394,0.658,0.393,2.039,0.921,0.99,6311.571,-61.48
2021-05-21T14:55:27Z,244.375,2.897,0.693,0.169,2.256,0.923,0.99,6287.421,-61.374
2021-05-21T14:56:27Z,244.656,1.666,0.681,0.062,2.296,0.924,0.99,6430.991,-61.56
2021-05-21T14:57:27Z,244.277,1.655,0.669,0.059,2.297,0.924,0.99,6445.533,-61.554
2021-05-21T14:58:27Z,244.521,2.425,0.701,0.067,2.295,0.925,0.99,6403.341,-61.511
2021-05-21T14:59:27Z,245.408,17.435,0.957,0.39,2.024,0.813,0.966,5266.686,-58.556
2021-05-21T15:00:27Z,248.368,13.958,0.878,0.342,2.08,0.886,0.982,5728.659,-60.632
2021-05-21T15:01:27Z,244.894,1.517,0.691,0.077,2.293,0.925,0.99,6496.968,-61.604
2021-05-21T15:02:27Z,244.777,1.953,0.7,0.291,2.16,0.924,0.99,6463.455,-61.535
2021-05-21T15:03:27Z,245.093,2.664,0.698,0.359,2.079,0.925,0.99,6522.373,-61.599
2021-05-21T15:04:27Z,244.77,1.517,0.685,0.207,2.228,0.919,0.99,6362.392,-61.461
2021-05-21T15:05:27Z,244.786,1.556,0.693,0.068,2.295,0.921,0.99,6450.178,-61.55
2021-05-21T15:06:27Z,248.476,2.094,0.678,0.1,2.285,0.914,0.99,6255.567,-61.161
2021-05-21T15:07:27Z,258.398,7.821,0.484,0.456,1.938,0.886,0.987,5368.277,-60.455
2021-05-21T15:08:27Z,245.965,2.038,0.674,0.395,2.007,0.922,0.99,6437.614,-61.616
2021-05-21T15:09:27Z,245.001,0.85,0.669,0.142,2.265,0.925,0.99,6536.747,-61.75
2021-05-21T15:10:27Z,244.369,1.211,0.676,0.086,2.29,0.924,0.99,6514.63,-61.745
2021-05-21T15:11:27Z,256.449,5.722,0.712,0.711,1.146,0.913,0.989,6386.485,-60.952
2021-05-21T15:12:27Z,244.517,0.785,0.671,0.079,2.292,0.922,0.99,6457.144,-61.671
2021-05-21T15:13:27Z,246.019,1.732,0.692,0.093,2.287,0.92,0.99,6386.41,-61.388
2021-05-21T15:14:27Z,245.454,0.989,0.677,0.08,2.291,0.922,0.99,6459.577,-61.569
2021-05-21T15:15:27Z,245.967,2.007,0.674,0.191,2.237,0.919,0.99,6351.197,-61.515
2021-05-21T15:16:27Z,244.252,0.82,0.667,0.081,2.291,0.915,0.99,6334.745,-61.584
2021-05-21T15:17:27Z,244.457,0.937,0.674,0.081,2.291,0.922,0.99,6466.023,-61.736
2021-05-21T15:18:27Z,244.891,0.996,0.679,0.106,2.283,0.923,0.99,6492.48,-61.601
2021-05-21T15:19:27Z,244.434,1.822,0.689,0.084,2.29,0.924,0.99,6484.083,-61.668
2021-05-21T15:20:27Z,244.491,0.942,0.67,0.119,2.276,0.914,0.99,6290.693,-61.423
2021-05-21T15:21:27Z,244.262,0.789,0.672,0.083,2.29,0.923,0.99,6504.91,-61.761
2021-05-21T15:22:27Z,244.436,0.86,0.674,0.05,2.298,0.925,0.99,6526.871,-61.758
2021-05-21T15:23:27Z,244.384,1.491,0.681,0.072,2.294,0.924,0.99,6439.643,-61.656
2021-05-21T15:24:27Z,245.332,1.232,0.678,0.057,2.297,0.924,0.99,6474.756,-61.71
2021-05-21T15:25:27Z,244.575,1.276,0.673,0.073,2.293,0.923,0.99,6464.545,-61.699
2021-05-21T15:26:27Z,244.523,0.969,0.67,0.085,2.29,0.923,0.99,6449.792,-61.708
2021-05-21T15:27:27Z,244.385,1.026,0.668,0.103,2.284,0.923,0.99,6453.043,-61.666
2021-05-21T15:28:27Z,243.896,0.905,0.651,0.071,2.294,0.923,0.99,6430.067,-61.634
2021-05-21T15:29:27Z,244.089,0.979,0.659,0.051,2.298,0.922,0.99,6430.455,-61.654
2021-05-21T15:30:27Z,244.709,1.392,0.673,0.097,2.286,0.922,0.99,6434.424,-61.69
2021-05-21T15:31:27Z,244.23,0.976,0.667,0.115,2.279,0.923,0.99,6461.016,-61.695
2021-05-21T15:32:27Z,244.446,0.816,0.668,0.096,2.286,0.923,0.99,6484.296,-61.762
2021-05-21T15:33:27Z,244.998,0.863,0.666,0.475,1.86,0.915,0.99,6309.482,-61.402
2021-05-21T15:34:27Z,244.381,0.93,0.661,0.094,2.286,0.922,0.99,6430.313,-61.734
2021-05-21T15:35:27Z,244.111,0.852,0.661,0.182,2.24,0.92,0.99,6409.411,-61.682
2021-05-21T15:36:27Z,244.412,0.886,0.672,0.083,2.29,0.924,0.99,6490.688,-61.766
2021-05-21T15:37:27Z,244.258,0.755,0.67,0.072,2.293,0.924,0.99,6483.838,-61.705
2021-05-21T15:38:27Z,244.3,0.728,0.672,0.091,2.288,0.926,0.99,6572.389,-61.771
2021-05-21T15:39:27Z,244.641,1.322,0.683,0.109,2.282,0.925,0.99,6482.365,-61.733
2021-05-21T15:40:27Z,244.389,0.919,0.674,0.085,2.29,0.925,0.99,6532.942,-61.79
2021-05-21T15:41:27Z,243.298,1.01,0.503,0.183,2.242,0.915,0.99,6165.325,-61.523
2021-05-21T15:42:27Z,243.871,1.015,0.577,0.071,2.294,0.92,0.99,6282.584,-61.621
2021-05-21T15:43:27Z,244.216,1.16,0.573,0.067,2.295,0.922,0.99,6350.531,-61.638
2021-05-21T15:44:27Z,244.05,1.129,0.634,0.208,2.228,0.923,0.99,6401.03,-61.671
2021-05-21T15:45:27Z,244.438,1.454,0.688,0.087,2.29,0.926,0.99,6481.144,-61.705
2021-05-21T15:46:27Z,244.574,1.413,0.684,0.066,2.295,0.926,0.99,6517.171,-61.747
2021-05-21T15:47:27Z,244.952,1.31,0.687,0.102,2.285,0.927,0.99,6560.616,-61.8
2021-05-21T15:48:27Z,244.764,1.699,0.696,0.067,2.295,0.925,0.99,6472.855,-61.652
2021-05-21T15:49:27Z,246.419,6.596,0.768,0.755,1.142,0.905,0.988,6615.535,-61.503
2021-05-21T15:50:27Z,244.804,3.964,0.699,0.746,1.149,0.911,0.989,6052.867,-61.391
2021-05-21T15:51:27Z,244.65,3.558,0.685,0.722,1.265,0.91,0.989,6054.193,-61.34
2021-05-21T15:52:27Z,244.502,3.538,0.68,0.774,1.006,0.92,0.989,6263.866,-61.571
2021-05-21T15:53:27Z,244.818,4.846,0.664,0.759,1.059,0.915,0.989,6106.457,-61.422
2021-05-21T15:54:27Z,244.31,4.031,0.682,0.772,1.044,0.92,0.989,6221.088,-61.518
2021-05-21T15:55:27Z,248.397,4.586,0.817,0.661,1.438,0.886,0.984,7503.511,-60.289
2021-05-21T15:56:27Z,246.443,7.41,0.808,0.494,1.852,0.91,0.987,6006.549,-60.459
2021-05-21T15:57:27Z,244.571,4.378,0.722,0.597,1.64,0.919,0.989,6177.519,-61.126
2021-05-21T15:58:27Z,244.369,1.963,0.689,0.232,2.207,0.92,0.99,6357.402,-61.571
2021-05-21T15:59:27Z,244.356,1.243,0.647,0.144,2.267,0.916,0.99,6285.941,-61.513
2021-05-21T16:00:27Z,243.631,1.453,0.65,0.685,1.359,0.893,0.989,5885.041,-61.199
2021-05-21T16:01:27Z,245.23,0.899,0.673,0.843,0.624,0.907,0.989,6295.195,-61.299
2021-05-21T16:02:27Z,246.669,0.888,0.698,0.794,0.889,0.92,0.989,6640.851,-61.537
2021-05-21T16:03:27Z,248.352,0.95,0.739,0.873,0.392,0.91,0.988,6927.45,-61.543
2021-05-21T16:04:27Z,247.651,14.977,0.944,0.545,1.793,0.799,0.976,5001.07,-57.947
2021-05-21T16:05:27Z,244.946,3.592,0.724,0.113,2.282,0.919,0.99,6202.958,-61.37
2021-05-21T16:06:27Z,244.405,3.376,0.72,0.156,2.262,0.919,0.989,6217.199,-61.369
2021-05-21T16:07:27Z,244.771,1.048,0.675,0.083,2.29,0.918,0.99,6393.609,-61.649
2021-05-21T16:08:27Z,244.483,0.962,0.681,0.116,2.279,0.923,0.99,6498.49,-61.727
2021-05-21T16:09:27Z,244.567,0.923,0.676,0.085,2.29,0.924,0.99,6520.083,-61.763
2021-05-21T16:10:27Z,246.399,4.081,0.672,0.808,0.808,0.92,0.989,6278.099,-61.549
2021-05-21T16:11:27Z,244.391,4.212,0.67,0.773,0.998,0.914,0.989,6114.864,-61.367
2021-05-21T16:12:27Z,244.531,1.05,0.671,0.078,2.292,0.917,0.99,6341.999,-61.559
2021-05-21T16:13:27Z,244.18,4.812,0.666,0.789,0.972,0.903,0.989,5781.119,-61.187
2021-05-21T16:14:27Z,245.452,1.834,0.676,0.245,2.191,0.924,0.99,6531.727,-61.809
2021-05-21T16:15:27Z,245.002,1.161,0.677,0.084,2.29,0.925,0.99,6530.752,-61.781
2021-05-21T16:16:27Z,244.939,1.04,0.68,0.063,2.296,0.925,0.99,6545.216,-61.803
2021-05-21T16:17:27Z,244.796,1.062,0.679,0.123,2.276,0.926,0.99,6560.248,-61.794
2021-05-21T16:18:27Z,244.959,0.955,0.681,0.049,2.298,0.926,0.99,6577.381,-61.842
2021-05-21T16:19:27Z,244.29,0.842,0.672,0.064,2.295,0.924,0.99,6520.079,-61.782
2021-05-21T16:20:27Z,244.37,0.895,0.68,0.678,1.372,0.923,0.99,6516.568,-61.811
2021-05-21T16:21:27Z,244.656,0.947,0.682,0.14,2.268,0.925,0.99,6554.819,-61.817
2021-05-21T16:22:27Z,244.81,0.733,0.673,0.077,2.292,0.923,0.99,6512.806,-61.737
2021-05-21T16:23:27Z,245.372,0.942,0.675,0.082,2.291,0.925,0.99,6563.741,-61.705
2021-05-21T16:24:27Z,243.856,0.949,0.668,0.081,2.291,0.922,0.99,6423.697,-61.735
2021-05-21T16:25:27Z,245.293,1.564,0.688,0.116,2.278,0.926,0.99,6578.779,-61.799
2021-05-21T16:26:27Z,244.874,1.086,0.677,0.113,2.279,0.924,0.99,6549.151,-61.755
2021-05-21T16:27:27Z,244.908,0.67,0.678,0.185,2.239,0.924,0.99,6528.441,-61.837
2021-05-21T16:28:27Z,245.261,1.157,0.682,0.114,2.279,0.925,0.99,6561.944,-61.816
2021-05-21T16:29:27Z,244.469,0.845,0.675,0.085,2.29,0.924,0.99,6504.924,-61.823
2021-05-21T16:30:27Z,244.791,1.762,0.672,0.248,2.196,0.925,0.99,6466.889,-61.72
2021-05-21T16:31:27Z,245.814,1.424,0.685,0.245,2.201,0.925,0.99,6529.092,-61.756
2021-05-21T16:32:27Z,245.163,1.337,0.681,0.141,2.268,0.926,0.99,6554.952,-61.744
2021-05-21T16:33:27Z,244.654,0.936,0.683,0.188,2.242,0.925,0.99,6562.05,-61.789
2021-05-21T16:34:27Z,244.587,0.935,0.68,0.057,2.297,0.926,0.99,6559.002,-61.791
2021-05-21T16:35:27Z,244.931,1.366,0.677,0.072,2.294,0.925,0.99,6547.839,-61.786
2021-05-21T16:36:27Z,245.162,0.97,0.681,0.074,2.293,0.925,0.99,6546.881,-61.79
2021-05-21T16:37:27Z,245.009,1.065,0.683,0.056,2.297,0.927,0.99,6563.582,-61.801
2021-05-21T16:38:27Z,244.965,1.402,0.681,0.13,2.274,0.925,0.99,6512.612,-61.767
2021-05-21T16:39:27Z,245.145,1.052,0.686,0.076,2.293,0.926,0.99,6537.595,-61.777
2021-05-21T16:40:27Z,244.714,6.085,0.631,0.648,1.504,0.879,0.986,5353.59,-60.856
2021-05-21T16:41:27Z,245.87,1.031,0.672,0.079,2.292,0.926,0.99,6536.945,-61.772
2021-05-21T16:42:27Z,244.497,1.003,0.681,0.059,2.297,0.926,0.99,6573.447,-61.822
2021-05-21T16:43:27Z,244.823,0.8,0.669,0.085,2.29,0.925,0.99,6558.852,-61.793
2021-05-21T16:44:27Z,244.361,0.827,0.675,0.086,2.289,0.926,0.99,6557.907,-61.824
2021-05-21T16:45:27Z,244.823,1.849,0.645,0.133,2.273,0.922,0.99,6304.284,-61.567
2021-05-21T16:46:27Z,243.756,1.318,0.653,0.269,2.181,0.922,0.99,6383.351,-61.61
2021-05-21T16:47:27Z,244.384,1.09,0.676,0.07,2.294,0.925,0.99,6497.848,-61.77
2021-05-21T16:48:27Z,245.171,1.136,0.673,0.079,2.292,0.923,0.99,6478.669,-61.696
2021-05-21T16:49:27Z,245.002,1.286,0.678,0.075,2.293,0.924,0.99,6506.596,-61.781
2021-05-21T16:50:27Z,244.697,0.946,0.659,0.776,1.011,0.921,0.99,6399.769,-61.77
2021-05-21T16:51:27Z,245.364,1.255,0.663,0.084,2.29,0.923,0.99,6477.32,-61.765
2021-05-21T16:52:27Z,244.482,1.086,0.663,0.584,1.643,0.922,0.99,6448.48,-61.747
2021-05-21T16:53:27Z,245.2,1.128,0.655,0.322,2.111,0.923,0.99,6459.515,-61.735
2021-05-21T16:54:27Z,245.192,0.793,0.649,0.168,2.251,0.922,0.99,6451.231,-61.806
2021-05-21T16:55:27Z,244.954,0.772,0.677,0.073,2.293,0.925,0.99,6574.682,-61.852
2021-05-21T16:56:27Z,244.4,0.761,0.675,0.067,2.294,0.925,0.99,6563.744,-61.881
2021-05-21T16:57:27Z,244.806,1.084,0.678,0.108,2.282,0.926,0.99,6548.732,-61.846
2021-05-21T16:58:27Z,244.656,2.012,0.677,0.382,2.047,0.921,0.99,6329.443,-61.677
2021-05-21T16:59:27Z,245.253,2.312,0.687,0.172,2.248,0.924,0.989,6510.616,-61.719
2021-05-21T17:00:27Z,244.774,0.953,0.679,0.064,2.295,0.924,0.99,6529.875,-61.841
2021-05-21T17:01:27Z,244.981,0.797,0.674,0.061,2.296,0.926,0.99,6591.911,-61.852
2021-05-21T17:02:27Z,244.993,1.345,0.642,0.528,1.777,0.923,0.99,6417.864,-61.763
2021-05-21T17:03:27Z,247.939,8.508,0.733,0.536,1.76,0.889,0.986,5290.036,-60.424
2021-05-21T17:04:27Z,247.428,7.139,0.762,0.661,1.485,0.842,0.986,4877.414,-59.798
2021-05-21T17:05:27Z,246.179,3.702,0.674,0.566,1.722,0.922,0.989,6246.371,-61.568
2021-05-21T17:06:27Z,244.479,0.966,0.67,0.056,2.297,0.926,0.99,6564.688,-61.873
2021-05-21T17:07:27Z,244.11,1.768,0.643,0.271,2.176,0.924,0.99,6389.879,-61.692
2021-05-21T17:08:27Z,245.067,5.776,0.738,0.344,2.113,0.908,0.988,5765.406,-60.772
2021-05-21T17:09:27Z,244.612,1.68,0.617,0.424,1.987,0.922,0.99,6304.339,-61.67
2021-05-21T17:10:27Z,245.195,7.723,0.823,0.403,2.038,0.895,0.985,5694.694,-60.414
2021-05-21T17:11:27Z,244.845,6.056,0.759,0.259,2.192,0.916,0.988,6059.354,-61.162
2021-05-21T17:12:27Z,244.317,2.028,0.7,0.161,2.257,0.925,0.99,6487.666,-61.681
2021-05-21T17:13:27Z,244.414,3.191,0.637,0.53,1.794,0.921,0.989,6246.08,-61.569
2021-05-21T17:14:27Z,247.922,8.919,0.918,0.359,2.087,0.844,0.976,5435.044,-59.502
2021-05-21T17:15:27Z,244.97,2.653,0.678,0.283,2.17,0.921,0.99,6239.334,-61.518
2021-05-21T17:16:27Z,244.793,3.263,0.722,0.38,2.058,0.92,0.989,6233.269,-61.516
2021-05-21T17:17:27Z,244.772,1.027,0.683,0.068,2.294,0.927,0.99,6582.892,-61.888
2021-05-21T17:18:27Z,245.077,2.389,0.674,0.561,1.7,0.926,0.989,6478.625,-61.741
2021-05-21T17:19:27Z,245.395,2.4,0.693,0.579,1.691,0.923,0.989,6365.121,-61.686
2021-05-21T17:20:27Z,245.455,1.911,0.686,0.463,1.913,0.927,0.99,6527.376,-61.82
2021-05-21T17:21:27Z,245.014,0.987,0.679,0.082,2.291,0.925,0.99,6519.408,-61.868
2021-05-21T17:22:27Z,244.796,0.95,0.685,0.065,2.295,0.926,0.99,6558.471,-61.86
2021-05-21T17:23:27Z,244.756,3.112,0.713,0.749,1.129,0.922,0.989,6332.075,-61.653
2021-05-21T17:24:27Z,245.573,2.86,0.684,0.36,2.077,0.925,0.99,6397.371,-61.733
2021-05-21T17:25:27Z,244.259,1.493,0.696,0.176,2.247,0.922,0.99,6451.964,-61.707
2021-05-21T17:26:27Z,245.297,0.887,0.71,0.472,1.875,0.928,0.989,6736.294,-61.754
2021-05-21T17:27:27Z,247.274,1.421,0.757,0.767,1.095,0.918,0.988,6958.823,-61.592
2021-05-21T17:28:27Z,245.06,1.074,0.672,0.091,2.288,0.924,0.99,6522.205,-61.794
2021-05-21T17:29:27Z,244.64,1.284,0.67,0.104,2.284,0.923,0.99,6440.987,-61.747
2021-05-21T17:30:27Z,245.376,1.313,0.679,0.111,2.282,0.922,0.99,6431.841,-61.758
2021-05-21T17:31:27Z,245.31,1.184,0.673,0.263,2.181,0.924,0.99,6463.302,-61.797
2021-05-21T17:32:27Z,244.787,1.1,0.681,0.064,2.296,0.925,0.99,6493.755,-61.821
2021-05-21T17:33:27Z,244.932,1.673,0.681,0.09,2.289,0.924,0.99,6446.125,-61.756
2021-05-21T17:34:27Z,244.55,1.329,0.681,0.11,2.282,0.923,0.99,6449.779,-61.704
2021-05-21T17:35:27Z,245.392,2.287,0.687,0.23,2.215,0.916,0.99,6210.226,-61.454
2021-05-21T17:36:27Z,245.604,7.126,0.73,0.641,1.487,0.831,0.987,4429.499,-59.101
2021-05-21T17:37:27Z,245.253,5.345,0.658,0.7,1.28,0.916,0.989,6084.126,-61.408
2021-05-21T17:38:27Z,245.148,4.84,0.589,0.64,1.479,0.907,0.988,5827.828,-61.282
2021-05-21T17:39:27Z,245.541,2.058,0.677,0.335,2.107,0.923,0.99,6395.47,-61.704
2021-05-21T17:40:27Z,244.742,6.426,0.564,0.58,1.66,0.897,0.987,5507.492,-60.864
2021-05-21T17:41:27Z,244.205,5.28,0.596,0.737,1.15,0.891,0.989,5580.489,-61.119
2021-05-21T17:42:27Z,245.342,1.733,0.645,0.701,1.355,0.922,0.99,6373.93,-61.741
2021-05-21T17:43:27Z,245.14,1.877,0.676,0.086,2.29,0.922,0.99,6404.708,-61.707
2021-05-21T17:44:27Z,244.949,1.447,0.679,0.134,2.271,0.923,0.99,6435.883,-61.758
2021-05-21T17:45:27Z,245.241,2.524,0.682,0.644,1.514,0.921,0.99,6326.9,-61.605
2021-05-21T17:46:27Z,245.569,2.315,0.694,0.15,2.264,0.925,0.99,6414.697,-61.733
2021-05-21T17:47:27Z,246.82,3.426,0.711,0.529,1.808,0.92,0.989,6157.772,-61.424
2021-05-21T17:48:27Z,245.402,2.784,0.668,0.558,1.759,0.919,0.99,6156.824,-61.456
2021-05-21T17:49:27Z,244.774,1.682,0.683,0.064,2.296,0.925,0.99,6449.012,-61.718
2021-05-21T17:50:27Z,244.771,1.677,0.68,0.177,2.248,0.926,0.99,6515.288,-61.806
2021-05-21T17:51:27Z,244.988,1.973,0.687,0.373,2.054,0.925,0.99,6500.731,-61.791
2021-05-21T17:52:27Z,247.806,6.304,0.747,0.575,1.695,0.893,0.988,5487.209,-60.702
2021-05-21T17:53:27Z,244.968,1.184,0.679,0.168,2.253,0.928,0.99,6589.985,-61.9
2021-05-21T17:54:27Z,245.737,5.04,0.75,0.304,2.149,0.919,0.989,6184.772,-61.222
2021-05-21T17:55:27Z,247.62,3.974,0.669,0.278,2.167,0.924,0.989,6388.869,-61.573
2021-05-21T17:56:27Z,246.111,3.17,0.712,0.629,1.555,0.921,0.989,6349.863,-61.662
2021-05-21T17:57:27Z,245.244,2.916,0.712,0.341,2.103,0.924,0.99,6405.537,-61.656
2021-05-21T17:58:27Z,245.272,1.872,0.69,0.277,2.166,0.926,0.99,6527.548,-61.848
2021-05-21T17:59:27Z,244.325,2.061,0.665,0.338,2.108,0.92,0.99,6284.234,-61.683
2021-05-21T18:00:27Z,245.07,1.892,0.689,0.258,2.186,0.925,0.99,6500.691,-61.865
2021-05-21T18:01:27Z,244.378,0.922,0.686,0.196,2.234,0.927,0.99,6584.874,-61.893
2021-05-21T18:02:27Z,245.144,1.383,0.688,0.064,2.296,0.927,0.99,6509.911,-61.823
2021-05-21T18:03:27Z,245.554,1.308,0.686,0.087,2.29,0.925,0.99,6456.562,-61.817
2021-05-21T18:04:27Z,245.973,1.236,0.699,0.818,0.76,0.926,0.99,6558.228,-61.815
2021-05-21T18:05:27Z,247.039,3.48,0.739,0.231,2.214,0.919,0.989,6182.912,-61.403
2021-05-21T18:06:27Z,249.395,3.687,0.725,0.695,1.27,0.925,0.988,6652.036,-61.49
2021-05-21T18:07:27Z,255.427,4.389,0.786,0.518,1.846,0.923,0.987,7026.28,-61.259
2021-05-21T18:08:27Z,245.289,2.792,0.704,0.406,2.008,0.924,0.989,6409.715,-61.767
2021-05-21T18:09:27Z,245.857,1.332,0.705,0.841,0.53,0.927,0.989,6687.645,-61.844
2021-05-21T18:10:27Z,245.023,1.11,0.677,0.101,2.284,0.927,0.99,6551.231,-61.925
2021-05-21T18:11:27Z,247.365,0.841,0.706,0.765,1.006,0.926,0.989,6771.758,-61.771
2021-05-21T18:12:27Z,244.688,0.552,0.668,0.08,2.291,0.927,0.99,6599.211,-61.984
2021-05-21T18:13:27Z,244.7,0.551,0.67,0.052,2.298,0.928,0.99,6663.168,-61.966
2021-05-21T18:14:27Z,245.198,0.71,0.673,0.073,2.293,0.925,0.99,6561.017,-62.002
2021-05-21T18:15:27Z,244.842,0.81,0.679,0.064,2.295,0.925,0.99,6563.494,-61.949
2021-05-21T18:16:27Z,246.263,3.583,0.655,0.583,1.686,0.92,0.989,6229.168,-61.457
2021-05-21T18:17:27Z,245.451,2.822,0.6,0.32,2.126,0.919,0.989,6153.409,-61.599
2021-05-21T18:18:27Z,245.519,1.319,0.669,0.253,2.185,0.924,0.99,6478.086,-61.898
2021-05-21T18:19:27Z,245.067,1.715,0.686,0.233,2.204,0.928,0.99,6576.191,-61.839
2021-05-21T18:20:27Z,245.51,1.698,0.686,0.089,2.289,0.925,0.99,6493.629,-61.862
2021-05-21T18:21:27Z,245.565,0.874,0.664,0.135,2.27,0.925,0.99,6520.788,-61.933
2021-05-21T18:22:27Z,245.145,2.152,0.693,0.435,1.956,0.925,0.99,6493.984,-61.848
2021-05-21T18:23:27Z,246.784,4.164,0.728,0.389,2.033,0.924,0.989,6327.96,-61.629
2021-05-21T18:24:27Z,248.207,1.049,0.781,0.835,0.695,0.905,0.986,7617.585,-61.511
2021-05-21T18:25:27Z,248.511,4.885,0.796,0.539,1.783,0.916,0.986,7349.891,-61.265
2021-05-21T18:26:27Z,252.486,6.337,0.84,0.464,1.878,0.917,0.985,7314.023,-60.543
2021-05-21T18:27:27Z,247.796,3.211,0.745,0.525,1.768,0.924,0.988,6759.495,-61.318
2021-05-21T18:28:27Z,244.666,1.31,0.685,0.079,2.291,0.93,0.99,6693.596,-61.955
2021-05-21T18:29:27Z,245.272,1.802,0.694,0.229,2.206,0.926,0.99,6526.426,-61.793
2021-05-21T18:30:27Z,245.368,1.727,0.695,0.075,2.293,0.927,0.99,6570.578,-61.824
2021-05-21T18:31:27Z,245.305,1.547,0.712,0.06,2.297,0.929,0.99,6598.222,-61.776
2021-05-21T18:32:27Z,246.72,3.607,0.713,0.328,2.122,0.921,0.989,6256.847,-61.566
2021-05-21T18:33:27Z,245.365,2.514,0.7,0.292,2.156,0.927,0.99,6464.771,-61.769
2021-05-21T18:34:27Z,245.707,1.583,0.686,0.103,2.284,0.923,0.99,6401.861,-61.851
2021-05-21T18:35:27Z,245.502,1.592,0.681,0.372,2.056,0.926,0.99,6511.178,-61.95
2021-05-21T18:36:27Z,245.067,1.977,0.685,0.075,2.293,0.929,0.99,6582.352,-61.919
2021-05-21T18:37:27Z,246.079,0.858,0.694,0.731,1.134,0.926,0.989,6668.219,-61.888
2021-05-21T18:38:27Z,244.567,1.005,0.691,0.145,2.264,0.93,0.99,6699.701,-61.964
2021-05-21T18:39:27Z,245.882,0.936,0.687,0.11,2.28,0.926,0.99,6604.879,-61.973
2021-05-21T18:40:27Z,245.303,0.968,0.698,0.342,2.082,0.93,0.99,6730.304,-61.89
2021-05-21T18:41:27Z,246.986,0.726,0.707,0.403,1.99,0.927,0.989,6758.633,-61.857
2021-05-21T18:42:27Z,246.391,0.764,0.693,0.308,2.124,0.926,0.989,6645.582,-61.874
2021-05-21T18:43:27Z,247.918,0.647,0.727,0.583,1.633,0.928,0.989,6973.368,-61.77
2021-05-21T18:44:27Z,245.65,1.656,0.683,0.294,2.144,0.922,0.989,6456.757,-61.809
2021-05-21T18:45:27Z,245.872,2.419,0.689,0.723,1.173,0.93,0.989,6717.903,-61.863
2021-05-21T18:46:27Z,246.569,3.403,0.684,0.314,2.128,0.926,0.99,6524.809,-61.892
2021-05-21T18:47:27Z,244.671,4.001,0.675,0.493,1.877,0.924,0.989,6301.973,-61.67
2021-05-21T18:48:27Z,245.56,1.383,0.672,0.118,2.278,0.928,0.99,6600.656,-61.968
2021-05-21T18:49:27Z,245.182,0.773,0.673,0.411,1.991,0.925,0.99,6544.117,-62.037
2021-05-21T18:50:27Z,244.56,0.817,0.681,0.065,2.295,0.928,0.99,6635.447,-62.02
2021-05-21T18:51:27Z,243.489,0.896,0.629,0.092,2.288,0.915,0.989,6236.037,-61.852
2021-05-21T18:52:27Z,251.487,2.032,0.672,0.248,2.194,0.931,0.99,6705.049,-61.944
2021-05-21T18:53:27Z,244.4,0.789,0.617,0.191,2.237,0.921,0.99,6359.873,-61.916
2021-05-21T18:54:27Z,244.142,0.796,0.65,0.078,2.292,0.926,0.99,6535.908,-61.941
2021-05-21T18:55:27Z,244.071,0.866,0.664,0.09,2.289,0.92,0.99,6381.79,-61.942
2021-05-21T18:56:27Z,244.762,1.437,0.673,0.218,2.218,0.925,0.99,6481.751,-61.915
2021-05-21T18:57:27Z,245.14,0.893,0.681,0.083,2.291,0.925,0.99,6520.925,-62.011
2021-05-21T18:58:27Z,244.807,0.744,0.689,0.103,2.284,0.928,0.99,6610.345,-62.042
2021-05-21T18:59:27Z,245.164,0.775,0.679,0.093,2.288,0.927,0.99,6581.355,-62.056
2021-05-21T19:00:27Z,244.823,0.719,0.683,0.052,2.298,0.928,0.99,6624.321,-62.047
2021-05-21T19:01:27Z,245.392,0.74,0.672,0.354,2.072,0.926,0.99,6571.967,-62.055
2021-05-21T19:02:27Z,244.64,0.656,0.684,0.066,2.295,0.93,0.99,6670.833,-62.06
2021-05-21T19:03:27Z,245.589,0.966,0.675,0.09,2.289,0.925,0.99,6541.12,-62.043
2021-05-21T19:04:27Z,244.469,0.71,0.676,0.095,2.286,0.928,0.99,6634.027,-62.048
2021-05-21T19:05:27Z,245.51,0.743,0.673,0.072,2.294,0.925,0.99,6539.302,-62.034
2021-05-21T19:06:27Z,245.185,0.889,0.685,0.059,2.297,0.93,0.99,6664.852,-62.077
2021-05-21T19:07:27Z,245.428,0.696,0.673,0.066,2.295,0.923,0.99,6504.337,-62.059
2021-05-21T19:08:27Z,244.682,0.642,0.684,0.393,2.011,0.929,0.99,6646.807,-62.073
2021-05-21T19:09:27Z,245.483,1.082,0.679,0.062,2.296,0.924,0.99,6469.276,-62.028
2021-05-21T19:10:27Z,244.598,0.619,0.681,0.068,2.294,0.929,0.99,6660.852,-62.096
2021-05-21T19:11:27Z,245.406,0.654,0.673,0.067,2.295,0.925,0.99,6550.248,-62.113
2021-05-21T19:12:27Z,244.65,0.634,0.68,0.082,2.291,0.928,0.99,6644.283,-62.086
2021-05-21T19:13:27Z,245.429,0.699,0.677,0.058,2.297,0.927,0.99,6582.527,-62.107
2021-05-21T19:14:27Z,244.907,0.719,0.682,0.059,2.297,0.928,0.99,6657.689,-62.071
2021-05-21T19:15:27Z,245.374,0.986,0.683,0.086,2.289,0.927,0.99,6565.342,-62.05
2021-05-21T19:16:27Z,245.455,0.987,0.679,0.095,2.287,0.926,0.99,6555.558,-62.103
2021-05-21T19:17:27Z,244.821,1.29,0.684,0.082,2.291,0.927,0.99,6513.654,-61.96
2021-05-21T19:18:27Z,245.669,1.313,0.683,0.146,2.265,0.925,0.99,6515.402,-62.058
2021-05-21T19:19:27Z,245.309,1.574,0.702,0.137,2.27,0.922,0.99,6362.665,-61.813
2021-05-21T19:20:27Z,245.465,1.468,0.688,0.159,2.259,0.925,0.99,6475.973,-62.0
2021-05-21T19:21:27Z,244.909,1.364,0.693,0.182,2.244,0.926,0.99,6519.237,-62.021
2021-05-21T19:22:27Z,245.079,1.138,0.683,0.234,2.201,0.928,0.99,6613.832,-62.068
2021-05-21T19:23:27Z,245.207,1.597,0.687,0.158,2.26,0.922,0.99,6354.07,-61.91
2021-05-21T19:24:27Z,245.007,0.687,0.683,0.064,2.296,0.929,0.99,6646.59,-62.096
2021-05-21T19:25:27Z,245.304,0.615,0.672,0.067,2.295,0.925,0.99,6546.339,-62.115
2021-05-21T19:26:27Z,244.957,0.633,0.683,0.091,2.288,0.928,0.99,6645.235,-62.113
2021-05-21T19:27:27Z,244.893,0.74,0.677,0.066,2.295,0.927,0.99,6597.032,-62.118
2021-05-21T19:28:27Z,245.253,0.642,0.676,0.091,2.288,0.928,0.99,6660.079,-62.1
2021-05-21T19:29:27Z,244.704,0.816,0.671,0.553,1.704,0.929,0.99,6649.474,-62.099
2021-05-21T19:30:27Z,245.441,0.729,0.673,0.093,2.287,0.925,0.99,6531.915,-62.152
2021-05-21T19:31:27Z,245.058,0.601,0.684,0.075,2.293,0.929,0.99,6670.31,-62.132
2021-05-21T19:32:27Z,244.942,0.652,0.677,0.072,2.294,0.928,0.99,6617.208,-62.14
2021-05-21T19:33:27Z,245.209,0.676,0.671,0.199,2.231,0.925,0.99,6540.216,-62.133
2021-05-21T19:34:27Z,246.431,3.015,0.659,0.757,1.07,0.881,0.988,5641.699,-61.449
2021-05-21T19:35:27Z,248.468,3.575,0.658,0.769,0.992,0.811,0.985,4786.433,-60.881
2021-05-21T19:36:27Z,245.371,0.869,0.684,0.153,2.261,0.928,0.99,6668.435,-62.024
2021-05-21T19:37:27Z,244.789,0.64,0.677,0.064,2.296,0.929,0.99,6639.654,-62.147
2021-05-21T19:38:27Z,245.463,0.786,0.673,0.07,2.294,0.924,0.99,6508.162,-62.112
2021-05-21T19:39:27Z,245.32,1.387,0.689,0.09,2.289,0.93,0.99,6651.865,-62.112
2021-05-21T19:40:27Z,245.652,0.676,0.677,0.071,2.294,0.927,0.99,6594.476,-62.133
2021-05-21T19:41:27Z,245.187,1.259,0.685,0.462,1.919,0.925,0.99,6475.93,-62.041
2021-05-21T19:42:27Z,245.343,0.698,0.688,0.095,2.287,0.931,0.99,6703.529,-62.121
2021-05-21T19:43:27Z,245.357,2.067,0.715,0.847,0.634,0.913,0.989,6201.118,-61.897
2021-05-21T19:44:27Z,245.053,0.923,0.681,0.098,2.287,0.928,0.99,6593.789,-62.097
2021-05-21T19:45:27Z,244.583,0.696,0.684,0.086,2.29,0.929,0.99,6634.533,-62.111
2021-05-21T19:46:27Z,245.54,1.016,0.682,0.105,2.284,0.926,0.99,6522.298,-62.102
2021-05-21T19:47:27Z,245.45,0.733,0.684,0.077,2.293,0.926,0.99,6555.677,-62.081
2021-05-21T19:48:27Z,244.931,0.787,0.688,0.083,2.291,0.928,0.99,6623.206,-62.034
2021-05-21T19:49:27Z,245.696,1.075,0.68,0.088,2.29,0.925,0.99,6488.459,-62.015
2021-05-21T19:50:27Z,245.343,0.846,0.685,0.069,2.295,0.927,0.99,6594.384,-62.105
2021-05-21T19:51:27Z,245.094,0.908,0.692,0.077,2.293,0.931,0.99,6730.023,-62.074
2021-05-21T19:52:27Z,245.568,0.894,0.679,0.075,2.293,0.925,0.99,6509.386,-62.101
2021-05-21T19:53:27Z,245.312,0.793,0.684,0.099,2.286,0.926,0.99,6553.203,-62.066
2021-05-21T19:54:27Z,246.005,2.034,0.7,0.791,0.965,0.925,0.989,6460.256,-62.022
2021-05-21T19:55:27Z,245.602,2.533,0.75,0.807,0.819,0.873,0.988,5667.201,-61.468
2021-05-21T19:56:27Z,245.717,1.624,0.685,0.149,2.266,0.918,0.99,6216.109,-61.782
2021-05-21T19:57:27Z,244.702,1.235,0.689,0.06,2.297,0.928,0.99,6535.354,-62.008
2021-05-21T19:58:27Z,244.934,0.926,0.686,0.085,2.29,0.929,0.99,6628.976,-62.12
2021-05-21T19:59:27Z,245.935,0.736,0.679,0.086,2.29,0.926,0.99,6543.289,-62.142
2021-05-21T20:00:27Z,245.504,2.869,0.776,0.794,0.849,0.851,0.987,5501.82,-61.447
2021-05-21T20:01:27Z,244.907,0.75,0.687,0.079,2.292,0.93,0.99,6670.005,-62.162
2021-05-21T20:02:27Z,244.915,0.767,0.68,0.1,2.286,0.927,0.99,6581.58,-62.128
2021-05-21T20:03:27Z,244.803,1.887,0.641,0.855,0.564,0.92,0.989,6267.19,-61.962
2021-05-21T20:04:27Z,245.337,0.793,0.689,0.06,2.296,0.928,0.99,6618.421,-62.141
2021-05-21T20:05:27Z,245.123,1.103,0.694,0.061,2.296,0.929,0.99,6612.829,-62.134
2021-05-21T20:06:27Z,245.329,2.308,0.732,0.848,0.619,0.911,0.989,6204.113,-61.883
2021-05-21T20:07:27Z,246.904,3.281,0.777,0.78,0.971,0.775,0.984,4697.475,-60.774
2021-05-21T20:08:27Z,244.73,1.23,0.691,0.079,2.292,0.927,0.99,6554.122,-62.053
2021-05-21T20:09:27Z,244.936,0.966,0.692,0.104,2.284,0.929,0.99,6629.955,-62.109
2021-05-21T20:10:27Z,244.915,1.602,0.704,0.089,2.29,0.925,0.99,6451.606,-61.949
2021-05-21T20:11:27Z,245.163,1.308,0.687,0.063,2.296,0.926,0.99,6494.932,-62.066
2021-05-21T20:12:27Z,245.039,0.753,0.685,0.076,2.293,0.927,0.99,6588.789,-62.135
2021-05-21T20:13:27Z,245.228,0.816,0.688,0.072,2.294,0.928,0.99,6624.881,-62.16
2021-05-21T20:14:27Z,245.113,0.754,0.687,0.322,2.116,0.929,0.99,6628.767,-62.163
2021-05-21T20:15:27Z,245.171,0.781,0.684,0.088,2.289,0.928,0.99,6617.926,-62.138
2021-05-21T20:16:27Z,245.656,1.539,0.705,0.116,2.281,0.92,0.99,6318.352,-61.93
2021-05-21T20:17:27Z,457.599,7.715,0.233,0.121,2.247,0.854,0.982,7823.398,-61.759
2021-05-21T20:18:28Z,246.114,3.028,0.775,0.788,0.917,0.812,0.985,5097.069,-61.155
2021-05-21T20:19:28Z,246.488,2.989,0.705,0.763,1.021,0.834,0.986,5182.185,-61.063
2021-05-21T20:20:28Z,245.195,1.015,0.69,0.069,2.294,0.928,0.99,6592.463,-62.134
2021-05-21T20:21:28Z,244.724,1.361,0.696,0.091,2.289,0.925,0.99,6498.428,-61.969
2021-05-21T20:22:28Z,245.388,1.534,0.699,0.128,2.276,0.922,0.99,6361.929,-61.946
2021-05-21T20:23:28Z,245.184,1.566,0.711,0.104,2.285,0.919,0.99,6311.574,-61.84
2021-05-21T20:24:28Z,245.503,2.09,0.721,0.365,2.077,0.916,0.989,6296.884,-61.693
2021-05-21T20:25:28Z,244.934,1.522,0.702,0.176,2.251,0.923,0.99,6393.546,-61.908
2021-05-21T20:26:28Z,245.062,0.821,0.687,0.283,2.159,0.928,0.99,6614.233,-62.137
2021-05-21T20:27:28Z,245.702,1.048,0.693,0.9,0.0,0.835,0.983,5210.291,-61.891
2021-05-21T20:28:29Z,247.897,3.502,0.802,0.812,0.844,0.707,0.982,4201.721,-60.143
2021-05-21T20:29:29Z,247.242,3.117,0.745,0.784,0.928,0.832,0.984,5183.377,-61.253
2021-05-21T20:30:31Z,244.553,0.795,0.686,0.075,2.293,0.926,0.99,6574.41,-62.116
2021-05-21T20:31:31Z,244.254,1.394,0.699,0.107,2.283,0.92,0.99,6387.902,-61.855
2021-05-21T20:32:31Z,246.162,0.921,0.69,0.11,2.282,0.928,0.99,6657.237,-62.062
2021-05-21T20:33:31Z,245.619,0.706,0.682,0.105,2.284,0.926,0.99,6561.058,-62.164
2021-05-21T20:34:31Z,245.019,0.828,0.684,0.123,2.277,0.928,0.99,6672.856,-62.1
2021-05-21T20:35:31Z,245.566,0.844,0.688,0.068,2.295,0.93,0.99,6652.642,-62.148
2021-05-21T20:36:31Z,247.091,0.684,0.688,0.9,0.0,0.501,0.973,2207.312,-61.479
2021-05-21T20:37:32Z,245.276,0.625,0.682,0.093,2.287,0.928,0.99,6643.685,-62.184
2021-05-21T20:38:32Z,244.868,1.035,0.69,0.088,2.289,0.928,0.99,6615.264,-62.085
2021-05-21T20:39:32Z,246.195,0.67,0.68,0.097,2.286,0.927,0.99,6615.9,-62.189
2021-05-21T20:40:32Z,245.351,0.648,0.68,0.086,2.29,0.928,0.99,6661.206,-62.17
2021-05-21T20:41:32Z,245.297,0.697,0.681,0.441,1.938,0.927,0.99,6641.074,-62.155
2021-05-21T20:42:32Z,244.969,1.947,0.722,0.828,0.73,0.91,0.989,6176.444,-61.819
2021-05-21T20:43:32Z,247.437,3.99,0.788,0.851,0.604,0.62,0.98,3470.691,-58.399
2021-05-21T20:44:32Z,245.458,2.891,0.742,0.787,0.844,0.877,0.987,5707.025,-61.524
2021-05-21T20:45:32Z,245.456,0.838,0.683,0.075,2.293,0.927,0.99,6585.512,-62.152
2021-05-21T20:46:32Z,245.591,0.719,0.682,0.086,2.29,0.927,0.99,6639.641,-62.106
2021-05-21T20:47:32Z,244.998,0.678,0.681,0.069,2.294,0.927,0.99,6600.385,-62.172
2021-05-21T20:48:32Z,245.068,0.642,0.685,0.095,2.287,0.927,0.99,6612.872,-62.165
2021-05-21T20:49:32Z,244.963,0.526,0.686,0.082,2.291,0.929,0.99,6713.749,-62.119
2021-05-21T20:50:32Z,245.039,0.648,0.684,0.108,2.282,0.928,0.99,6620.066,-62.197
2021-05-21T20:51:32Z,245.123,0.713,0.684,0.183,2.244,0.929,0.99,6653.772,-62.193
2021-05-21T20:52:32Z,247.026,0.581,0.689,0.9,0.0,0.41,0.962,1592.3,-61.014
2021-05-21T20:53:33Z,244.93,0.686,0.684,0.078,2.292,0.928,0.99,6625.48,-62.139
2021-05-21T20:54:33Z,245.13,0.647,0.683,0.071,2.294,0.927,0.99,6638.748,-62.128
