2021-05-23T16:39:27Z,266.556,8.789,0.324,0.877,0.318,0.41,0.949,738.724,-52.979
2021-05-23T16:40:27Z,419.154,12.586,-0.644,0.629,1.556,0.553,0.892,2236.561,-43.964
2021-05-23T16:41:31Z,318.134,12.371,-0.727,0.75,1.082,0.555,0.954,1331.451,-49.689
2021-05-23T16:42:31Z,252.047,4.392,0.144,0.783,0.946,0.691,0.976,2287.727,-54.413
2021-05-23T16:43:31Z,252.744,11.32,0.777,0.583,1.695,0.706,0.967,3469.669,-51.33
2021-05-23T16:44:31Z,292.572,11.498,0.913,0.596,1.643,0.68,0.969,4394.399,-46.484
2021-05-23T16:45:31Z,340.949,6.898,-0.197,0.682,1.336,0.666,0.949,2371.732,-44.515
2021-05-23T16:46:31Z,305.798,6.591,0.817,0.558,1.51,0.758,0.959,4321.478,-51.47
2021-05-23T16:47:31Z,378.737,11.881,0.846,0.1,2.284,0.915,0.953,7282.573,-51.848
2021-05-23T16:48:31Z,333.023,7.358,0.943,0.13,2.259,0.902,0.948,7551.629,-49.711
2021-05-23T16:49:31Z,316.133,8.143,0.896,0.195,2.224,0.917,0.953,7202.078,-50.714
2021-05-23T16:50:31Z,338.898,7.461,0.604,0.616,1.458,0.849,0.977,5422.185,-54.791
2021-05-23T16:51:31Z,298.973,5.226,0.475,0.59,1.561,0.873,0.976,6049.007,-55.078
2021-05-23T16:52:31Z,246.795,4.353,0.427,0.859,0.49,0.656,0.98,2534.859,-57.201
2021-05-23T16:53:31Z,298.88,10.362,-0.002,0.588,1.701,0.756,0.969,2896.751,-54.034
2021-05-23T16:54:31Z,268.41,6.371,0.527,0.711,1.022,0.785,0.983,3939.623,-56.692
2021-05-23T16:55:31Z,245.914,4.516,0.577,0.582,1.645,0.783,0.985,3452.765,-56.943
2021-05-23T16:56:31Z,245.268,14.347,0.945,0.427,1.975,0.766,0.967,4701.315,-54.772
2021-05-23T16:57:31Z,245.577,3.271,0.535,0.686,1.427,0.891,0.99,5128.186,-59.836
2021-05-23T16:58:31Z,243.894,2.935,0.538,0.205,2.237,0.895,0.99,5205.549,-59.888
2021-05-23T16:59:31Z,243.983,2.952,0.529,0.229,2.22,0.895,0.99,5200.568,-59.891
2021-05-23T17:00:31Z,249.43,8.539,0.819,0.681,1.424,0.786,0.986,4113.323,-57.275
2021-05-23T17:01:31Z,247.937,6.624,0.719,0.562,1.675,0.848,0.989,4553.102,-58.407
2021-05-23T17:02:31Z,244.688,4.661,0.619,0.253,2.196,0.879,0.99,4840.606,-59.139
2021-05-23T17:03:31Z,245.347,4.48,0.614,0.393,2.034,0.876,0.99,4824.225,-59.229
2021-05-23T17:04:31Z,244.826,3.508,0.544,0.231,2.217,0.891,0.99,5093.703,-59.733
2021-05-23T17:05:31Z,244.234,2.967,0.528,0.237,2.214,0.893,0.99,5132.71,-59.827
2021-05-23T17:06:31Z,243.732,2.896,0.517,0.131,2.276,0.894,0.99,5166.378,-59.866
2021-05-23T17:07:31Z,243.71,2.943,0.53,0.151,2.267,0.894,0.99,5175.892,-59.855
2021-05-23T17:08:31Z,244.127,2.769,0.535,0.306,2.153,0.894,0.99,5182.285,-59.863
2021-05-23T17:09:31Z,243.945,2.936,0.532,0.117,2.282,0.893,0.99,5149.713,-59.857
2021-05-23T17:10:31Z,243.63,2.745,0.522,0.366,2.086,0.894,0.99,5174.55,-59.898
2021-05-23T17:11:31Z,243.768,2.91,0.533,0.132,2.275,0.896,0.99,5212.604,-59.909
2021-05-23T17:12:31Z,244.538,2.982,0.534,0.142,2.271,0.894,0.99,5173.749,-20.395
2021-05-23T17:13:31Z,244.234,3.029,0.521,0.121,2.28,0.894,0.99,5185.959,-59.877
2021-05-23T17:14:31Z,247.312,3.513,0.337,0.745,1.116,0.862,0.989,4658.697,-59.791
2021-05-23T17:15:31Z,244.468,5.181,0.568,0.542,1.766,0.871,0.989,4714.761,-59.145
2021-05-23T17:16:31Z,243.924,2.871,0.532,0.151,2.267,0.895,0.99,5202.888,-59.864
2021-05-23T17:17:31Z,243.764,3.461,0.554,0.201,2.239,0.895,0.99,5173.169,-59.747
2021-05-23T17:18:31Z,244.007,2.906,0.536,0.164,2.26,0.895,0.99,5193.286,-59.82
2021-05-23T17:19:31Z,243.986,3.843,0.551,0.223,2.224,0.892,0.99,5084.775,-59.648
2021-05-23T17:20:31Z,244.017,3.107,0.535,0.22,2.226,0.896,0.99,5215.339,-59.909
2021-05-23T17:21:31Z,244.085,2.848,0.539,0.144,2.27,0.896,0.99,5233.187,-59.854
2021-05-23T17:22:31Z,243.888,3.409,0.546,0.17,2.257,0.895,0.99,5188.511,-59.806
2021-05-23T17:23:31Z,243.3,2.94,0.547,0.119,2.281,0.896,0.99,5215.003,-59.873
2021-05-23T17:24:31Z,243.977,3.288,0.542,0.483,1.908,0.897,0.99,5246.604,-59.823
2021-05-23T17:25:31Z,244.632,2.943,0.554,0.28,2.177,0.899,0.99,5328.184,-59.776
2021-05-23T17:26:31Z,244.554,2.867,0.551,0.37,2.08,0.898,0.99,5297.61,-59.797
2021-05-23T17:27:31Z,244.96,3.052,0.571,0.544,1.789,0.9,0.99,5444.156,-59.691
2021-05-23T17:28:31Z,244.679,3.307,0.61,0.669,1.453,0.894,0.989,5594.602,-59.64
2021-05-23T17:29:31Z,243.722,3.179,0.54,0.181,2.251,0.896,0.99,5200.15,-59.84
2021-05-23T17:30:31Z,243.834,3.169,0.538,0.144,2.27,0.895,0.99,5188.429,-59.885
2021-05-23T17:31:31Z,244.284,3.512,0.55,0.167,2.259,0.894,0.99,5164.724,-59.8
2021-05-23T17:32:31Z,243.925,3.185,0.546,0.143,2.27,0.895,0.99,5174.12,-59.808
2021-05-23T17:33:31Z,242.979,3.678,0.565,0.34,2.113,0.893,0.99,5125.383,-59.713
2021-05-23T17:34:31Z,243.35,3.247,0.544,0.166,2.259,0.894,0.99,5169.436,-59.751
2021-05-23T17:35:31Z,243.988,3.116,0.536,0.143,2.271,0.896,0.99,5218.949,-59.86
2021-05-23T17:36:31Z,243.785,3.342,0.543,0.232,2.217,0.898,0.99,5257.153,-59.905
2021-05-23T17:37:31Z,244.412,2.964,0.562,0.251,2.202,0.896,0.99,5222.051,-59.766
2021-05-23T17:38:31Z,244.294,2.871,0.534,0.131,2.276,0.895,0.99,5191.86,-59.844
2021-05-23T17:39:31Z,243.92,3.1,0.542,0.185,2.249,0.896,0.99,5200.587,-59.879
2021-05-23T17:40:31Z,243.683,2.757,0.538,0.152,2.267,0.896,0.99,5224.004,-59.896
2021-05-23T17:41:31Z,243.54,3.372,0.551,0.156,2.265,0.897,0.99,5218.103,-59.849
2021-05-23T17:42:31Z,243.593,3.647,0.563,0.121,2.279,0.895,0.99,5165.565,-59.759
2021-05-23T17:43:31Z,244.149,4.65,0.591,0.328,2.127,0.887,0.99,5013.603,-59.504
2021-05-23T17:44:31Z,243.687,4.356,0.617,0.335,2.119,0.881,0.99,4968.359,-59.418
2021-05-23T17:45:31Z,244.34,4.211,0.61,0.361,2.088,0.88,0.99,4971.067,-59.457
2021-05-23T17:46:31Z,243.538,3.93,0.581,0.291,2.166,0.889,0.99,5080.738,-59.632
2021-05-23T17:47:31Z,243.631,3.387,0.524,0.225,2.223,0.893,0.99,5116.101,-59.719
2021-05-23T17:48:31Z,243.563,3.064,0.529,0.137,2.274,0.896,0.99,5237.096,-59.906
2021-05-23T17:49:31Z,244.341,3.144,0.522,0.225,2.223,0.895,0.99,5181.62,-59.878
2021-05-23T17:50:31Z,244.239,2.974,0.529,0.156,2.265,0.897,0.99,5258.732,-59.928
2021-05-23T17:51:31Z,244.275,2.988,0.538,0.161,2.262,0.896,0.99,5231.07,-59.914
2021-05-23T17:52:31Z,243.806,2.811,0.524,0.276,2.181,0.895,0.99,5207.235,-59.938
2021-05-23T17:53:31Z,243.66,3.075,0.528,0.162,2.262,0.896,0.99,5218.898,-59.931
2021-05-23T17:54:31Z,244.521,3.339,0.536,0.148,2.269,0.896,0.99,5227.181,-59.923
2021-05-23T17:55:31Z,243.409,2.945,0.523,0.25,2.204,0.895,0.99,5190.08,-59.9
2021-05-23T17:56:31Z,243.833,2.952,0.525,0.198,2.241,0.896,0.99,5230.007,-59.954
2021-05-23T17:57:31Z,243.496,2.747,0.532,0.153,2.266,0.897,0.99,5254.164,-59.971
2021-05-23T17:58:31Z,244.167,3.001,0.534,0.133,2.275,0.896,0.99,5217.432,-59.929
2021-05-23T17:59:31Z,243.758,3.027,0.528,0.16,2.262,0.895,0.99,5214.726,-59.939
2021-05-23T18:00:31Z,244.212,2.976,0.53,0.145,2.27,0.897,0.99,5243.374,-59.948
2021-05-23T18:01:31Z,244.588,2.698,0.53,0.138,2.273,0.896,0.99,5223.128,-59.894
2021-05-23T18:02:31Z,244.474,3.189,0.534,0.155,2.265,0.897,0.99,5247.278,-59.926
2021-05-23T18:03:31Z,243.934,3.004,0.528,0.208,2.234,0.895,0.99,5213.577,-59.948
2021-05-23T18:04:31Z,244.16,3.412,0.531,0.413,2.022,0.896,0.99,5217.045,-59.927
2021-05-23T18:05:31Z,243.845,2.757,0.53,0.291,2.167,0.897,0.99,5245.858,-59.935
2021-05-23T18:06:31Z,244.846,2.798,0.541,0.16,2.263,0.897,0.99,5248.589,-59.892
2021-05-23T18:07:31Z,244.061,5.21,0.506,0.571,1.688,0.873,0.989,4691.843,-59.156
2021-05-23T18:08:31Z,243.904,5.544,0.51,0.627,1.537,0.834,0.989,4171.91,-58.002
2021-05-23T18:09:31Z,243.329,4.087,0.501,0.264,2.19,0.878,0.99,4776.826,-59.243
2021-05-23T18:10:31Z,244.188,4.172,0.527,0.256,2.197,0.88,0.99,4840.351,-59.274
2021-05-23T18:11:31Z,244.108,3.576,0.524,0.208,2.234,0.89,0.99,5033.982,-59.572
2021-05-23T18:12:31Z,244.17,3.142,0.526,0.213,2.231,0.894,0.99,5157.857,-59.759
2021-05-23T18:13:31Z,245.017,3.209,0.532,0.398,2.041,0.897,0.99,5240.228,-59.88
2021-05-23T18:14:31Z,243.942,3.357,0.529,0.164,2.261,0.896,0.99,5209.05,-59.898
2021-05-23T18:15:31Z,245.131,4.248,0.553,0.193,2.244,0.895,0.99,5187.955,-59.777
2021-05-23T18:16:31Z,244.155,3.894,0.551,0.175,2.255,0.896,0.99,5184.334,-59.761
2021-05-23T18:17:31Z,244.008,2.953,0.532,0.142,2.271,0.896,0.99,5215.783,-59.893
2021-05-23T18:18:31Z,244.283,3.357,0.534,0.187,2.248,0.895,0.99,5205.339,-59.893
2021-05-23T18:19:31Z,244.051,3.274,0.525,0.306,2.151,0.893,0.99,5122.092,-59.755
2021-05-23T18:20:31Z,243.948,3.228,0.523,0.426,1.997,0.891,0.99,5079.589,-59.706
2021-05-23T18:21:31Z,243.187,4.693,0.552,0.236,2.214,0.892,0.99,5076.647,-59.584
2021-05-23T18:22:31Z,243.805,3.219,0.528,0.212,2.232,0.894,0.99,5164.463,-59.845
2021-05-23T18:23:31Z,244.384,2.966,0.539,0.283,2.174,0.898,0.99,5256.971,-59.906
2021-05-23T18:24:31Z,244.568,2.544,0.561,0.327,2.13,0.899,0.99,5278.13,-59.781
2021-05-23T18:25:31Z,245.636,2.734,0.561,0.215,2.229,0.899,0.99,5287.649,-59.727
2021-05-23T18:26:31Z,244.121,2.861,0.52,0.2,2.24,0.894,0.99,5178.279,-59.861
2021-05-23T18:27:31Z,243.942,2.775,0.536,0.208,2.235,0.897,0.99,5237.172,-59.926
2021-05-23T18:28:31Z,244.889,2.794,0.53,0.161,2.262,0.897,0.99,5238.462,-59.906
2021-05-23T18:29:31Z,244.929,3.255,0.538,0.26,2.195,0.896,0.99,5218.395,-59.848
2021-05-23T18:30:31Z,244.522,3.219,0.541,0.156,2.264,0.896,0.99,5231.789,-59.871
2021-05-23T18:31:31Z,244.704,3.062,0.546,0.145,2.27,0.896,0.99,5208.308,-59.83
2021-05-23T18:32:31Z,244.436,2.949,0.528,0.12,2.28,0.896,0.99,5226.957,-59.923
2021-05-23T18:33:31Z,249.494,4.497,0.672,0.642,1.477,0.892,0.987,6160.95,-59.462
2021-05-23T18:34:31Z,244.866,3.047,0.522,0.154,2.266,0.896,0.99,5214.858,-59.9
2021-05-23T18:35:31Z,246.888,5.002,0.593,0.642,1.555,0.898,0.989,5576.892,-59.681
2021-05-23T18:36:31Z,244.514,3.166,0.527,0.168,2.259,0.896,0.99,5226.753,-59.91
2021-05-23T18:37:31Z,244.798,2.995,0.532,0.185,2.249,0.897,0.99,5247.715,-59.937
2021-05-23T18:38:31Z,244.573,3.41,0.532,0.197,2.241,0.897,0.99,5231.836,-59.948
2021-05-23T18:39:31Z,244.365,3.181,0.53,0.153,2.266,0.897,0.99,5235.995,-59.914
2021-05-23T18:40:31Z,244.559,3.25,0.533,0.192,2.245,0.895,0.99,5184.243,-59.888
2021-05-23T18:41:31Z,243.415,3.07,0.525,0.245,2.207,0.896,0.99,5216.001,-59.93
2021-05-23T18:42:31Z,243.706,3.099,0.53,0.271,2.186,0.897,0.99,5238.663,-59.956
2021-05-23T18:43:31Z,250.829,4.361,0.777,0.852,0.55,0.795,0.985,6714.44,-59.53
2021-05-23T18:44:31Z,244.033,3.335,0.533,0.176,2.254,0.896,0.99,5207.373,-59.906
2021-05-23T18:45:31Z,243.882,3.193,0.52,0.297,2.162,0.896,0.99,5219.588,-59.932
2021-05-23T18:46:31Z,244.4,3.379,0.533,0.31,2.148,0.895,0.99,5186.039,-59.908
2021-05-23T18:47:31Z,244.671,3.105,0.534,0.142,2.271,0.897,0.99,5255.25,-59.97
2021-05-23T18:48:31Z,244.036,3.001,0.344,0.753,1.152,0.875,0.99,4885.845,-59.707
2021-05-23T18:49:31Z,244.072,3.423,0.296,0.715,1.306,0.868,0.989,4803.959,-59.629
2021-05-23T18:50:31Z,243.662,3.192,0.12,0.78,0.925,0.833,0.988,4411.257,-44.316
2021-05-23T18:51:31Z,243.63,2.824,0.146,0.754,1.118,0.839,0.989,4479.824,-59.385
2021-05-23T18:52:31Z,244.349,3.209,0.062,0.823,0.758,0.815,0.987,4308.367,-59.43
2021-05-23T18:53:31Z,244.445,3.058,0.08,0.832,0.688,0.819,0.988,4379.777,-59.59
2021-05-23T18:54:31Z,244.714,3.544,-0.032,0.809,0.838,0.805,0.987,4150.06,-59.219
2021-05-23T18:55:31Z,244.525,3.195,0.536,0.215,2.23,0.896,0.99,5222.37,-59.944
2021-05-23T18:56:31Z,244.221,2.734,0.534,0.157,2.264,0.896,0.99,5210.529,-59.909
2021-05-23T18:57:31Z,243.824,3.071,0.159,0.789,0.828,0.838,0.988,4505.223,-59.551
2021-05-23T18:58:31Z,244.113,2.927,-0.252,0.85,0.604,0.717,0.984,3597.197,-58.913
2021-05-23T18:59:31Z,244.4,3.225,-0.257,0.848,0.616,0.718,0.984,3589.396,-58.768
2021-05-23T19:00:31Z,244.074,2.938,0.176,0.801,0.81,0.842,0.988,4568.91,-59.564
2021-05-23T19:01:31Z,244.458,2.98,0.081,0.794,0.87,0.821,0.988,4379.834,-59.454
2021-05-23T19:02:31Z,244.062,3.502,0.218,0.738,1.142,0.846,0.988,4548.826,-59.488
2021-05-23T19:03:31Z,244.761,3.208,0.53,0.179,2.253,0.895,0.99,5200.301,-59.882
2021-05-23T19:04:31Z,244.254,2.811,0.525,0.251,2.203,0.895,0.99,5191.107,-59.908
2021-05-23T19:05:31Z,245.087,3.482,0.524,0.341,2.115,0.888,0.99,5041.671,-59.77
2021-05-23T19:06:31Z,244.022,3.234,0.523,0.445,1.973,0.888,0.99,5042.261,-59.763
2021-05-23T19:07:31Z,244.502,2.972,0.468,0.561,1.754,0.888,0.99,5066.413,-59.824
2021-05-23T19:08:31Z,244.253,3.079,0.526,0.317,2.141,0.892,0.99,5124.479,-59.802
2021-05-23T19:09:31Z,244.77,3.023,0.532,0.231,2.218,0.891,0.99,5110.039,-59.793
2021-05-23T19:10:31Z,244.233,3.128,-0.182,0.82,0.806,0.736,0.985,3717.728,-59.178
2021-05-23T19:11:31Z,243.919,3.282,0.031,0.777,0.962,0.802,0.987,4172.11,-59.432
2021-05-23T19:12:31Z,244.979,2.772,-0.396,0.864,0.492,0.658,0.982,3215.537,-58.682
2021-05-23T19:13:31Z,251.979,7.864,-0.011,0.804,0.916,0.639,0.974,2642.555,-57.46
2021-05-23T19:14:31Z,244.745,3.129,0.473,0.724,1.257,0.887,0.99,4996.81,-59.662
2021-05-23T19:15:31Z,265.501,15.53,0.818,0.876,0.363,0.346,0.929,2333.781,-44.469
2021-05-23T19:16:31Z,263.94,15.513,0.788,0.863,0.496,0.396,0.929,2374.116,-49.625
2021-05-23T19:17:31Z,243.69,3.038,0.086,0.807,0.775,0.818,0.987,4335.887,-59.525
2021-05-23T19:18:31Z,244.249,3.39,0.522,0.197,2.242,0.894,0.99,5170.138,-59.872
2021-05-23T19:19:31Z,244.455,3.328,0.518,0.201,2.239,0.893,0.99,5138.169,-59.866
2021-05-23T19:20:31Z,244.444,3.088,0.52,0.209,2.234,0.895,0.99,5188.857,-59.893
2021-05-23T19:21:31Z,244.707,3.343,0.528,0.187,2.247,0.894,0.99,5166.503,-44.869
2021-05-23T19:22:31Z,244.175,2.971,0.531,0.192,2.244,0.895,0.99,5177.327,-59.835
2021-05-23T19:23:31Z,245.134,3.366,0.531,0.128,2.277,0.894,0.99,5163.406,-59.783
2021-05-23T19:24:31Z,244.548,3.098,0.526,0.125,2.278,0.895,0.99,5188.586,-59.823
2021-05-23T19:25:31Z,245.509,3.459,0.545,0.187,2.247,0.894,0.99,5162.4,-59.768
2021-05-23T19:26:31Z,245.244,3.099,0.528,0.402,2.032,0.894,0.99,5143.953,-59.765
2021-05-23T19:27:31Z,250.662,10.271,0.817,0.831,0.714,0.633,0.976,3273.164,-58.756
2021-05-23T19:28:31Z,245.207,3.623,0.549,0.442,1.971,0.893,0.99,5142.508,-59.7
2021-05-23T19:29:31Z,246.54,3.915,0.566,0.126,2.277,0.889,0.99,5097.795,-59.576
2021-05-23T19:30:31Z,265.482,15.411,0.79,0.863,0.505,0.471,0.942,2464.996,-53.898
2021-05-23T19:31:31Z,248.256,3.999,0.611,0.288,2.164,0.873,0.99,4999.645,-59.225
2021-05-23T19:32:31Z,247.301,4.182,0.582,0.5,1.861,0.888,0.99,5120.204,-59.557
2021-05-23T19:33:31Z,247.236,3.849,0.608,0.316,2.135,0.879,0.99,5035.822,-59.329
2021-05-23T19:34:31Z,247.778,3.955,0.6,0.217,2.225,0.881,0.99,5070.701,-59.357
2021-05-23T19:35:31Z,260.325,13.523,0.893,0.857,0.523,0.48,0.968,2745.862,-57.905
2021-05-23T19:36:31Z,248.902,3.974,0.627,0.208,2.23,0.877,0.99,5075.697,-59.148
2021-05-23T19:37:31Z,248.249,3.882,0.616,0.203,2.233,0.877,0.99,5028.445,-59.217
2021-05-23T19:38:31Z,246.808,3.733,0.587,0.552,1.72,0.885,0.99,5041.081,-59.392
2021-05-23T19:39:31Z,255.007,12.344,0.939,0.882,0.308,0.378,0.966,2671.687,-58.33
2021-05-23T19:40:31Z,245.766,3.817,0.557,0.24,2.206,0.889,0.99,5063.072,-59.511
2021-05-23T19:41:31Z,246.871,3.696,0.619,0.179,2.248,0.878,0.99,5020.52,-59.201
2021-05-23T19:42:31Z,245.968,3.843,0.589,0.127,2.276,0.89,0.99,5125.273,-59.575
2021-05-23T19:43:31Z,244.964,3.184,0.563,0.133,2.273,0.894,0.99,5176.749,-59.674
2021-05-23T19:44:31Z,244.173,3.452,0.565,0.16,2.26,0.892,0.99,5113.669,-59.679
2021-05-23T19:45:31Z,245.702,3.75,0.612,0.126,2.276,0.879,0.99,5017.386,-59.34
2021-05-23T19:46:31Z,252.325,10.648,0.959,0.896,0.103,0.342,0.968,2679.396,-58.337
2021-05-23T19:47:31Z,246.91,4.28,0.657,0.299,2.14,0.867,0.99,4980.751,-58.998
2021-05-23T19:48:31Z,255.232,12.035,0.939,0.867,0.474,0.388,0.968,2674.311,-58.001
2021-05-23T19:49:31Z,245.896,4.278,0.636,0.178,2.248,0.878,0.99,5023.135,-59.203
2021-05-23T19:50:31Z,246.549,4.224,0.666,0.162,2.258,0.866,0.99,4977.358,-58.962
2021-05-23T19:51:31Z,246.439,4.232,0.665,0.197,2.235,0.866,0.99,4953.733,-58.942
2021-05-23T19:52:31Z,269.651,16.407,0.85,0.858,0.528,0.359,0.915,2393.018,-52.214
2021-05-23T19:53:31Z,273.049,17.333,0.698,0.835,0.674,0.403,0.93,2307.216,-43.816
2021-05-23T19:54:31Z,251.82,10.992,0.945,0.885,0.256,0.384,0.964,2840.32,-56.924
2021-05-23T19:55:31Z,245.496,3.708,0.584,0.167,2.255,0.886,0.99,5074.157,-59.45
2021-05-23T19:56:31Z,244.97,3.701,0.584,0.135,2.272,0.886,0.99,5044.9,-59.461
2021-05-23T19:57:31Z,246.755,3.908,0.625,0.221,2.217,0.873,0.99,4992.822,-59.116
2021-05-23T19:58:31Z,246.298,3.959,0.668,0.195,2.236,0.857,0.99,4908.541,-58.864
2021-05-23T19:59:31Z,246.202,3.803,0.669,0.154,2.261,0.858,0.99,4938.904,-58.903
2021-05-23T20:00:31Z,246.373,3.888,0.662,0.147,2.266,0.86,0.99,4956.889,-58.958
2021-05-23T20:01:31Z,246.028,4.094,0.685,0.173,2.25,0.85,0.99,4912.876,-58.792
2021-05-23T20:02:31Z,245.898,3.689,0.673,0.158,2.259,0.854,0.99,4919.09,-58.837
2021-05-23T20:03:31Z,246.629,4.074,0.686,0.192,2.238,0.849,0.99,4909.398,-58.713
2021-05-23T20:04:31Z,255.051,11.128,0.967,0.892,0.168,0.338,0.969,2678.308,-57.761
2021-05-23T20:05:31Z,246.643,4.02,0.642,0.188,2.241,0.873,0.99,5013.659,-59.147
2021-05-23T20:06:31Z,246.602,3.99,0.681,0.204,2.229,0.851,0.99,4924.437,-58.786
2021-05-23T20:07:31Z,246.104,3.854,0.647,0.212,2.225,0.864,0.99,4965.825,-59.073
2021-05-23T20:08:31Z,256.901,13.426,0.966,0.878,0.327,0.341,0.964,2611.376,-57.659
2021-05-23T20:09:31Z,274.745,17.78,0.914,0.876,0.372,0.301,0.9,2392.676,-46.674
2021-05-23T20:10:31Z,266.929,15.671,0.852,0.854,0.562,0.356,0.925,2391.107,-53.035
2021-05-23T20:11:31Z,249.351,4.676,0.711,0.234,2.206,0.841,0.989,4890.847,-58.538
2021-05-23T20:12:31Z,249.611,4.735,0.725,0.24,2.203,0.836,0.989,4899.961,-58.273
2021-05-23T20:13:31Z,247.037,4.187,0.695,0.149,2.264,0.85,0.99,4922.417,-58.587
2021-05-23T20:14:31Z,247.369,4.089,0.655,0.141,2.269,0.871,0.99,5015.78,-59.027
2021-05-23T20:15:31Z,246.54,4.066,0.652,0.274,2.168,0.868,0.99,4977.256,-58.922
2021-05-23T20:16:31Z,246.776,4.175,0.704,0.169,2.254,0.849,0.99,4925.565,-58.517
2021-05-23T20:17:31Z,246.742,4.066,0.667,0.196,2.235,0.868,0.99,5010.245,-58.938
2021-05-23T20:18:31Z,247.071,4.137,0.664,0.28,2.162,0.865,0.99,4977.838,-58.834
2021-05-23T20:19:31Z,247.084,4.123,0.679,0.163,2.257,0.862,0.99,4996.495,-58.789
2021-05-23T20:20:31Z,246.264,4.156,0.668,0.332,2.104,0.866,0.99,4990.183,-58.802
2021-05-23T20:21:31Z,257.042,12.478,0.983,0.891,0.183,0.28,0.945,2517.717,-56.849
2021-05-23T20:22:31Z,269.814,15.174,0.906,0.874,0.389,0.319,0.903,2403.647,-49.546
2021-05-23T20:23:31Z,247.619,4.904,0.666,0.255,2.184,0.87,0.99,4977.687,-58.844
2021-05-23T20:24:31Z,246.781,4.023,0.661,0.225,2.212,0.867,0.99,4951.851,-58.834
2021-05-23T20:25:31Z,247.43,5.363,0.638,0.457,1.889,0.871,0.99,4951.167,-59.011
2021-05-23T20:26:31Z,246.556,4.153,0.635,0.204,2.23,0.871,0.99,4963.265,-59.037
2021-05-23T20:27:31Z,256.781,13.595,0.987,0.894,0.136,0.27,0.952,2503.853,-57.419
2021-05-23T20:28:31Z,269.368,14.868,0.928,0.879,0.333,0.294,0.89,2389.831,-47.295
2021-05-23T20:29:31Z,274.72,15.652,0.888,0.869,0.432,0.298,0.908,2349.966,-42.611
2021-05-23T20:30:31Z,246.327,3.943,0.635,0.209,2.227,0.858,0.99,4868.486,-58.833
2021-05-23T20:31:31Z,246.658,3.852,0.627,0.318,2.12,0.872,0.99,4969.017,-59.098
2021-05-23T20:32:31Z,246.129,3.788,0.605,0.162,2.258,0.876,0.99,4975.761,-59.254
2021-05-23T20:33:31Z,247.186,3.667,0.605,0.377,2.042,0.879,0.99,5034.165,-59.264
2021-05-23T20:34:31Z,247.199,4.07,0.607,0.296,2.152,0.876,0.99,4997.749,-59.265
2021-05-23T20:35:31Z,245.223,3.645,0.582,0.187,2.244,0.89,0.99,5091.108,-59.549
2021-05-23T20:36:31Z,245.61,3.961,0.585,0.206,2.23,0.886,0.99,5055.448,-59.43
2021-05-23T20:37:31Z,251.453,12.705,0.989,0.9,0.0,0.258,0.934,2479.943,-57.114
2021-05-23T20:38:31Z,249.193,5.246,0.623,0.581,1.665,0.883,0.989,5062.783,-59.335
2021-05-23T20:39:31Z,252.147,6.153,0.733,0.563,1.684,0.827,0.987,4976.848,-58.571
2021-05-23T20:40:31Z,255.886,13.64,0.989,0.9,0.0,0.233,0.906,2434.578,-53.71
2021-05-23T20:41:31Z,250.951,5.111,0.68,0.238,2.201,0.869,0.99,4993.01,-58.76
2021-05-23T20:42:31Z,253.286,5.929,0.597,0.732,1.184,0.823,0.987,4714.397,-58.065
2021-05-23T20:43:31Z,277.853,16.485,0.963,0.892,0.171,0.259,0.888,2383.953,-42.848
2021-05-23T20:44:31Z,258.355,11.744,0.702,0.813,0.715,0.656,0.979,3474.964,-56.732
2021-05-23T20:45:31Z,247.066,3.81,0.628,0.198,2.234,0.875,0.99,4995.309,-59.088
2021-05-23T20:46:31Z,257.065,12.194,0.979,0.9,0.0,0.299,0.957,2595.814,-56.616
2021-05-23T20:47:31Z,252.304,6.101,0.368,0.782,0.978,0.77,0.985,4213.183,-57.453
2021-05-23T20:48:31Z,254.512,6.635,0.821,0.485,1.88,0.766,0.986,4911.022,-57.294
2021-05-23T20:49:31Z,261.233,12.988,0.982,0.9,0.0,0.294,0.957,2566.483,-56.492
2021-05-23T20:50:31Z,259.857,12.942,0.973,0.894,0.128,0.336,0.955,2652.939,-55.6
2021-05-23T20:51:31Z,279.044,16.496,0.811,0.854,0.555,0.348,0.929,2335.413,-41.257
2021-05-23T20:52:31Z,273.721,16.967,0.828,0.859,0.508,0.339,0.921,2358.529,-44.184
2021-05-23T20:53:31Z,254.41,6.208,0.817,0.444,1.942,0.76,0.986,4945.825,-57.338
2021-05-23T20:54:31Z,253.333,6.055,0.792,0.415,1.988,0.782,0.987,4976.155,-57.716
2021-05-23T20:55:31Z,251.455,5.766,0.711,0.44,1.937,0.85,0.988,5029.359,-58.743
2021-05-23T20:56:31Z,253.354,6.928,0.787,0.54,1.754,0.797,0.986,4959.961,-58.028
2021-05-23T20:57:31Z,277.191,17.557,0.84,0.859,0.518,0.339,0.922,2358.576,-42.013
2021-05-23T20:58:31Z,272.214,16.534,0.792,0.851,0.555,0.356,0.919,2351.094,-47.564
2021-05-23T20:59:31Z,248.475,4.154,0.662,0.165,2.255,0.874,0.99,5047.137,-58.964
2021-05-23T21:00:31Z,248.363,4.562,0.682,0.33,2.109,0.866,0.99,5010.272,-58.804
2021-05-23T21:01:31Z,247.804,4.604,0.667,0.308,2.132,0.873,0.99,5015.863,-58.916
2021-05-23T21:02:31Z,248.976,4.413,0.655,0.213,2.224,0.875,0.99,5011.836,-58.888
2021-05-23T21:03:31Z,247.717,4.793,0.669,0.207,2.23,0.871,0.99,5014.725,-58.864
2021-05-23T21:04:31Z,247.922,4.864,0.666,0.15,2.265,0.872,0.99,5017.496,-58.832
2021-05-23T21:05:31Z,249.071,5.221,0.676,0.288,2.156,0.869,0.99,4965.924,-58.762
2021-05-23T21:06:31Z,250.253,5.589,0.648,0.281,2.166,0.869,0.989,4967.195,-58.841
2021-05-23T21:07:31Z,250.506,5.317,0.644,0.255,2.191,0.875,0.989,4998.781,-59.071
2021-05-23T21:08:31Z,250.593,5.598,0.697,0.257,2.184,0.844,0.989,5019.003,-58.49
2021-05-23T21:09:31Z,251.012,5.904,0.709,0.215,2.221,0.85,0.989,5024.776,-58.544
2021-05-23T21:10:31Z,247.737,4.618,0.582,0.181,2.247,0.884,0.99,5037.282,-59.308
2021-05-23T21:11:31Z,244.33,3.603,0.556,0.216,2.225,0.891,0.99,5098.591,-59.671
2021-05-23T21:12:31Z,260.805,14.078,0.983,0.889,0.218,0.269,0.932,2489.382,-56.405
2021-05-23T21:13:31Z,249.461,4.909,0.681,0.201,2.232,0.866,0.99,5063.663,-58.83
2021-05-23T21:14:31Z,250.731,5.029,0.662,0.295,2.152,0.869,0.989,4965.189,-58.978
2021-05-23T21:15:31Z,244.929,3.59,0.461,0.666,1.441,0.872,0.989,4811.081,-59.353
2021-05-23T21:16:31Z,249.314,8.074,0.466,0.822,0.668,0.63,0.975,2932.014,-57.886
2021-05-23T21:17:31Z,264.59,14.272,0.75,0.856,0.527,0.408,0.948,2267.328,-42.601
2021-05-23T21:18:31Z,253.98,10.799,0.904,0.872,0.411,0.392,0.944,2480.055,-55.533
2021-05-23T21:19:31Z,245.351,3.21,0.546,0.175,2.254,0.892,0.99,5106.4,-59.713
2021-05-23T21:20:31Z,247.76,4.003,0.612,0.236,2.208,0.886,0.99,5086.012,-59.342
2021-05-23T21:21:31Z,245.576,3.021,0.578,0.156,2.263,0.886,0.99,5058.983,-59.524
2021-05-23T21:22:31Z,246.359,3.425,0.583,0.234,2.213,0.886,0.99,5087.062,-59.539
2021-05-23T21:23:31Z,245.88,3.222,0.561,0.176,2.253,0.891,0.99,5116.021,-59.695
2021-05-23T21:24:31Z,247.121,3.488,0.606,0.228,2.217,0.882,0.99,5068.114,-59.424
2021-05-23T21:25:31Z,253.193,9.606,0.929,0.882,0.3,0.363,0.949,2500.762,-56.84
2021-05-23T21:26:31Z,263.521,14.632,0.768,0.855,0.534,0.409,0.939,2295.704,-44.159
2021-05-23T21:27:31Z,245.934,3.496,0.456,0.659,1.451,0.866,0.989,4794.655,-59.247
2021-05-23T21:28:31Z,246.528,4.017,0.665,0.239,2.204,0.857,0.99,4949.744,-58.898
2021-05-23T21:29:31Z,246.538,3.634,0.626,0.39,2.033,0.876,0.99,5033.277,-59.261
2021-05-23T21:30:31Z,246.04,3.436,0.596,0.2,2.237,0.885,0.99,5089.415,-59.532
2021-05-23T21:31:31Z,246.109,3.469,0.585,0.211,2.23,0.886,0.99,5089.0,-59.507
2021-05-23T21:32:31Z,246.977,3.625,0.607,0.2,2.236,0.88,0.99,5079.064,-59.326
2021-05-23T21:33:31Z,249.445,4.071,0.661,0.134,2.272,0.875,0.99,5136.411,-58.95
2021-05-23T21:34:31Z,248.481,3.978,0.655,0.167,2.255,0.869,0.99,5043.278,-58.986
2021-05-23T21:35:31Z,249.782,3.767,0.633,0.112,2.282,0.884,0.99,5171.617,-59.175
2021-05-23T21:36:31Z,249.606,4.004,0.663,0.157,2.26,0.875,0.99,5125.782,-58.915
2021-05-23T21:37:31Z,262.634,14.143,0.909,0.88,0.333,0.425,0.939,2469.465,-52.649
2021-05-23T21:38:31Z,266.942,15.991,0.528,0.833,0.669,0.478,0.953,2155.666,-43.024
2021-05-23T21:39:31Z,258.955,14.528,0.805,0.857,0.523,0.45,0.938,2436.663,-53.789
2021-05-23T21:40:31Z,251.353,4.334,0.668,0.172,2.251,0.875,0.99,5103.368,-58.878
2021-05-23T21:41:31Z,250.427,3.919,0.647,0.295,2.151,0.881,0.99,5148.988,-59.069
2021-05-23T21:42:31Z,252.14,4.343,0.679,0.182,2.245,0.871,0.99,5115.632,-58.696
2021-05-23T21:43:31Z,250.194,4.144,0.66,0.173,2.251,0.876,0.99,5124.348,-58.941
2021-05-23T21:44:31Z,252.169,3.994,0.644,0.139,2.27,0.882,0.99,5190.452,-59.069
2021-05-23T21:45:31Z,253.501,4.149,0.663,0.142,2.268,0.876,0.99,5199.698,-58.807
2021-05-23T21:46:31Z,252.265,4.363,0.663,0.192,2.239,0.875,0.99,5156.977,-58.79
2021-05-23T21:47:31Z,255.174,3.839,0.631,0.204,2.232,0.887,0.99,5293.722,-59.051
2021-05-23T21:48:31Z,250.222,3.965,0.642,0.211,2.227,0.883,0.99,5172.254,-59.087
2021-05-23T21:49:31Z,254.025,4.446,0.638,0.47,1.9,0.881,0.99,5149.083,-59.133
2021-05-23T21:50:31Z,258.187,10.478,0.912,0.889,0.216,0.473,0.975,2813.975,-57.89
2021-05-23T21:51:31Z,250.957,4.259,0.671,0.164,2.257,0.87,0.99,5061.564,-58.824
2021-05-23T21:52:31Z,249.963,3.85,0.656,0.147,2.266,0.873,0.99,5057.276,-58.934
2021-05-23T21:53:31Z,251.216,4.419,0.695,0.261,2.18,0.865,0.99,5077.803,-58.621
2021-05-23T21:54:31Z,257.709,10.318,0.957,0.892,0.166,0.367,0.956,2607.321,-56.667
2021-05-23T21:55:31Z,249.833,4.091,0.617,0.224,2.218,0.886,0.99,5125.449,-59.285
2021-05-23T21:56:31Z,250.479,4.099,0.62,0.125,2.277,0.891,0.99,5230.698,-59.256
2021-05-23T21:57:31Z,248.957,4.048,0.609,0.132,2.274,0.891,0.99,5171.492,-59.383
2021-05-23T21:58:31Z,246.106,3.185,0.559,0.243,2.205,0.892,0.99,5119.335,-59.586
2021-05-23T21:59:31Z,250.33,3.781,0.607,0.25,2.198,0.892,0.99,5222.007,-59.311
2021-05-23T22:00:31Z,267.233,15.798,0.726,0.85,0.561,0.411,0.938,2208.76,-41.933
2021-05-23T22:01:31Z,261.068,15.225,0.861,0.868,0.447,0.397,0.931,2320.702,-49.087
2021-05-23T22:02:31Z,245.659,3.815,0.566,0.194,2.241,0.893,0.99,5159.238,-59.681
2021-05-23T22:03:31Z,244.54,3.382,0.549,0.131,2.275,0.896,0.99,5204.791,-59.828
2021-05-23T22:04:31Z,244.173,3.226,0.536,0.128,2.276,0.895,0.99,5185.743,-59.808
2021-05-23T22:05:31Z,245.041,3.708,0.542,0.232,2.216,0.894,0.99,5176.38,-59.759
2021-05-23T22:06:31Z,244.293,3.223,0.534,0.146,2.269,0.896,0.99,5200.696,-59.823
2021-05-23T22:07:31Z,245.097,3.305,0.555,0.201,2.237,0.895,0.99,5195.453,-59.707
2021-05-23T22:08:31Z,244.486,2.926,0.549,0.222,2.221,0.895,0.99,5193.757,-59.74
2021-05-23T22:09:31Z,244.687,3.383,0.543,0.225,2.22,0.895,0.99,5170.427,-59.739
2021-05-23T22:10:31Z,244.53,3.566,0.546,0.165,2.259,0.894,0.99,5175.962,-59.763
2021-05-23T22:11:31Z,245.736,3.573,0.626,0.311,2.136,0.868,0.99,5068.984,-59.228
2021-05-23T22:12:31Z,246.063,3.689,0.673,0.193,2.24,0.841,0.99,5033.19,-58.842
2021-05-23T22:13:31Z,257.992,10.692,0.981,0.9,0.0,0.293,0.952,2492.563,-56.593
2021-05-23T22:14:31Z,246.795,4.781,0.689,0.791,0.981,0.837,0.989,4863.678,-58.787
2021-05-23T22:15:31Z,244.639,3.349,0.56,0.526,1.802,0.893,0.99,5176.121,-44.665
2021-05-23T22:16:31Z,245.204,3.224,0.677,0.183,2.246,0.831,0.99,4956.327,-58.72
2021-05-23T22:17:31Z,245.736,3.869,0.641,0.26,2.184,0.863,0.99,5060.235,-59.05
2021-05-23T22:18:31Z,245.137,2.955,0.562,0.14,2.27,0.896,0.99,5209.541,-59.706
2021-05-23T22:19:31Z,245.224,3.241,0.554,0.162,2.26,0.895,0.99,5181.468,-59.693
2021-05-23T22:20:31Z,269.29,15.702,0.889,0.875,0.379,0.31,0.903,2364.651,-46.42
2021-05-23T22:21:31Z,268.882,15.872,0.817,0.861,0.492,0.326,0.907,2311.781,-45.811
2021-05-23T22:22:31Z,244.886,2.923,0.559,0.14,2.27,0.893,0.99,5160.879,-59.629
2021-05-23T22:23:31Z,244.999,2.843,0.544,0.201,2.237,0.896,0.99,5197.58,-59.785
2021-05-23T22:24:31Z,245.914,2.876,0.558,0.121,2.279,0.895,0.99,5187.149,-59.65
2021-05-23T22:25:31Z,245.439,3.087,0.557,0.305,2.145,0.894,0.99,5164.546,-59.644
2021-05-23T22:26:31Z,245.357,3.374,0.558,0.13,2.275,0.896,0.99,5205.732,-59.677
2021-05-23T22:27:31Z,258.179,10.208,0.969,0.874,0.35,0.338,0.967,2637.347,-58.079
2021-05-23T22:28:31Z,244.886,3.237,0.551,0.129,2.276,0.895,0.99,5176.599,-59.7
2021-05-23T22:29:31Z,257.952,11.795,0.984,0.895,0.108,0.293,0.952,2522.68,-57.921
2021-05-23T22:30:31Z,247.891,3.117,0.574,0.149,2.266,0.896,0.99,5213.116,-59.6
2021-05-23T22:31:31Z,245.171,3.612,0.548,0.193,2.243,0.895,0.99,5198.156,-59.781
2021-05-23T22:32:31Z,245.682,3.251,0.536,0.284,2.17,0.895,0.99,5202.914,-59.755
2021-05-23T22:33:31Z,244.817,3.173,0.542,0.251,2.199,0.896,0.99,5216.382,-59.765
2021-05-23T22:34:31Z,250.753,10.344,0.975,0.9,0.0,0.329,0.954,2600.934,-58.179
2021-05-23T22:35:31Z,245.118,3.297,0.535,0.218,2.226,0.896,0.99,5208.8,-59.753
2021-05-23T22:36:31Z,250.346,3.344,0.544,0.39,2.046,0.898,0.99,5277.54,-59.777
2021-05-23T22:37:31Z,244.679,3.364,0.531,0.314,2.14,0.894,0.99,5162.693,-59.755
2021-05-23T22:38:31Z,273.972,14.765,0.748,0.848,0.585,0.38,0.917,2313.907,-47.61
2021-05-23T22:39:31Z,268.859,14.122,0.676,0.844,0.594,0.391,0.919,2267.606,-47.729
2021-05-23T22:40:31Z,244.867,3.497,0.534,0.249,2.201,0.894,0.99,5163.609,-59.757
2021-05-23T22:41:31Z,245.146,3.341,0.547,0.303,2.15,0.894,0.99,5169.676,-59.736
2021-05-23T22:42:31Z,245.85,4.055,0.546,0.281,2.172,0.895,0.99,5173.771,-59.709
2021-05-23T22:43:31Z,246.327,3.805,0.57,0.207,2.232,0.894,0.99,5156.22,-59.644
2021-05-23T22:44:31Z,256.317,10.504,0.944,0.878,0.295,0.437,0.972,2761.566,-58.57
2021-05-23T22:45:31Z,255.222,10.543,0.976,0.889,0.202,0.308,0.953,2560.466,-57.736
2021-05-23T22:46:31Z,245.185,3.48,0.551,0.259,2.191,0.895,0.99,5180.116,-59.71
2021-05-23T22:47:31Z,246.331,4.053,0.524,0.369,2.064,0.89,0.99,5044.169,-59.546
2021-05-23T22:48:31Z,247.365,4.349,0.586,0.199,2.236,0.891,0.99,5136.549,-59.506
2021-05-23T22:49:31Z,255.563,12.339,0.984,0.898,0.059,0.267,0.929,2474.885,-56.438
2021-05-23T22:50:31Z,246.87,4.042,0.591,0.176,2.25,0.886,0.99,5067.58,-59.347
2021-05-23T22:51:31Z,263.463,13.515,0.945,0.882,0.306,0.308,0.903,2428.455,-52.691
2021-05-23T22:52:31Z,271.382,14.478,0.776,0.849,0.578,0.37,0.914,2317.085,-47.972
2021-05-23T22:53:31Z,246.411,3.64,0.567,0.375,2.057,0.892,0.99,5119.272,-59.551
2021-05-23T22:54:31Z,247.512,3.641,0.576,0.308,2.142,0.892,0.99,5124.245,-59.498
2021-05-23T22:55:31Z,251.948,4.495,0.629,0.219,2.223,0.883,0.989,5083.182,-59.186
2021-05-23T22:56:31Z,245.699,3.559,0.563,0.202,2.236,0.893,0.99,5160.681,-59.609
2021-05-23T22:57:31Z,245.694,3.676,0.545,0.191,2.243,0.892,0.99,5114.685,-59.627
2021-05-23T22:58:31Z,274.27,15.679,0.759,0.849,0.584,0.373,0.929,2294.845,-43.138
2021-05-23T22:59:31Z,263.904,13.386,0.719,0.846,0.605,0.383,0.918,2288.895,-50.4
2021-05-23T23:00:31Z,255.38,6.408,0.697,0.551,1.761,0.845,0.987,4996.883,-58.633
2021-05-23T23:01:31Z,253.337,5.322,0.652,0.346,2.094,0.874,0.989,5047.382,-58.914
2021-05-23T23:02:31Z,250.654,4.302,0.611,0.155,2.263,0.89,0.99,5155.092,-59.315
2021-05-23T23:03:31Z,247.751,3.371,0.567,0.223,2.221,0.894,0.99,5167.205,-59.515
2021-05-23T23:04:31Z,246.447,3.956,0.561,0.217,2.226,0.895,0.99,5182.048,-59.6
2021-05-23T23:05:31Z,246.335,3.596,0.569,0.152,2.265,0.893,0.99,5145.0,-59.532
2021-05-23T23:06:31Z,246.942,3.409,0.574,0.364,2.075,0.89,0.99,5107.442,-59.461
2021-05-23T23:07:31Z,245.98,3.419,0.56,0.209,2.231,0.891,0.99,5109.816,-59.549
2021-05-23T23:08:31Z,245.789,3.493,0.558,0.325,2.123,0.893,0.99,5140.33,-59.552
2021-05-23T23:09:31Z,247.777,3.816,0.563,0.206,2.234,0.893,0.99,5135.559,-59.575
2021-05-23T23:10:31Z,246.64,3.197,0.562,0.146,2.268,0.894,0.99,5169.098,-59.649
2021-05-23T23:11:31Z,259.925,11.679,0.99,0.9,0.0,0.245,0.932,2461.609,-56.413
2021-05-23T23:12:31Z,246.006,3.27,0.531,0.366,2.08,0.895,0.99,5184.562,-59.778
2021-05-23T23:13:31Z,249.783,4.198,0.598,0.336,2.112,0.889,0.99,5201.0,-59.371
2021-05-23T23:14:31Z,257.812,10.633,0.98,0.894,0.13,0.303,0.964,2570.29,-58.36
2021-05-23T23:15:31Z,249.447,4.074,0.57,0.175,2.254,0.893,0.99,5143.175,-59.518
2021-05-23T23:16:31Z,265.934,15.146,0.939,0.877,0.369,0.302,0.897,2410.943,-50.877
2021-05-23T23:17:31Z,269.615,15.857,0.751,0.85,0.582,0.371,0.938,2290.949,-42.665
2021-05-23T23:18:31Z,258.142,13.807,0.983,0.897,0.084,0.301,0.945,2518.889,-56.825
2021-05-23T23:19:31Z,250.437,4.386,0.594,0.239,2.209,0.89,0.99,5160.002,-59.491
2021-05-23T23:20:31Z,247.368,2.945,0.567,0.167,2.257,0.892,0.99,5187.228,-59.595
2021-05-23T23:21:31Z,246.077,3.367,0.564,0.282,2.171,0.892,0.99,5170.513,-59.612
2021-05-23T23:22:31Z,249.436,10.109,0.968,0.9,0.0,0.35,0.959,2652.865,-58.09
2021-05-23T23:23:31Z,250.583,3.825,0.609,0.226,2.218,0.886,0.99,5115.266,-59.307
2021-05-23T23:24:31Z,254.262,10.048,0.984,0.9,0.0,0.297,0.957,2561.07,-58.12
2021-05-23T23:25:31Z,249.849,4.799,0.623,0.355,2.084,0.881,0.99,5103.22,-59.231
2021-05-23T23:26:31Z,249.843,4.41,0.606,0.187,2.245,0.886,0.99,5118.826,-59.324
2021-05-23T23:27:31Z,247.362,3.725,0.565,0.219,2.224,0.892,0.99,5140.627,-59.541
2021-05-23T23:28:31Z,250.386,4.051,0.609,0.194,2.241,0.885,0.99,5117.309,-59.284
2021-05-23T23:29:31Z,245.851,3.362,0.575,0.424,1.991,0.882,0.99,5075.329,-59.471
2021-05-23T23:30:31Z,258.01,9.993,0.977,0.9,0.0,0.293,0.963,2564.377,-58.082
2021-05-23T23:31:31Z,249.851,4.041,0.601,0.36,2.079,0.889,0.99,5119.036,-59.356
2021-05-23T23:32:31Z,261.372,12.537,0.974,0.891,0.181,0.276,0.92,2456.964,-55.12
2021-05-23T23:33:31Z,246.265,3.444,0.544,0.237,2.211,0.892,0.99,5139.089,-59.604
2021-05-23T23:34:31Z,246.912,3.103,0.549,0.28,2.175,0.895,0.99,5186.005,-59.676
2021-05-23T23:35:31Z,246.378,3.567,0.585,0.427,1.986,0.881,0.99,5075.423,-59.464
2021-05-23T23:36:31Z,256.442,11.042,0.958,0.885,0.266,0.346,0.97,2616.728,-58.505
2021-05-23T23:37:31Z,247.893,3.947,0.583,0.15,2.267,0.888,0.99,5084.764,-59.429
2021-05-23T23:38:31Z,247.467,3.458,0.571,0.212,2.229,0.888,0.99,5112.847,-59.513
2021-05-23T23:39:31Z,261.96,12.242,0.932,0.877,0.359,0.301,0.931,2440.778,-55.971
2021-05-23T23:40:31Z,273.415,15.194,0.692,0.84,0.617,0.395,0.928,2262.969,-44.551
2021-05-23T23:41:31Z,249.566,4.009,0.58,0.31,2.14,0.887,0.99,5132.592,-59.399
2021-05-23T23:42:31Z,247.61,3.447,0.565,0.26,2.192,0.889,0.99,5106.933,-59.538
2021-05-23T23:43:31Z,249.447,4.793,0.617,0.461,1.92,0.874,0.99,5009.598,-59.171
2021-05-23T23:44:31Z,254.441,10.151,0.987,0.9,0.0,0.247,0.946,2424.724,-57.288
2021-05-23T23:45:31Z,245.986,3.445,0.537,0.87,0.34,0.575,0.988,2085.175,-55.595
2021-05-23T23:46:31Z,277.802,17.648,0.955,0.891,0.19,0.256,0.901,2369.71,-39.293
2021-05-23T23:47:31Z,269.281,16.17,0.931,0.88,0.33,0.262,0.919,2346.665,-39.222
2021-05-23T23:48:31Z,248.413,3.414,0.594,0.155,2.263,0.883,0.99,5094.431,-59.422
2021-05-23T23:49:31Z,247.502,3.637,0.57,0.195,2.241,0.888,0.99,5060.705,-59.497
2021-05-23T23:50:31Z,247.117,3.338,0.563,0.272,2.181,0.892,0.99,5135.695,-59.648
2021-05-23T23:51:31Z,248.359,4.298,0.562,0.371,2.071,0.89,0.99,5092.502,-59.525
2021-05-23T23:52:31Z,248.3,4.324,0.572,0.339,2.109,0.89,0.99,5099.122,-59.501
2021-05-23T23:53:31Z,248.574,4.964,0.595,0.53,1.792,0.885,0.99,5047.051,-59.421
2021-05-23T23:54:31Z,247.709,3.779,0.563,0.34,2.109,0.89,0.99,5138.155,-59.597
2021-05-23T23:55:31Z,251.115,9.057,0.983,0.9,0.0,0.256,0.951,2473.926,-57.619
2021-05-23T23:56:31Z,255.019,11.773,0.988,0.897,0.087,0.262,0.937,2452.799,-56.837
2021-05-23T23:57:31Z,247.538,3.513,0.562,0.228,2.218,0.89,0.99,5142.192,-59.57
2021-05-23T23:58:31Z,254.398,10.621,0.986,0.9,0.0,0.25,0.943,2467.144,-57.383
2021-05-23T23:59:31Z,255.578,11.998,0.983,0.892,0.175,0.26,0.937,2460.219,-57.163
2021-05-24T00:00:31Z,271.229,14.949,0.931,0.878,0.349,0.284,0.893,2360.939,-43.795
2021-05-24T00:01:31Z,266.96,13.592,0.881,0.869,0.43,0.302,0.901,2330.457,-45.796
2021-05-24T00:02:31Z,246.143,3.191,0.553,0.11,2.283,0.893,0.99,5146.836,-59.729
2021-05-24T00:03:31Z,246.204,3.149,0.563,0.401,2.028,0.888,0.99,5124.883,-59.617
2021-05-24T00:04:31Z,246.391,3.525,0.556,0.346,2.102,0.891,0.99,5148.267,-59.682
2021-05-24T00:05:31Z,246.631,3.421,0.554,0.176,2.253,0.892,0.99,5149.186,-59.692
2021-05-24T00:06:31Z,246.496,3.177,0.551,0.256,2.196,0.892,0.99,5143.785,-59.691
2021-05-24T00:07:31Z,246.956,3.342,0.55,0.27,2.183,0.891,0.99,5126.269,-59.641
2021-05-24T00:08:31Z,247.191,2.955,0.552,0.227,2.219,0.892,0.99,5153.423,-59.687
2021-05-24T00:09:31Z,246.657,3.969,0.556,0.304,2.149,0.891,0.99,5141.291,-59.713
2021-05-24T00:10:31Z,269.348,15.316,0.927,0.881,0.318,0.277,0.899,2354.359,-43.035
2021-05-24T00:11:31Z,268.673,14.903,0.865,0.86,0.5,0.321,0.907,2329.358,-45.105
2021-05-24T00:12:31Z,246.981,3.678,0.546,0.202,2.236,0.883,0.99,4982.198,-59.367
2021-05-24T00:13:31Z,247.797,3.584,0.584,0.239,2.207,0.885,0.99,5066.407,-59.44
2021-05-24T00:14:31Z,247.034,3.272,0.566,0.266,2.186,0.89,0.99,5081.781,-59.59
2021-05-24T00:15:31Z,247.096,3.438,0.567,0.209,2.23,0.889,0.99,5108.883,-59.562
2021-05-24T00:16:31Z,274.064,15.589,0.922,0.883,0.291,0.285,0.914,2353.899,-39.494
2021-05-24T00:17:31Z,259.104,11.489,0.78,0.81,0.729,0.36,0.93,2349.246,-54.846
2021-05-24T00:18:31Z,246.334,4.212,0.618,0.523,1.772,0.844,0.99,4841.12,-58.711
2021-05-24T00:19:31Z,262.224,14.791,0.965,0.886,0.25,0.246,0.884,2374.705,-49.336
2021-05-24T00:20:31Z,246.213,4.18,0.65,0.383,2.044,0.849,0.99,4967.159,-58.903
2021-05-24T00:21:31Z,245.85,3.316,0.652,0.233,2.212,0.849,0.99,5001.667,-58.952
2021-05-24T00:22:31Z,246.569,3.517,0.654,0.39,2.035,0.849,0.99,5006.49,-58.924
2021-05-24T00:23:31Z,245.795,3.545,0.642,0.252,2.196,0.849,0.99,4981.725,-58.973
2021-05-24T00:24:31Z,272.932,15.63,0.935,0.878,0.345,0.269,0.888,2360.074,-44.003
2021-05-24T00:25:31Z,270.723,14.81,0.844,0.867,0.448,0.322,0.936,2299.023,-38.455
2021-05-24T00:26:31Z,262.208,12.957,0.875,0.869,0.433,0.3,0.909,2330.428,-46.154
2021-05-24T00:27:31Z,245.574,5.237,0.68,0.579,1.61,0.834,0.989,4619.376,-58.671
2021-05-24T00:28:31Z,246.49,5.056,0.663,0.571,1.656,0.848,0.989,4825.806,-58.846
2021-05-24T00:29:31Z,246.983,3.408,0.554,0.318,2.135,0.89,0.99,5113.259,-59.653
2021-05-24T00:30:31Z,267.037,15.403,0.933,0.875,0.385,0.284,0.894,2376.565,-49.114
2021-05-24T00:31:31Z,245.944,3.808,0.579,0.548,1.742,0.861,0.99,4932.306,-59.085
2021-05-24T00:32:31Z,246.854,4.032,0.615,0.215,2.227,0.86,0.99,4992.376,-59.04
2021-05-24T00:33:31Z,246.605,3.903,0.599,0.221,2.223,0.872,0.99,5057.059,-59.309
2021-05-24T00:34:31Z,245.934,3.463,0.599,0.328,2.122,0.874,0.99,5060.872,-59.315
2021-05-24T00:35:31Z,263.921,13.734,0.962,0.884,0.277,0.263,0.898,2410.047,-53.171
2021-05-24T00:36:31Z,278.196,16.771,0.782,0.852,0.557,0.37,0.935,2281.646,-40.263
2021-05-24T00:37:31Z,246.891,4.426,0.582,0.657,1.474,0.876,0.989,4878.352,-59.554
2021-05-24T00:38:31Z,251.709,10.654,0.987,0.898,0.051,0.24,0.926,2430.182,-55.379
2021-05-24T00:39:31Z,274.141,17.268,0.848,0.865,0.462,0.334,0.928,2325.362,-40.113
2021-05-24T00:40:31Z,262.178,13.376,0.82,0.857,0.518,0.359,0.917,2342.067,-52.093
2021-05-24T00:41:31Z,246.997,3.713,0.571,0.276,2.177,0.886,0.99,5025.892,-59.566
2021-05-24T00:42:31Z,249.29,4.274,0.581,0.355,2.088,0.888,0.99,5076.173,-59.525
2021-05-24T00:43:31Z,250.807,4.623,0.6,0.165,2.258,0.885,0.99,5071.996,-59.446
2021-05-24T00:44:31Z,249.224,4.539,0.603,0.291,2.159,0.883,0.99,5014.604,-59.389
2021-05-24T00:45:31Z,248.611,3.344,0.574,0.151,2.266,0.887,0.99,5105.911,-59.55
2021-05-24T00:46:31Z,258.811,11.625,0.978,0.896,0.104,0.308,0.948,2500.62,-56.763
2021-05-24T00:47:31Z,278.558,17.008,0.845,0.863,0.486,0.359,0.933,2329.546,-39.898
2021-05-24T00:48:31Z,264.971,15.643,0.85,0.869,0.435,0.357,0.912,2356.401,-48.58
2021-05-24T00:49:31Z,249.845,5.831,0.598,0.617,1.594,0.88,0.989,4949.919,-59.492
2021-05-24T00:50:31Z,249.855,4.737,0.564,0.25,2.202,0.889,0.99,5067.848,-59.695
2021-05-24T00:51:31Z,269.782,16.508,0.919,0.882,0.307,0.307,0.904,2379.381,-45.032
2021-05-24T00:52:31Z,275.054,17.114,0.835,0.869,0.429,0.343,0.938,2315.484,-39.406
2021-05-24T00:53:31Z,250.822,4.571,0.576,0.244,2.207,0.886,0.989,5066.345,-59.588
2021-05-24T00:54:31Z,249.203,4.624,0.554,0.258,2.196,0.889,0.99,5084.912,-59.687
2021-05-24T00:55:31Z,250.094,4.785,0.572,0.293,2.163,0.886,0.989,5065.903,-59.581
2021-05-24T00:56:31Z,275.594,17.363,0.862,0.865,0.465,0.341,0.923,2340.709,-41.275
2021-05-24T00:57:31Z,267.739,16.631,0.916,0.879,0.339,0.297,0.904,2367.963,-47.027
2021-05-24T00:58:31Z,249.376,4.586,0.553,0.407,2.022,0.888,0.99,5052.277,-59.647
2021-05-24T00:59:31Z,248.46,4.459,0.532,0.22,2.226,0.892,0.99,5104.192,-59.793
2021-05-24T01:00:31Z,250.743,5.13,0.592,0.276,2.178,0.881,0.989,5025.381,-59.445
2021-05-24T01:01:31Z,249.434,4.665,0.555,0.278,2.178,0.891,0.99,5111.184,-59.73
2021-05-24T01:02:31Z,258.074,12.089,0.968,0.893,0.154,0.305,0.957,2535.282,-58.097
2021-05-24T01:03:31Z,250.527,4.664,0.578,0.326,2.127,0.885,0.989,5061.797,-59.537
2021-05-24T01:04:31Z,273.94,15.957,0.889,0.876,0.372,0.317,0.917,2342.799,-41.35
2021-05-24T01:05:31Z,252.216,5.426,0.639,0.328,2.117,0.869,0.989,4894.577,-58.991
2021-05-24T01:06:31Z,251.822,5.566,0.6,0.471,1.908,0.88,0.989,5010.169,-59.376
2021-05-24T01:07:31Z,262.577,15.071,0.986,0.894,0.135,0.252,0.91,2445.281,-54.695
2021-05-24T01:08:31Z,276.106,17.14,0.859,0.872,0.401,0.334,0.942,2330.388,-38.163
2021-05-24T01:09:31Z,266.863,14.242,0.851,0.866,0.457,0.345,0.911,2332.742,-48.536
2021-05-24T01:10:31Z,250.979,6.884,0.703,0.648,1.51,0.844,0.988,4649.683,-58.737
2021-05-24T01:11:31Z,250.625,4.967,0.653,0.329,2.119,0.859,0.989,4968.947,-58.976
2021-05-24T01:12:31Z,266.563,16.069,0.989,0.897,0.083,0.233,0.88,2418.532,-49.629
2021-05-24T01:13:31Z,266.507,17.413,0.923,0.886,0.25,0.293,0.923,2346.796,-41.659
2021-05-24T01:14:31Z,257.278,12.16,0.739,0.838,0.62,0.391,0.926,2312.398,-53.362
2021-05-24T01:15:31Z,264.28,15.839,0.492,0.844,0.606,0.452,0.95,2103.157,-38.827
2021-05-24T01:16:31Z,258.044,11.447,0.339,0.841,0.608,0.465,0.939,2143.292,-54.756
2021-05-24T01:17:31Z,251.55,5.618,0.632,0.336,2.11,0.874,0.989,5019.496,-59.314
2021-05-24T01:18:31Z,252.078,6.181,0.656,0.636,1.537,0.868,0.988,4902.397,-59.211
2021-05-24T01:19:31Z,251.558,5.864,0.63,0.635,1.534,0.875,0.989,4957.422,-59.363
2021-05-24T01:20:31Z,267.11,15.15,0.751,0.864,0.475,0.401,0.924,2222.2,-43.576
2021-05-24T01:21:31Z,267.48,15.642,0.697,0.859,0.507,0.399,0.937,2180.272,-40.766
2021-05-24T01:22:31Z,250.678,8.216,0.731,0.874,0.289,0.795,0.987,4185.853,-58.764
2021-05-24T01:23:31Z,246.934,3.814,0.555,0.242,2.208,0.889,0.99,5056.436,-59.723
2021-05-24T01:24:31Z,246.937,3.744,0.57,0.173,2.254,0.886,0.99,5000.377,-59.574
2021-05-24T01:25:31Z,266.942,15.738,0.705,0.857,0.525,0.43,0.941,2221.939,-41.653
2021-05-24T01:26:31Z,252.147,11.707,0.713,0.86,0.514,0.443,0.94,2377.702,-54.783
2021-05-24T01:27:31Z,248.981,3.784,0.564,0.165,2.259,0.888,0.99,5086.776,-59.647
2021-05-24T01:28:31Z,250.318,4.328,0.59,0.219,2.223,0.885,0.99,5053.882,-59.488
2021-05-24T01:29:31Z,253.112,9.649,0.943,0.895,0.123,0.411,0.966,2717.749,-58.194
2021-05-24T01:30:31Z,259.735,12.613,0.982,0.896,0.091,0.331,0.931,2435.936,-55.401
2021-05-24T01:31:31Z,269.475,15.935,0.782,0.864,0.474,0.4,0.941,2250.425,-39.137
2021-05-24T01:32:31Z,267.578,14.738,0.767,0.864,0.474,0.406,0.925,2247.414,-44.96
2021-05-24T01:33:31Z,251.12,4.873,0.608,0.354,2.084,0.879,0.989,5019.119,-59.353
2021-05-24T01:34:31Z,251.231,5.275,0.66,0.435,1.954,0.866,0.989,4960.207,-59.083
2021-05-24T01:35:31Z,251.297,5.565,0.701,0.373,2.052,0.837,0.989,4834.254,-58.57
2021-05-24T01:36:31Z,252.887,5.8,0.762,0.473,1.888,0.77,0.988,4731.174,-57.966
2021-05-24T01:37:31Z,270.116,16.394,0.849,0.873,0.394,0.371,0.928,2322.039,-41.348
2021-05-24T01:38:31Z,266.59,15.286,0.935,0.884,0.285,0.339,0.909,2400.676,-50.391
2021-05-24T01:39:31Z,250.551,5.481,0.772,0.427,1.973,0.747,0.988,4653.928,-57.686
2021-05-24T01:40:31Z,269.449,17.043,0.839,0.87,0.422,0.368,0.919,2313.507,-42.393
2021-05-24T01:41:31Z,264.54,15.361,0.781,0.868,0.443,0.397,0.92,2282.24,-46.584
2021-05-24T01:42:31Z,269.12,17.873,0.816,0.866,0.452,0.383,0.935,2299.862,-39.897
2021-05-24T01:43:31Z,261.04,13.978,0.755,0.856,0.529,0.423,0.928,2289.176,-50.795
2021-05-24T01:44:31Z,272.36,18.447,0.833,0.871,0.417,0.377,0.93,2310.962,-40.676
2021-05-24T01:45:31Z,258.28,13.905,0.81,0.868,0.44,0.396,0.921,2346.612,-52.74
2021-05-24T01:46:31Z,246.471,4.676,0.669,0.355,2.087,0.819,0.989,4717.249,-58.586
2021-05-24T01:47:31Z,263.661,15.476,0.942,0.887,0.237,0.33,0.912,2413.378,-51.318
2021-05-24T01:48:31Z,272.634,17.878,0.728,0.859,0.51,0.41,0.947,2233.728,-38.53
2021-05-24T01:49:31Z,266.931,16.792,0.674,0.857,0.522,0.423,0.945,2196.13,-40.454
2021-05-24T01:50:31Z,251.874,8.816,0.867,0.888,0.194,0.609,0.98,3611.819,-58.656
2021-05-24T01:51:31Z,247.464,3.664,0.548,0.306,2.145,0.893,0.99,5152.352,-59.773
2021-05-24T01:52:31Z,266.086,16.357,0.829,0.872,0.408,0.385,0.917,2317.049,-44.826
2021-05-24T01:53:31Z,271.28,17.092,0.715,0.861,0.492,0.41,0.947,2215.058,-39.015
2021-05-24T01:54:31Z,247.84,4.364,0.552,0.529,1.778,0.883,0.99,4929.838,-59.436
2021-05-24T01:55:31Z,248.76,4.062,0.588,0.234,2.21,0.883,0.99,4990.744,-59.388
2021-05-24T01:56:31Z,248.823,4.68,0.577,0.227,2.218,0.887,0.99,4994.294,-59.51
2021-05-24T01:57:31Z,273.149,17.777,0.794,0.87,0.423,0.396,0.934,2277.102,-40.275
2021-05-24T01:58:31Z,268.346,15.276,0.718,0.862,0.484,0.423,0.912,2220.772,-47.646
2021-05-24T01:59:31Z,247.932,4.067,0.588,0.261,2.188,0.884,0.99,5008.001,-59.474
2021-05-24T02:00:31Z,248.211,4.058,0.55,0.592,1.611,0.884,0.99,5009.19,-59.502
2021-05-24T02:01:31Z,259.051,13.417,0.903,0.885,0.274,0.36,0.91,2404.495,-52.856
2021-05-24T02:02:31Z,268.53,16.932,0.748,0.862,0.488,0.408,0.929,2266.456,-42.058
2021-05-24T02:03:31Z,270.489,16.648,0.789,0.868,0.443,0.374,0.903,2311.44,-47.835
2021-05-24T02:04:31Z,249.356,3.98,0.609,0.158,2.262,0.877,0.99,4894.818,-59.168
2021-05-24T02:05:31Z,267.879,17.23,0.706,0.858,0.517,0.412,0.929,2250.784,-42.326
2021-05-24T02:06:31Z,268.731,16.616,0.586,0.85,0.562,0.43,0.95,2140.248,-39.364
2021-05-24T02:07:31Z,257.59,11.316,0.505,0.841,0.607,0.495,0.949,2259.582,-55.746
2021-05-24T02:08:31Z,249.317,3.774,0.576,0.242,2.206,0.886,0.99,5087.239,-59.554
2021-05-24T02:09:31Z,265.537,14.901,0.858,0.875,0.38,0.377,0.91,2350.417,-49.471
2021-05-24T02:10:31Z,271.141,17.429,0.691,0.86,0.503,0.415,0.95,2222.119,-38.398
2021-05-24T02:11:31Z,267.571,16.587,0.578,0.855,0.535,0.436,0.952,2142.748,-39.51
2021-05-24T02:12:31Z,271.197,17.663,0.625,0.855,0.534,0.432,0.945,2191.931,-40.107
2021-05-24T02:13:31Z,247.004,6.699,0.588,0.667,1.441,0.868,0.989,4715.796,-59.457
2021-05-24T02:14:31Z,247.204,3.807,0.568,0.423,1.987,0.888,0.99,5064.942,-59.599
2021-05-24T02:15:31Z,266.13,16.826,0.797,0.869,0.429,0.381,0.91,2314.906,-45.102
2021-05-24T02:16:31Z,270.254,17.599,0.701,0.86,0.499,0.413,0.952,2231.282,-38.674
2021-05-24T02:17:31Z,270.766,17.293,0.602,0.86,0.503,0.43,0.956,2173.579,-38.546
2021-05-24T02:18:31Z,261.818,14.154,0.572,0.855,0.531,0.45,0.918,2193.348,-50.873
2021-05-24T02:19:31Z,247.907,3.396,0.558,0.317,2.135,0.891,0.99,5136.13,-59.696
2021-05-24T02:20:31Z,263.866,16.027,0.864,0.876,0.371,0.368,0.908,2366.162,-47.963
2021-05-24T02:21:31Z,270.001,17.89,0.693,0.859,0.51,0.407,0.949,2251.899,-38.456
2021-05-24T02:22:31Z,268.933,17.231,0.597,0.858,0.513,0.43,0.95,2177.65,-39.092
2021-05-24T02:23:31Z,247.871,4.302,0.588,0.614,1.557,0.883,0.99,4999.459,-59.555
2021-05-24T02:24:31Z,248.554,3.537,0.589,0.325,2.122,0.886,0.99,5080.213,-59.53
2021-05-24T02:25:31Z,261.28,13.246,0.957,0.895,0.108,0.349,0.923,2459.718,-53.374
2021-05-24T02:26:31Z,270.237,17.06,0.656,0.854,0.544,0.43,0.952,2214.459,-38.034
2021-05-24T02:27:31Z,267.418,16.065,0.598,0.854,0.542,0.439,0.947,2175.238,-39.954
2021-05-24T02:28:31Z,269.79,17.538,0.617,0.857,0.523,0.435,0.946,2194.841,-39.167
2021-05-24T02:29:31Z,263.201,14.475,0.471,0.842,0.609,0.457,0.919,2117.735,-47.066
2021-05-24T02:30:31Z,250.185,4.498,0.602,0.334,2.11,0.889,0.99,5107.429,-59.402
2021-05-24T02:31:31Z,263.832,15.692,0.825,0.875,0.381,0.402,0.921,2352.971,-45.333
2021-05-24T02:32:31Z,269.758,15.772,0.576,0.851,0.555,0.438,0.955,2173.337,-38.422
2021-05-24T02:33:31Z,269.361,14.656,0.476,0.842,0.604,0.459,0.951,2107.532,-39.284
2021-05-24T02:34:31Z,260.128,12.991,0.585,0.852,0.583,0.449,0.934,2298.401,-54.75
2021-05-24T02:35:31Z,248.326,4.647,0.62,0.35,2.088,0.879,0.99,4921.219,-59.261
2021-05-24T02:36:31Z,253.998,12.237,0.974,0.896,0.098,0.402,0.937,2606.529,-54.54
2021-05-24T02:37:31Z,269.128,16.313,0.721,0.863,0.483,0.416,0.94,2268.918,-39.487
2021-05-24T02:38:31Z,269.611,15.118,0.686,0.86,0.501,0.421,0.926,2238.251,-42.98
2021-05-24T02:39:31Z,249.673,4.055,0.598,0.222,2.219,0.886,0.99,5079.071,-59.444
2021-05-24T02:40:31Z,249.062,4.662,0.62,0.263,2.182,0.88,0.99,5042.936,-59.27
2021-05-24T02:41:31Z,265.696,17.174,0.85,0.869,0.438,0.376,0.909,2375.858,-44.92
2021-05-24T02:42:31Z,268.216,16.75,0.743,0.865,0.472,0.416,0.931,2309.722,-41.052
2021-05-24T02:43:31Z,268.73,16.948,0.525,0.849,0.572,0.451,0.949,2153.775,-39.22
2021-05-24T02:44:31Z,270.135,16.453,0.48,0.854,0.543,0.456,0.953,2128.466,-39.519
2021-05-24T02:45:31Z,275.015,18.165,0.589,0.855,0.542,0.443,0.944,2209.884,-39.34
2021-05-24T02:46:31Z,250.958,5.801,0.647,0.548,1.714,0.877,0.989,4921.57,-59.069
2021-05-24T02:47:31Z,266.095,17.969,0.874,0.877,0.361,0.377,0.914,2402.312,-44.448
2021-05-24T02:48:31Z,260.874,16.027,0.701,0.856,0.543,0.452,0.916,2334.05,-48.979
2021-05-24T02:49:31Z,249.726,5.027,0.649,0.232,2.208,0.877,0.99,4960.918,-29.042
2021-05-24T02:50:31Z,250.138,5.202,0.64,0.449,1.917,0.878,0.99,4939.48,-59.13
2021-05-24T02:51:31Z,267.893,17.263,0.753,0.857,0.528,0.418,0.929,2328.723,-42.318
2021-05-24T02:52:31Z,267.069,14.713,0.769,0.864,0.475,0.405,0.918,2371.197,-48.452
2021-05-24T02:53:31Z,262.286,14.09,0.98,0.893,0.155,0.36,0.926,2520.808,-53.688
2021-05-24T02:54:31Z,273.494,16.795,0.711,0.861,0.493,0.425,0.95,2271.428,-37.696
2021-05-24T02:55:31Z,266.13,16.18,0.645,0.856,0.528,0.438,0.93,2220.855,-43.138
2021-05-24T02:56:31Z,253.814,5.658,0.65,0.283,2.162,0.879,0.989,5017.022,-59.014
2021-05-24T02:57:31Z,274.59,16.41,0.773,0.863,0.485,0.407,0.923,2329.452,-42.352
2021-05-24T02:58:31Z,272.52,16.817,0.602,0.85,0.566,0.444,0.947,2202.162,-38.902
2021-05-24T02:59:31Z,256.311,12.022,0.983,0.9,0.0,0.347,0.945,2596.025,-55.438
2021-05-24T03:00:31Z,251.463,6.216,0.656,0.529,1.738,0.878,0.989,4929.903,-59.037
2021-05-24T03:01:31Z,259.052,14.411,0.956,0.889,0.21,0.36,0.923,2525.788,-52.695
2021-05-24T03:02:31Z,274.548,19.052,0.672,0.855,0.534,0.434,0.948,2254.947,-37.971
2021-05-24T03:03:31Z,271.635,17.746,0.724,0.863,0.477,0.402,0.951,2277.024,-37.069
2021-05-24T03:04:31Z,267.626,17.156,0.73,0.867,0.447,0.412,0.917,2276.295,-44.372
2021-05-24T03:05:31Z,267.722,17.559,0.946,0.89,0.201,0.316,0.888,2447.871,-47.064
2021-05-24T03:06:31Z,248.978,5.257,0.622,0.593,1.593,0.88,0.99,4960.854,-59.335
2021-05-24T03:07:31Z,264.861,16.346,0.836,0.88,0.323,0.364,0.897,2373.345,-47.153
2021-05-24T03:08:31Z,275.34,19.124,0.598,0.854,0.545,0.43,0.945,2215.532,-37.693
2021-05-24T03:09:31Z,269.645,17.288,0.539,0.858,0.515,0.43,0.952,2176.263,-37.983
2021-05-24T03:10:31Z,269.404,17.424,0.512,0.847,0.576,0.444,0.948,2141.133,-38.927
2021-05-24T03:11:31Z,270.004,18.126,0.781,0.865,0.464,0.39,0.916,2325.21,-42.896
2021-05-24T03:12:31Z,247.424,5.291,0.67,0.821,0.824,0.829,0.989,4447.014,-58.983
2021-05-24T03:13:31Z,248.752,12.517,0.981,0.899,0.034,0.359,0.942,2603.581,-56.367
2021-05-24T03:14:31Z,272.715,18.927,0.69,0.861,0.492,0.416,0.945,2274.467,-37.39
2021-05-24T03:15:31Z,270.542,17.411,0.569,0.857,0.524,0.432,0.95,2195.897,-38.334
2021-05-24T03:16:31Z,270.179,17.604,0.631,0.856,0.528,0.427,0.934,2232.272,-40.647
2021-05-24T03:17:31Z,246.825,4.368,0.585,0.575,1.683,0.888,0.99,5028.15,-59.602
2021-05-24T03:18:31Z,246.825,3.961,0.557,0.167,2.258,0.892,0.99,5080.066,-59.651
2021-05-24T03:19:31Z,273.78,18.847,0.754,0.869,0.431,0.403,0.942,2308.708,-37.861
2021-05-24T03:20:31Z,269.951,17.011,0.515,0.859,0.509,0.439,0.944,2141.581,-39.897
2021-05-24T03:21:31Z,247.772,4.32,0.566,0.48,1.883,0.89,0.99,5067.182,-59.589
2021-05-24T03:22:31Z,248.723,5.427,0.628,0.546,1.741,0.866,0.99,4705.276,-58.932
2021-05-24T03:23:31Z,277.026,19.278,0.712,0.864,0.477,0.415,0.946,2282.652,-37.109
2021-05-24T03:24:31Z,271.179,17.137,0.557,0.856,0.525,0.442,0.937,2169.334,-40.988
2021-05-24T03:25:31Z,261.409,15.061,0.992,0.898,0.052,0.325,0.916,2493.53,-53.325
2021-05-24T03:26:31Z,273.324,18.679,0.695,0.862,0.487,0.416,0.939,2271.174,-38.58
2021-05-24T03:27:31Z,272.096,16.976,0.543,0.853,0.545,0.447,0.942,2159.373,-39.429
2021-05-24T03:28:31Z,256.104,14.009,0.99,0.899,0.034,0.339,0.921,2491.921,-53.887
2021-05-24T03:29:31Z,269.581,17.916,0.732,0.863,0.482,0.418,0.92,2297.861,-42.627
2021-05-24T03:30:31Z,273.818,18.594,0.671,0.862,0.489,0.427,0.941,2266.544,-39.424
2021-05-24T03:31:31Z,260.187,12.278,0.623,0.84,0.612,0.441,0.951,2460.299,-55.818
2021-05-24T03:32:31Z,268.189,15.794,0.9,0.881,0.323,0.382,0.909,2426.863,-48.776
2021-05-24T03:33:31Z,276.811,18.727,0.669,0.863,0.479,0.429,0.953,2238.337,-36.725
2021-05-24T03:34:31Z,270.407,16.734,0.511,0.848,0.575,0.455,0.952,2147.286,-38.593
2021-05-24T03:35:31Z,269.161,16.526,0.591,0.857,0.519,0.445,0.95,2191.403,-38.73
2021-05-24T03:36:31Z,270.5,14.946,0.53,0.851,0.557,0.456,0.932,2148.794,-42.097
2021-05-24T03:37:31Z,247.36,5.529,0.657,0.593,1.616,0.859,0.988,4765.807,-59.241
2021-05-24T03:38:31Z,276.108,20.195,0.725,0.866,0.456,0.413,0.938,2298.534,-39.332
2021-05-24T03:39:31Z,278.134,18.064,0.619,0.861,0.492,0.441,0.951,2212.116,-38.191
