2021-05-24T20:29:59Z,335.776,13.151,-0.541,0.69,1.353,0.556,0.947,1541.915,-45.793
2021-05-24T20:30:59Z,305.843,10.874,0.14,0.74,1.112,0.647,0.957,2127.749,-50.495
2021-05-24T20:31:59Z,279.671,3.217,0.274,0.899,0.04,0.448,0.954,1197.362,-50.74
2021-05-24T20:32:59Z,244.199,4.11,0.526,0.873,0.387,0.548,0.979,1802.694,-56.163
2021-05-24T20:33:59Z,241.334,7.646,0.213,0.839,0.681,0.721,0.982,2711.274,-57.36
2021-05-24T20:34:59Z,264.828,5.28,-0.076,0.845,0.635,0.614,0.972,1874.859,-54.603
2021-05-24T20:35:59Z,262.258,5.129,-0.219,0.807,0.823,0.554,0.966,1877.238,-53.351
2021-05-24T20:36:59Z,242.893,3.465,-0.127,0.867,0.466,0.653,0.978,1937.151,-57.141
2021-05-24T20:37:59Z,245.316,7.363,-0.005,0.861,0.527,0.549,0.976,1458.213,-55.222
2021-05-24T20:38:59Z,245.141,7.132,-0.228,0.826,0.77,0.45,0.98,751.646,-48.543
2021-05-24T20:39:59Z,247.195,3.135,0.867,0.9,0.0,0.63,0.981,3339.509,-59.217
2021-05-24T20:41:01Z,244.646,3.665,0.883,0.26,2.195,0.747,0.989,5177.851,-59.181
2021-05-24T20:42:01Z,244.883,3.582,0.885,0.274,2.183,0.73,0.989,5197.303,-59.243
2021-05-24T20:43:01Z,244.401,3.474,0.887,0.316,2.143,0.722,0.989,5141.443,-59.152
2021-05-24T20:44:01Z,245.789,3.675,0.885,0.268,2.187,0.74,0.989,5224.386,-59.131
2021-05-24T20:45:01Z,243.96,3.393,0.888,0.256,2.197,0.728,0.989,5217.903,-59.125
2021-05-24T20:46:01Z,244.878,3.821,0.889,0.275,2.182,0.732,0.989,5124.103,-59.061
2021-05-24T20:47:01Z,244.593,3.608,0.887,0.368,2.083,0.733,0.989,5141.187,-59.201
2021-05-24T20:48:01Z,245.012,3.762,0.889,0.3,2.159,0.725,0.989,5108.192,-59.094
2021-05-24T20:49:01Z,244.907,3.95,0.886,0.275,2.182,0.732,0.989,5119.791,-59.075
2021-05-24T20:50:01Z,244.736,3.754,0.885,0.556,1.77,0.731,0.989,5103.108,-59.079
2021-05-24T20:51:01Z,245.647,4.103,0.879,0.444,1.978,0.744,0.989,5164.179,-59.06
2021-05-24T20:52:01Z,244.39,3.794,0.886,0.294,2.165,0.729,0.989,5077.042,-58.964
2021-05-24T20:53:01Z,244.127,3.717,0.863,0.293,2.165,0.732,0.989,5085.139,-59.086
2021-05-24T20:54:01Z,244.574,3.776,0.865,0.312,2.147,0.728,0.989,5067.259,-59.0
2021-05-24T20:55:01Z,244.217,3.579,0.856,0.296,2.163,0.73,0.989,5089.849,-59.028
2021-05-24T20:56:01Z,247.379,3.672,0.856,0.417,2.016,0.736,0.989,5166.599,-58.993
2021-05-24T20:57:01Z,245.057,3.841,0.853,0.699,1.366,0.719,0.989,5006.46,-58.873
2021-05-24T20:58:01Z,246.009,3.624,0.837,0.599,1.674,0.749,0.989,5109.758,-59.043
2021-05-24T20:59:01Z,243.875,3.441,0.855,0.314,2.144,0.748,0.989,5079.311,-59.025
2021-05-24T21:00:01Z,245.997,3.803,0.868,0.367,2.086,0.706,0.989,4978.741,-58.682
2021-05-24T21:01:01Z,245.579,3.896,0.868,0.52,1.847,0.725,0.989,5068.054,-58.807
2021-05-24T21:02:01Z,245.312,3.68,0.861,0.441,1.983,0.725,0.989,5093.629,-59.015
2021-05-24T21:03:01Z,245.486,3.755,0.869,0.343,2.114,0.727,0.989,5083.073,-58.898
2021-05-24T21:04:01Z,246.551,3.793,0.879,0.306,2.153,0.724,0.989,5101.173,-58.974
2021-05-24T21:05:01Z,245.951,3.52,0.885,0.333,2.125,0.724,0.989,5122.224,-59.024
2021-05-24T21:06:01Z,247.036,3.66,0.889,0.734,1.253,0.731,0.989,5213.286,-58.906
2021-05-24T21:07:01Z,246.488,3.854,0.88,0.346,2.111,0.732,0.989,5105.537,-58.961
2021-05-24T21:08:01Z,248.003,3.626,0.886,0.691,1.413,0.719,0.989,5141.368,-59.045
2021-05-24T21:09:01Z,244.976,3.856,0.885,0.398,2.045,0.733,0.989,5133.016,-59.099
2021-05-24T21:10:01Z,245.556,3.476,0.89,0.295,2.163,0.724,0.989,5129.168,-59.052
2021-05-24T21:11:01Z,246.079,3.375,0.887,0.691,1.415,0.722,0.989,5107.801,-59.145
2021-05-24T21:12:01Z,247.529,3.416,0.881,0.695,1.397,0.746,0.989,5339.65,-59.194
2021-05-24T21:13:01Z,245.657,3.55,0.883,0.28,2.177,0.734,0.989,5139.64,-59.187
2021-05-24T21:14:01Z,244.684,3.391,0.884,0.276,2.18,0.731,0.989,5162.876,-59.281
2021-05-24T21:15:01Z,247.509,3.239,0.877,0.893,0.145,0.747,0.985,4916.161,-59.005
2021-05-24T21:16:03Z,250.115,3.886,0.887,0.309,2.148,0.78,0.989,5756.009,-58.897
2021-05-24T21:17:03Z,246.655,3.598,0.885,0.707,1.33,0.748,0.989,5296.78,-59.218
2021-05-24T21:18:03Z,245.122,3.486,0.878,0.255,2.199,0.753,0.989,5261.303,-59.392
2021-05-24T21:19:03Z,246.261,3.935,0.871,0.266,2.189,0.754,0.989,5216.16,-59.313
2021-05-24T21:20:03Z,244.615,3.448,0.869,0.246,2.206,0.758,0.989,5282.918,-59.465
2021-05-24T21:21:03Z,245.057,3.653,0.871,0.245,2.207,0.76,0.99,5256.457,-59.407
2021-05-24T21:22:03Z,245.324,3.685,0.866,0.221,2.225,0.76,0.989,5306.468,-59.515
2021-05-24T21:23:03Z,244.375,3.404,0.864,0.657,1.517,0.769,0.989,5327.45,-59.599
2021-05-24T21:24:03Z,244.566,3.431,0.861,0.701,1.37,0.768,0.989,5311.391,-59.538
2021-05-24T21:25:03Z,245.378,3.576,0.867,0.641,1.564,0.767,0.989,5354.242,-59.603
2021-05-24T21:26:03Z,245.195,3.418,0.867,0.227,2.221,0.776,0.99,5373.896,-59.642
2021-05-24T21:27:03Z,244.683,3.476,0.865,0.68,1.43,0.782,0.99,5395.014,-59.696
2021-05-24T21:28:03Z,244.489,3.371,0.858,0.245,2.208,0.794,0.99,5485.02,-59.926
2021-05-24T21:29:03Z,244.49,3.273,0.854,0.178,2.252,0.798,0.99,5561.16,-59.965
2021-05-24T21:30:03Z,248.58,3.391,0.857,0.9,0.0,0.511,0.976,2218.89,-59.351
2021-05-24T21:31:04Z,245.328,3.251,0.851,0.69,1.399,0.806,0.99,5576.313,-60.085
2021-05-24T21:32:04Z,245.026,3.26,0.852,0.162,2.261,0.81,0.99,5625.502,-60.096
2021-05-24T21:33:04Z,245.42,3.136,0.845,0.214,2.23,0.817,0.99,5856.31,-60.099
2021-05-24T21:34:04Z,247.19,3.272,0.847,0.182,2.25,0.805,0.99,5637.959,-60.025
2021-05-24T21:35:04Z,246.999,3.205,0.844,0.547,1.791,0.818,0.99,5672.463,-60.2
2021-05-24T21:36:04Z,247.871,3.495,0.852,0.24,2.211,0.814,0.99,5637.893,-60.056
2021-05-24T21:37:04Z,248.046,3.354,0.857,0.248,2.204,0.811,0.99,5725.555,-59.923
2021-05-24T21:38:04Z,246.558,3.578,0.86,0.183,2.25,0.809,0.99,5572.1,-59.918
2021-05-24T21:39:04Z,245.701,3.586,0.842,0.645,1.535,0.824,0.99,5631.02,-60.158
2021-05-24T21:40:04Z,244.556,3.08,0.815,0.186,2.247,0.82,0.99,5602.672,-60.206
2021-05-24T21:41:04Z,247.374,4.401,0.831,0.649,1.538,0.824,0.99,5643.864,-60.171
2021-05-24T21:42:04Z,245.507,3.252,0.844,0.271,2.185,0.826,0.99,5703.527,-60.23
2021-05-24T21:43:04Z,245.667,3.003,0.831,0.181,2.25,0.836,0.989,5783.241,-60.406
2021-05-24T21:44:04Z,245.185,3.379,0.832,0.243,2.208,0.826,0.989,5594.963,-60.331
2021-05-24T21:45:04Z,245.017,3.11,0.829,0.658,1.509,0.81,0.989,5528.218,-60.158
2021-05-24T21:46:04Z,245.739,3.179,0.758,0.282,2.175,0.858,0.989,5695.906,-60.359
2021-05-24T21:47:04Z,244.731,3.006,0.775,0.222,2.225,0.805,0.99,5470.573,-60.079
2021-05-24T21:48:04Z,245.118,3.247,0.799,0.27,2.186,0.828,0.989,5502.796,-60.128
2021-05-24T21:49:04Z,247.155,3.296,0.844,0.322,2.137,0.794,0.99,5397.982,-59.747
2021-05-24T21:50:04Z,244.632,3.338,0.837,0.294,2.165,0.808,0.99,5464.772,-60.01
2021-05-24T21:51:04Z,244.858,3.362,0.846,0.263,2.194,0.797,0.99,5421.923,-59.794
2021-05-24T21:52:04Z,249.436,5.929,0.812,0.593,1.681,0.855,0.989,5857.533,-60.401
2021-05-24T21:53:04Z,244.656,3.357,0.825,0.228,2.22,0.802,0.99,5427.537,-59.888
2021-05-24T21:54:04Z,244.634,3.073,0.813,0.232,2.217,0.799,0.99,5413.9,-59.957
2021-05-24T21:55:04Z,244.953,3.283,0.829,0.241,2.211,0.802,0.99,5439.371,-59.833
2021-05-24T21:56:04Z,245.494,3.446,0.827,0.241,2.211,0.81,0.99,5430.46,-59.837
2021-05-24T21:57:04Z,245.107,3.612,0.825,0.248,2.206,0.806,0.99,5450.056,-59.876
2021-05-24T21:58:04Z,245.325,3.415,0.836,0.388,2.056,0.825,0.989,5803.143,-59.744
2021-05-24T21:59:04Z,245.959,3.25,0.835,0.45,1.965,0.822,0.989,5854.248,-59.832
2021-05-24T22:00:04Z,244.879,3.264,0.809,0.314,2.141,0.842,0.99,5696.046,-60.436
2021-05-24T22:01:04Z,244.707,3.263,0.831,0.317,2.142,0.803,0.99,5414.715,-59.821
2021-05-24T22:02:04Z,244.741,3.479,0.825,0.264,2.192,0.81,0.99,5433.638,-59.791
2021-05-24T22:03:04Z,245.533,3.448,0.831,0.192,2.245,0.805,0.99,5446.04,-59.614
2021-05-24T22:04:04Z,245.376,3.394,0.832,0.682,1.437,0.807,0.99,5476.783,-59.932
2021-05-24T22:05:04Z,244.788,3.153,0.815,0.211,2.232,0.827,0.99,5642.038,-60.328
2021-05-24T22:06:04Z,246.806,4.102,0.747,0.295,2.16,0.883,0.99,5871.837,-60.838
2021-05-24T22:07:04Z,244.213,3.242,0.823,0.269,2.188,0.792,0.99,5368.39,-59.818
2021-05-24T22:08:04Z,246.46,3.739,0.833,0.461,1.949,0.831,0.989,6318.748,-59.431
2021-05-24T22:09:04Z,244.916,3.312,0.789,0.254,2.199,0.854,0.99,5710.965,-60.409
2021-05-24T22:10:04Z,245.182,3.598,0.81,0.287,2.169,0.817,0.99,5426.204,-59.963
2021-05-24T22:11:04Z,247.789,3.363,0.844,0.25,2.203,0.79,0.99,5306.286,-59.563
2021-05-24T22:12:04Z,247.204,3.693,0.85,0.27,2.187,0.782,0.99,5263.78,-59.423
2021-05-24T22:13:04Z,246.246,3.8,0.839,0.466,1.941,0.793,0.99,5231.553,-59.453
2021-05-24T22:14:04Z,244.738,3.727,0.848,0.277,2.18,0.784,0.99,5248.479,-59.485
2021-05-24T22:15:04Z,245.966,3.729,0.849,0.21,2.232,0.794,0.99,5298.674,-59.6
2021-05-24T22:16:04Z,247.814,3.571,0.834,0.9,0.0,0.511,0.976,2123.238,-59.259
2021-05-24T22:17:05Z,245.507,3.246,0.831,0.626,1.603,0.812,0.99,5496.877,-59.995
2021-05-24T22:18:05Z,246.542,4.442,0.82,0.258,2.196,0.817,0.99,5524.346,-59.975
2021-05-24T22:19:05Z,246.889,3.619,0.833,0.617,1.625,0.803,0.99,5469.361,-59.839
2021-05-24T22:20:05Z,245.869,3.526,0.834,0.235,2.214,0.785,0.99,5392.188,-59.769
2021-05-24T22:21:05Z,245.771,3.62,0.86,0.242,2.21,0.773,0.99,5303.77,-59.551
2021-05-24T22:22:05Z,244.499,3.577,0.852,0.262,2.193,0.78,0.99,5289.37,-59.541
2021-05-24T22:23:05Z,243.969,3.303,0.848,0.255,2.2,0.782,0.99,5314.669,-59.653
2021-05-24T22:24:05Z,244.321,3.536,0.834,0.255,2.199,0.784,0.99,5275.322,-59.595
2021-05-24T22:25:05Z,244.165,3.322,0.834,0.256,2.199,0.791,0.99,5352.974,-59.518
2021-05-24T22:26:05Z,244.924,3.444,0.842,0.293,2.166,0.782,0.989,5328.714,-59.718
2021-05-24T22:27:05Z,244.619,3.447,0.84,0.517,1.849,0.787,0.989,5298.607,-59.528
2021-05-24T22:28:05Z,246.123,3.604,0.842,0.309,2.148,0.77,0.99,5243.511,-59.259
2021-05-24T22:29:05Z,245.315,3.909,0.861,0.254,2.199,0.759,0.99,4996.81,-58.974
2021-05-24T22:30:05Z,245.383,3.923,0.877,0.272,2.184,0.759,0.99,5089.177,-59.013
2021-05-24T22:31:05Z,244.525,3.663,0.85,0.29,2.167,0.793,0.99,5356.887,-59.647
2021-05-24T22:32:05Z,245.355,3.715,0.828,0.226,2.221,0.795,0.99,5328.61,-59.506
2021-05-24T22:33:05Z,243.939,3.713,0.848,0.352,2.104,0.8,0.99,5410.814,-59.736
2021-05-24T22:34:05Z,245.166,3.766,0.852,0.197,2.241,0.801,0.99,5400.876,-59.675
2021-05-24T22:35:05Z,247.441,3.615,0.845,0.472,1.932,0.798,0.99,5407.495,-59.723
2021-05-24T22:36:05Z,245.852,3.655,0.848,0.213,2.23,0.795,0.99,5361.636,-59.527
2021-05-24T22:37:05Z,245.207,3.876,0.85,0.231,2.217,0.795,0.99,5329.262,-59.684
2021-05-24T22:38:05Z,245.192,3.59,0.858,0.24,2.21,0.784,0.99,5314.93,-59.591
2021-05-24T22:39:05Z,246.218,5.615,0.851,0.316,2.141,0.797,0.989,5359.431,-59.742
2021-05-24T22:40:05Z,247.617,3.67,0.855,0.9,0.0,0.501,0.976,2054.152,-58.948
2021-05-24T22:41:06Z,245.64,3.4,0.837,0.681,1.441,0.808,0.989,5420.515,-59.906
2021-05-24T22:42:06Z,245.675,2.927,0.741,0.106,2.284,0.904,0.99,6048.049,-61.118
2021-05-24T22:43:06Z,245.18,2.609,0.747,0.342,2.103,0.905,0.99,6193.971,-61.353
2021-05-24T22:44:06Z,247.823,4.957,0.845,0.463,1.935,0.83,0.989,5565.323,-60.244
2021-05-24T22:45:06Z,245.085,4.049,0.879,0.514,1.854,0.742,0.989,5068.3,-59.239
2021-05-24T22:46:06Z,245.992,3.717,0.872,0.506,1.867,0.741,0.989,5006.282,-59.073
2021-05-24T22:47:06Z,250.293,4.052,0.864,0.703,1.37,0.766,0.989,5182.62,-59.361
2021-05-24T22:48:06Z,244.97,3.678,0.891,0.514,1.857,0.719,0.989,4938.437,-59.001
2021-05-24T22:49:06Z,245.878,4.202,0.889,0.515,1.856,0.736,0.989,5009.005,-59.134
2021-05-24T22:50:06Z,246.004,4.692,0.88,0.464,1.942,0.741,0.989,5084.89,-59.125
2021-05-24T22:51:06Z,245.137,5.016,0.878,0.502,1.876,0.737,0.989,4963.088,-58.979
2021-05-24T22:52:06Z,244.8,3.517,0.868,0.551,1.779,0.73,0.989,4970.124,-59.117
2021-05-24T22:53:06Z,246.315,3.561,0.872,0.497,1.884,0.73,0.989,4963.584,-59.035
2021-05-24T22:54:06Z,245.674,3.792,0.875,0.559,1.759,0.73,0.989,4967.965,-58.988
2021-05-24T22:55:06Z,246.289,3.803,0.882,0.537,1.809,0.729,0.989,4979.817,-59.098
2021-05-24T22:56:06Z,245.004,3.38,0.883,0.515,1.849,0.73,0.989,5014.983,-59.122
2021-05-24T22:57:06Z,246.531,3.595,0.869,0.43,1.996,0.752,0.988,5162.39,-59.348
2021-05-24T22:58:06Z,252.565,8.922,0.88,0.753,1.131,0.749,0.988,5099.601,-58.751
2021-05-24T22:59:06Z,247.034,3.627,0.879,0.62,1.614,0.733,0.988,5008.721,-59.054
2021-05-24T23:00:06Z,245.672,3.755,0.886,0.479,1.916,0.726,0.988,4890.613,-58.884
2021-05-24T23:01:06Z,246.368,3.813,0.855,0.662,1.473,0.738,0.988,4869.128,-59.135
2021-05-24T23:02:06Z,245.36,2.965,0.773,0.251,2.199,0.81,0.99,5346.21,-60.089
2021-05-24T23:03:06Z,245.399,2.883,0.764,0.588,1.651,0.831,0.99,5349.038,-60.262
2021-05-24T23:04:06Z,244.952,2.833,0.825,0.284,2.169,0.81,0.99,5387.95,-60.097
2021-05-24T23:05:06Z,245.312,3.376,0.79,0.468,1.925,0.809,0.99,5309.568,-60.072
2021-05-24T23:06:06Z,245.97,4.039,0.891,0.587,1.699,0.679,0.989,4617.206,-58.104
2021-05-24T23:07:06Z,245.229,3.533,0.908,0.704,1.352,0.661,0.989,4579.263,-58.0
2021-05-24T23:08:06Z,245.456,3.725,0.915,0.654,1.513,0.659,0.988,4623.124,-58.156
2021-05-24T23:09:06Z,244.34,3.294,0.887,0.429,1.995,0.716,0.989,4909.598,-58.866
2021-05-24T23:10:06Z,245.851,3.652,0.894,0.582,1.707,0.713,0.989,4863.644,-58.707
2021-05-24T23:11:06Z,247.588,4.122,0.821,0.865,0.476,0.726,0.989,4615.757,-58.363
2021-05-24T23:12:06Z,270.03,7.237,0.887,0.384,1.975,0.9,0.981,7411.749,-57.234
2021-05-24T23:13:06Z,244.389,3.503,0.901,0.642,1.55,0.685,0.987,4755.155,-58.599
2021-05-24T23:14:06Z,245.015,3.801,0.904,0.642,1.554,0.68,0.988,4676.649,-58.395
2021-05-24T23:15:06Z,245.031,3.995,0.918,0.685,1.429,0.606,0.987,4389.9,-57.394
2021-05-24T23:16:06Z,246.683,4.189,0.924,0.663,1.493,0.596,0.988,4338.348,-57.068
2021-05-24T23:17:06Z,245.004,3.75,0.924,0.69,1.407,0.59,0.988,4331.787,-57.233
2021-05-24T23:18:06Z,245.13,3.749,0.924,0.759,1.142,0.597,0.987,4352.302,-57.304
2021-05-24T23:19:06Z,244.841,3.806,0.923,0.675,1.455,0.607,0.987,4402.121,-57.43
2021-05-24T23:20:06Z,245.147,3.65,0.929,0.724,1.284,0.596,0.988,4372.912,-57.333
2021-05-24T23:21:06Z,244.469,3.558,0.932,0.688,1.405,0.596,0.987,4364.129,-57.401
2021-05-24T23:22:06Z,245.068,3.837,0.927,0.673,1.454,0.617,0.987,4438.99,-57.526
2021-05-24T23:23:06Z,245.314,3.825,0.927,0.689,1.406,0.604,0.987,4387.002,-57.451
2021-05-24T23:24:06Z,244.747,3.787,0.917,0.689,1.416,0.607,0.987,4376.678,-57.479
2021-05-24T23:25:06Z,244.132,3.888,0.92,0.685,1.428,0.607,0.987,4350.616,-57.389
2021-05-24T23:26:06Z,245.211,3.876,0.921,0.672,1.467,0.614,0.988,4409.505,-57.511
2021-05-24T23:27:06Z,244.684,3.644,0.917,0.704,1.364,0.616,0.987,4438.353,-57.81
2021-05-24T23:28:06Z,244.467,3.817,0.922,0.74,1.224,0.602,0.987,4349.461,-57.405
2021-05-24T23:29:06Z,245.718,3.821,0.927,0.665,1.484,0.601,0.987,4375.325,-57.422
2021-05-24T23:30:06Z,244.468,3.623,0.92,0.738,1.237,0.598,0.987,4329.447,-57.289
2021-05-24T23:31:06Z,244.935,3.817,0.917,0.703,1.365,0.61,0.987,4408.613,-57.728
2021-05-24T23:32:06Z,246.04,3.068,0.898,0.611,1.621,0.635,0.987,4668.505,-58.596
2021-05-24T23:33:06Z,244.295,2.786,0.9,0.632,1.566,0.627,0.987,4639.154,-58.741
2021-05-24T23:34:06Z,244.356,2.958,0.901,0.642,1.532,0.635,0.987,4674.054,-58.714
2021-05-24T23:35:06Z,245.375,3.034,0.89,0.567,1.726,0.657,0.988,4737.467,-58.929
2021-05-24T23:36:06Z,244.789,2.986,0.896,0.622,1.59,0.651,0.987,4700.193,-58.865
2021-05-24T23:37:06Z,244.036,2.843,0.896,0.619,1.594,0.653,0.987,4748.403,-59.038
2021-05-24T23:38:06Z,244.338,2.82,0.895,0.609,1.624,0.643,0.987,4712.367,-58.952
2021-05-24T23:39:06Z,245.907,3.246,0.895,0.633,1.565,0.643,0.987,4692.015,-58.809
2021-05-24T23:40:06Z,244.174,2.852,0.899,0.599,1.648,0.644,0.987,4703.99,-58.927
2021-05-24T23:41:06Z,243.781,3.066,0.898,0.636,1.551,0.635,0.987,4612.201,-58.591
2021-05-24T23:42:06Z,244.045,2.671,0.899,0.661,1.481,0.637,0.987,4680.114,-58.849
2021-05-24T23:43:06Z,254.013,2.977,0.904,0.807,0.893,0.652,0.987,5120.785,-58.751
2021-05-24T23:44:06Z,244.387,3.015,0.9,0.628,1.576,0.642,0.987,4735.607,-58.981
2021-05-24T23:45:06Z,246.462,2.987,0.892,0.654,1.501,0.651,0.987,4768.023,-58.974
2021-05-24T23:46:06Z,244.061,2.71,0.761,0.486,1.907,0.868,0.989,5723.189,-60.851
2021-05-24T23:47:06Z,243.797,2.913,0.829,0.498,1.884,0.791,0.989,5307.86,-60.16
2021-05-24T23:48:06Z,244.189,2.619,0.878,0.596,1.664,0.665,0.988,4808.827,-59.091
2021-05-24T23:49:06Z,245.064,2.5,0.747,0.477,1.92,0.889,0.99,6017.578,-61.257
2021-05-24T23:50:06Z,244.433,2.352,0.759,0.553,1.768,0.882,0.99,5941.329,-61.177
2021-05-24T23:51:06Z,243.989,2.287,0.791,0.168,2.256,0.861,0.99,5851.132,-60.977
2021-05-24T23:52:06Z,244.173,2.209,0.784,0.19,2.245,0.866,0.99,5859.716,-60.961
2021-05-24T23:53:06Z,243.841,2.179,0.782,0.167,2.258,0.864,0.99,5833.773,-60.987
2021-05-24T23:54:06Z,244.152,2.202,0.775,0.156,2.264,0.872,0.99,5825.721,-60.959
2021-05-24T23:55:06Z,243.969,2.381,0.777,0.233,2.216,0.85,0.99,5672.196,-60.764
2021-05-24T23:56:06Z,244.568,2.501,0.794,0.528,1.819,0.819,0.99,5453.914,-60.396
2021-05-24T23:57:06Z,244.541,2.356,0.808,0.236,2.213,0.817,0.99,5566.412,-60.494
2021-05-24T23:58:06Z,244.055,2.31,0.803,0.224,2.221,0.827,0.99,5637.013,-60.598
2021-05-24T23:59:06Z,244.168,2.211,0.806,0.512,1.846,0.817,0.99,5588.782,-60.579
2021-05-25T00:00:06Z,244.731,2.821,0.826,0.281,2.173,0.814,0.99,5570.367,-60.481
2021-05-25T00:01:06Z,244.141,2.042,0.82,0.276,2.177,0.812,0.99,5616.75,-60.637
2021-05-25T00:02:06Z,243.932,2.317,0.818,0.255,2.195,0.81,0.99,5587.409,-60.614
2021-05-25T00:03:06Z,244.651,2.011,0.751,0.185,2.247,0.894,0.99,6136.275,-61.426
2021-05-25T00:04:06Z,244.543,2.054,0.783,0.67,1.442,0.858,0.99,5823.182,-61.015
2021-05-25T00:05:06Z,245.533,2.161,0.79,0.209,2.231,0.858,0.99,5851.283,-60.983
2021-05-25T00:06:06Z,244.352,2.307,0.781,0.165,2.259,0.863,0.99,5817.983,-60.871
2021-05-25T00:07:06Z,246.818,2.254,0.79,0.724,1.259,0.864,0.99,6090.942,-60.846
2021-05-25T00:08:06Z,245.143,2.305,0.797,0.192,2.243,0.855,0.99,5818.287,-60.942
2021-05-25T00:09:06Z,244.945,2.209,0.776,0.211,2.229,0.857,0.99,5808.853,-60.956
2021-05-25T00:10:06Z,245.641,2.293,0.774,0.162,2.26,0.863,0.99,5892.369,-61.033
2021-05-25T00:11:06Z,247.438,2.118,0.777,0.211,2.229,0.865,0.99,5966.728,-61.01
2021-05-25T00:12:06Z,244.695,2.206,0.785,0.196,2.24,0.866,0.99,5934.897,-61.135
2021-05-25T00:13:06Z,244.626,2.143,0.757,0.156,2.264,0.893,0.99,6092.009,-61.335
2021-05-25T00:14:06Z,244.645,2.15,0.805,0.205,2.234,0.841,0.99,5739.61,-60.815
2021-05-25T00:15:06Z,244.5,1.972,0.771,0.264,2.188,0.879,0.99,5995.263,-61.264
2021-05-25T00:16:06Z,244.611,2.27,0.814,0.265,2.188,0.824,0.99,5608.537,-60.566
2021-05-25T00:17:06Z,244.116,2.437,0.833,0.771,1.076,0.801,0.99,5510.537,-60.445
2021-05-25T00:18:06Z,246.936,2.46,0.829,0.258,2.193,0.811,0.99,5630.12,-60.492
2021-05-25T00:19:06Z,245.909,2.624,0.825,0.256,2.194,0.819,0.99,5686.318,-60.513
2021-05-25T00:20:06Z,244.26,2.021,0.802,0.451,1.956,0.838,0.99,5771.717,-60.94
2021-05-25T00:21:06Z,244.585,2.224,0.806,0.16,2.26,0.836,0.99,5771.282,-60.878
2021-05-25T00:22:06Z,243.929,2.116,0.818,0.223,2.22,0.816,0.99,5640.783,-60.722
2021-05-25T00:23:06Z,244.355,2.154,0.812,0.273,2.179,0.825,0.99,5694.997,-60.781
2021-05-25T00:24:06Z,244.107,2.087,0.802,0.235,2.213,0.832,0.99,5712.1,-60.769
2021-05-25T00:25:06Z,244.599,2.344,0.817,0.274,2.179,0.82,0.99,5631.687,-60.664
2021-05-25T00:26:06Z,244.447,2.227,0.816,0.293,2.161,0.82,0.99,5642.988,-60.655
2021-05-25T00:27:06Z,245.291,3.374,0.821,0.756,1.137,0.819,0.99,5611.632,-60.699
2021-05-25T00:28:06Z,244.984,2.293,0.815,0.532,1.803,0.83,0.99,5717.645,-60.749
2021-05-25T00:29:06Z,245.771,2.072,0.747,0.9,0.0,0.726,0.981,3989.816,-61.317
2021-05-25T00:30:07Z,244.551,1.997,0.768,0.151,2.265,0.894,0.99,6165.766,-61.458
2021-05-25T00:31:07Z,246.414,2.989,0.772,0.256,2.195,0.891,0.99,6190.314,-61.439
2021-05-25T00:32:07Z,244.697,2.357,0.783,0.138,2.271,0.886,0.99,6088.478,-61.331
2021-05-25T00:33:07Z,244.355,2.015,0.783,0.139,2.271,0.879,0.99,6077.92,-61.292
2021-05-25T00:34:07Z,246.484,2.164,0.788,0.156,2.262,0.884,0.99,6171.547,-61.264
2021-05-25T00:35:07Z,244.714,2.02,0.767,0.114,2.281,0.894,0.99,6207.087,-61.478
2021-05-25T00:36:07Z,443.37,23.798,0.75,0.057,2.28,0.904,0.986,14624.224,-61.115
2021-05-25T00:37:08Z,245.427,2.168,0.784,0.121,2.279,0.877,0.99,6064.812,-61.275
2021-05-25T00:38:08Z,244.629,2.203,0.79,0.131,2.274,0.879,0.99,6048.418,-61.266
2021-05-25T00:39:08Z,243.959,1.826,0.75,0.216,2.226,0.912,0.99,6368.172,-61.744
2021-05-25T00:40:08Z,244.805,2.111,0.763,0.624,1.595,0.906,0.99,6261.648,-61.568
2021-05-25T00:41:08Z,245.499,2.039,0.763,0.147,2.267,0.903,0.99,6251.992,-61.529
2021-05-25T00:42:08Z,244.94,1.858,0.745,0.151,2.265,0.917,0.99,6431.173,-61.814
2021-05-25T00:43:08Z,244.483,1.315,0.713,0.103,2.285,0.928,0.99,6634.294,-62.066
2021-05-25T00:44:08Z,244.633,1.967,0.754,0.102,2.286,0.91,0.99,6344.306,-61.702
2021-05-25T00:45:08Z,244.667,2.001,0.752,0.308,2.147,0.913,0.99,6385.602,-61.716
2021-05-25T00:46:08Z,244.734,1.904,0.74,0.16,2.261,0.92,0.99,6462.567,-61.843
2021-05-25T00:47:08Z,245.157,2.038,0.755,0.13,2.275,0.913,0.99,6365.781,-61.732
2021-05-25T00:48:08Z,244.51,1.866,0.738,0.149,2.266,0.919,0.99,6476.565,-61.812
2021-05-25T00:49:08Z,470.025,6.487,0.311,0.227,2.074,0.682,0.972,3645.203,-61.239
2021-05-25T00:50:09Z,245.289,2.032,0.742,0.103,2.285,0.922,0.99,6518.136,-61.912
2021-05-25T00:51:09Z,244.916,1.507,0.723,0.109,2.283,0.927,0.99,6630.409,-62.082
2021-05-25T00:52:09Z,244.179,1.296,0.717,0.726,1.239,0.928,0.99,6655.346,-62.122
2021-05-25T00:53:09Z,245.308,1.426,0.723,0.437,1.977,0.927,0.99,6625.755,-62.073
2021-05-25T00:54:09Z,244.157,1.501,0.726,0.118,2.279,0.924,0.99,6577.455,-62.032
2021-05-25T00:55:09Z,244.05,1.52,0.72,0.096,2.287,0.928,0.99,6630.695,-62.061
2021-05-25T00:56:09Z,244.394,1.424,0.715,0.097,2.287,0.929,0.99,6657.292,-62.101
2021-05-25T00:57:09Z,244.298,1.241,0.713,0.087,2.29,0.931,0.99,6714.638,-62.18
2021-05-25T00:58:09Z,244.325,1.472,0.72,0.103,2.285,0.929,0.99,6650.462,-62.115
2021-05-25T00:59:09Z,246.162,1.39,0.716,0.101,2.286,0.93,0.99,6705.696,-62.047
2021-05-25T01:00:09Z,246.641,1.41,0.723,0.675,1.435,0.928,0.99,6661.062,-62.065
2021-05-25T01:01:09Z,244.015,1.69,0.738,0.096,2.287,0.918,0.99,6484.314,-61.909
2021-05-25T01:02:09Z,245.208,1.269,0.71,0.182,2.247,0.932,0.99,6751.811,-62.169
2021-05-25T01:03:09Z,243.823,1.091,0.708,0.095,2.287,0.93,0.99,6718.681,-62.195
2021-05-25T01:04:09Z,244.337,1.289,0.714,0.105,2.284,0.928,0.99,6668.991,-62.148
2021-05-25T01:05:09Z,244.33,1.425,0.7,0.11,2.282,0.93,0.99,6713.481,-62.163
2021-05-25T01:06:09Z,244.605,1.156,0.71,0.094,2.288,0.929,0.99,6713.495,-62.178
2021-05-25T01:07:09Z,246.051,1.002,0.706,0.075,2.293,0.934,0.99,6854.535,-62.217
2021-05-25T01:08:09Z,243.841,1.082,0.705,0.093,2.288,0.931,0.99,6762.077,-62.246
2021-05-25T01:09:09Z,261.368,1.746,0.732,0.807,0.876,0.934,0.99,7006.374,-62.131
2021-05-25T01:10:09Z,243.771,1.686,0.754,0.11,2.282,0.902,0.99,6361.516,-61.769
2021-05-25T01:11:09Z,244.056,1.287,0.716,0.086,2.29,0.93,0.99,6703.065,-62.183
2021-05-25T01:12:09Z,243.545,0.956,0.699,0.101,2.285,0.931,0.99,6753.171,-62.269
2021-05-25T01:13:09Z,244.351,1.017,0.702,0.527,1.763,0.92,0.99,6550.142,-62.065
2021-05-25T01:14:09Z,243.634,0.998,0.703,0.366,2.055,0.921,0.99,6547.782,-62.099
2021-05-25T01:15:09Z,244.083,1.068,0.705,0.098,2.286,0.924,0.99,6602.051,-62.077
2021-05-25T01:16:09Z,244.325,1.029,0.706,0.09,2.289,0.929,0.99,6708.189,-62.156
2021-05-25T01:17:09Z,243.955,0.949,0.702,0.617,1.567,0.93,0.99,6721.083,-62.225
2021-05-25T01:18:09Z,244.33,1.114,0.704,0.321,2.122,0.929,0.99,6707.406,-62.215
2021-05-25T01:19:09Z,244.312,1.116,0.707,0.085,2.29,0.931,0.99,6753.81,-62.252
2021-05-25T01:20:09Z,244.248,0.973,0.7,0.106,2.283,0.932,0.99,6772.387,-62.288
2021-05-25T01:21:09Z,245.972,1.049,0.702,0.507,1.832,0.933,0.99,6793.375,-62.27
2021-05-25T01:22:09Z,244.413,1.002,0.699,0.095,2.287,0.931,0.99,6769.387,-62.267
2021-05-25T01:23:09Z,244.046,1.037,0.705,0.089,2.289,0.931,0.99,6761.19,-62.258
2021-05-25T01:24:09Z,244.019,0.961,0.701,0.79,0.926,0.927,0.99,6668.354,-62.242
2021-05-25T01:25:09Z,244.44,1.164,0.705,0.09,2.288,0.93,0.99,6727.272,-62.232
2021-05-25T01:26:09Z,243.626,0.925,0.702,0.082,2.291,0.931,0.99,6757.518,-62.298
2021-05-25T01:27:09Z,243.466,0.905,0.696,0.111,2.281,0.932,0.99,6793.987,-62.307
2021-05-25T01:28:09Z,243.609,0.886,0.694,0.077,2.292,0.933,0.99,6805.249,-62.337
2021-05-25T01:29:09Z,244.94,1.141,0.701,0.489,1.859,0.93,0.99,6747.549,-62.287
2021-05-25T01:30:09Z,244.105,0.711,0.692,0.804,0.832,0.931,0.99,6789.623,-62.346
2021-05-25T01:31:09Z,244.927,0.776,0.695,0.103,2.283,0.931,0.99,6801.183,-62.311
2021-05-25T01:32:09Z,243.759,0.849,0.694,0.095,2.286,0.93,0.99,6738.573,-62.281
2021-05-25T01:33:09Z,244.161,1.131,0.708,0.136,2.271,0.93,0.99,6724.39,-62.232
2021-05-25T01:34:09Z,243.623,0.828,0.696,0.837,0.654,0.931,0.99,6762.116,-62.324
2021-05-25T01:35:09Z,244.211,1.055,0.704,0.088,2.289,0.931,0.99,6754.083,-62.245
2021-05-25T01:36:09Z,243.677,0.988,0.708,0.103,2.284,0.929,0.99,6696.452,-62.198
2021-05-25T01:37:09Z,243.891,1.004,0.704,0.104,2.284,0.929,0.99,6709.458,-62.236
2021-05-25T01:38:09Z,243.857,1.208,0.71,0.156,2.26,0.928,0.99,6659.719,-62.166
2021-05-25T01:39:09Z,243.151,1.131,0.719,0.121,2.277,0.922,0.99,6586.488,-62.087
2021-05-25T01:40:09Z,243.443,1.173,0.724,0.095,2.287,0.921,0.99,6599.854,-62.085
2021-05-25T01:41:09Z,243.584,1.303,0.721,0.127,2.275,0.923,0.99,6592.732,-62.095
2021-05-25T01:42:09Z,244.062,1.353,0.706,0.093,2.288,0.929,0.99,6687.567,-62.235
2021-05-25T01:43:09Z,247.773,1.053,0.697,0.108,2.282,0.933,0.99,6802.99,-62.275
2021-05-25T01:44:09Z,247.403,3.109,0.707,0.468,1.903,0.931,0.99,6740.571,-62.263
2021-05-25T01:45:09Z,244.415,1.246,0.714,0.108,2.282,0.929,0.99,6709.8,-62.162
2021-05-25T01:46:09Z,243.789,0.783,0.694,0.095,2.286,0.931,0.99,6763.821,-62.336
2021-05-25T01:47:09Z,248.459,1.839,0.71,0.563,1.693,0.934,0.99,6898.835,-62.3
2021-05-25T01:48:09Z,244.014,0.976,0.699,0.099,2.285,0.931,0.99,6736.277,-62.28
2021-05-25T01:49:09Z,243.812,0.892,0.691,0.084,2.29,0.932,0.99,6775.771,-62.302
2021-05-25T01:50:09Z,244.419,1.471,0.724,0.109,2.283,0.925,0.99,6606.555,-62.089
2021-05-25T01:51:09Z,243.965,1.334,0.733,0.091,2.289,0.919,0.99,6549.992,-62.018
2021-05-25T01:52:09Z,243.92,1.124,0.705,0.115,2.279,0.931,0.99,6735.538,-62.248
2021-05-25T01:53:09Z,243.915,0.997,0.697,0.095,2.286,0.93,0.99,6746.473,-62.293
2021-05-25T01:54:09Z,244.448,0.725,0.696,0.9,0.0,0.805,0.983,4981.005,-62.054
2021-05-25T01:55:09Z,243.763,0.715,0.692,0.08,2.291,0.932,0.99,6809.883,-62.334
2021-05-25T01:56:09Z,244.157,0.705,0.692,0.119,2.277,0.933,0.99,6819.741,-62.365
2021-05-25T01:57:09Z,243.907,0.698,0.692,0.079,2.291,0.931,0.99,6804.379,-62.337
2021-05-25T01:58:09Z,243.536,0.847,0.689,0.098,2.285,0.933,0.99,6815.4,-62.35
2021-05-25T01:59:09Z,243.75,0.726,0.69,0.672,1.377,0.931,0.99,6782.077,-62.353
2021-05-25T02:00:09Z,243.816,0.965,0.694,0.1,2.284,0.93,0.99,6758.687,-62.307
2021-05-25T02:01:09Z,244.329,1.038,0.694,0.094,2.287,0.932,0.99,6805.85,-62.35
2021-05-25T02:02:09Z,243.494,0.667,0.687,0.117,2.277,0.932,0.99,6823.424,-62.376
2021-05-25T02:03:09Z,245.004,0.993,0.695,0.091,2.287,0.933,0.99,6831.019,-62.348
2021-05-25T02:04:09Z,243.976,0.869,0.693,0.076,2.292,0.932,0.99,6802.625,-62.348
2021-05-25T02:05:09Z,244.223,1.321,0.712,0.116,2.279,0.925,0.99,6618.844,-62.142
2021-05-25T02:06:09Z,244.042,1.114,0.71,0.085,2.29,0.927,0.99,6667.687,-62.198
2021-05-25T02:07:09Z,244.36,0.966,0.697,0.101,2.284,0.931,0.99,6760.831,-62.322
2021-05-25T02:08:09Z,244.301,0.768,0.694,0.117,2.277,0.933,0.99,6827.356,-62.372
2021-05-25T02:09:09Z,243.822,0.56,0.687,0.702,1.264,0.931,0.99,6799.874,-62.381
2021-05-25T02:10:09Z,243.661,0.839,0.694,0.149,2.262,0.932,0.99,6789.698,-62.338
2021-05-25T02:11:09Z,243.88,0.878,0.692,0.096,2.286,0.93,0.99,6730.251,-62.263
2021-05-25T02:12:09Z,243.456,0.891,0.692,0.073,2.293,0.93,0.99,6745.584,-62.293
2021-05-25T02:13:09Z,243.86,0.673,0.688,0.253,2.184,0.933,0.99,6826.493,-62.383
2021-05-25T02:14:09Z,243.592,0.707,0.685,0.092,2.287,0.933,0.99,6838.462,-62.399
2021-05-25T02:15:09Z,243.792,0.724,0.686,0.099,2.285,0.934,0.99,6848.229,-62.395
2021-05-25T02:16:09Z,243.962,0.895,0.692,0.373,2.052,0.929,0.99,6699.64,-62.272
2021-05-25T02:17:09Z,243.465,0.831,0.68,0.107,2.282,0.933,0.99,6811.147,-62.381
2021-05-25T02:18:09Z,243.583,0.663,0.689,0.563,1.674,0.931,0.99,6813.397,-62.392
2021-05-25T02:19:09Z,244.423,0.841,0.688,0.097,2.285,0.932,0.99,6824.662,-62.377
2021-05-25T02:20:09Z,243.865,0.759,0.699,0.152,2.261,0.932,0.99,6803.065,-62.336
2021-05-25T02:21:09Z,243.463,0.849,0.699,0.102,2.284,0.93,0.99,6759.969,-62.283
2021-05-25T02:22:09Z,244.017,0.823,0.692,0.08,2.291,0.933,0.99,6802.553,-62.379
2021-05-25T02:23:09Z,243.587,0.649,0.686,0.843,0.633,0.931,0.99,6805.352,-62.359
2021-05-25T02:24:09Z,244.056,0.664,0.69,0.071,2.293,0.933,0.99,6830.797,-62.385
2021-05-25T02:25:09Z,468.042,1.88,0.843,0.018,2.301,0.957,0.986,10975.698,-62.268
2021-05-25T02:26:10Z,243.818,0.776,0.691,0.083,2.29,0.932,0.99,6821.374,-62.378
2021-05-25T02:27:10Z,243.951,0.644,0.689,0.084,2.29,0.934,0.99,6870.552,-62.408
2021-05-25T02:28:10Z,243.519,0.594,0.688,0.117,2.277,0.931,0.99,6782.514,-62.379
2021-05-25T02:29:10Z,243.532,0.676,0.69,0.098,2.285,0.934,0.99,6865.203,-62.404
2021-05-25T02:30:10Z,248.672,0.779,0.693,nan,2.303,0.83,0.986,8752.026,-62.014
2021-05-25T02:31:10Z,244.302,0.793,0.693,0.11,2.28,0.932,0.99,6828.284,-62.382
2021-05-25T02:32:10Z,244.023,0.846,0.693,0.111,2.28,0.933,0.99,6832.649,-62.374
2021-05-25T02:33:10Z,245.131,0.7,0.686,0.094,2.286,0.932,0.99,6852.192,-62.371
2021-05-25T02:34:10Z,244.047,1.143,0.703,0.11,2.281,0.93,0.99,6741.214,-62.275
2021-05-25T02:35:10Z,244.214,1.007,0.705,0.096,2.287,0.93,0.99,6750.593,-62.258
2021-05-25T02:36:10Z,257.069,4.786,0.718,0.589,1.49,0.942,0.989,7164.517,-62.128
2021-05-25T02:37:10Z,243.625,0.975,0.704,0.093,2.287,0.93,0.99,6748.28,-62.301
2021-05-25T02:38:10Z,243.91,0.659,0.69,0.121,2.275,0.932,0.99,6826.99,-62.381
2021-05-25T02:39:10Z,243.727,0.778,0.693,0.103,2.283,0.932,0.99,6824.495,-62.381
2021-05-25T02:40:10Z,243.957,0.63,0.696,0.112,2.279,0.932,0.99,6805.747,-62.369
2021-05-25T02:41:10Z,243.837,0.801,0.693,0.068,2.295,0.933,0.99,6837.73,-62.379
2021-05-25T02:42:10Z,244.186,0.861,0.692,0.088,2.288,0.931,0.99,6803.927,-62.385
2021-05-25T02:43:10Z,243.986,0.663,0.688,0.09,2.288,0.933,0.99,6849.264,-62.396
2021-05-25T02:44:10Z,243.601,0.684,0.694,0.223,2.21,0.932,0.99,6822.767,-62.391
2021-05-25T02:45:10Z,243.606,0.578,0.687,0.505,1.802,0.931,0.99,6798.487,-62.382
2021-05-25T02:46:10Z,243.634,0.672,0.691,0.754,1.077,0.932,0.99,6811.865,-62.393
2021-05-25T02:47:10Z,243.623,0.611,0.688,0.117,2.277,0.931,0.99,6797.869,-62.382
2021-05-25T02:48:10Z,244.236,0.718,0.695,0.83,0.657,0.93,0.99,6760.413,-62.328
2021-05-25T02:49:10Z,243.738,0.738,0.692,0.13,2.271,0.931,0.99,6774.639,-62.324
2021-05-25T02:50:10Z,245.886,1.265,0.698,0.753,0.985,0.929,0.99,6749.286,-62.247
2021-05-25T02:51:10Z,244.24,0.672,0.692,0.813,0.749,0.93,0.99,6776.45,-62.331
2021-05-25T02:52:10Z,243.779,0.634,0.692,0.108,2.281,0.931,0.99,6787.599,-62.302
2021-05-25T02:53:10Z,243.55,0.673,0.686,0.095,2.286,0.931,0.99,6776.804,-62.344
2021-05-25T02:54:10Z,243.608,0.637,0.687,0.74,1.118,0.929,0.99,6745.668,-62.343
2021-05-25T02:55:10Z,243.98,0.699,0.692,0.095,2.286,0.932,0.99,6802.279,-62.351
2021-05-25T02:56:10Z,243.076,0.699,0.692,0.095,2.286,0.925,0.99,6650.497,-62.226
2021-05-25T02:57:10Z,243.62,0.563,0.692,0.114,2.278,0.923,0.99,6647.07,-62.219
2021-05-25T02:58:10Z,243.153,0.611,0.688,0.11,2.279,0.924,0.99,6649.027,-62.235
2021-05-25T02:59:10Z,244.339,0.658,0.691,0.111,2.279,0.929,0.99,6762.96,-62.277
2021-05-25T03:00:10Z,243.829,0.628,0.686,0.086,2.289,0.93,0.99,6785.342,-62.317
2021-05-25T03:01:10Z,243.547,0.659,0.691,0.124,2.273,0.919,0.99,6553.492,-62.129
2021-05-25T03:02:10Z,247.825,0.666,0.689,0.124,2.274,0.932,0.99,6864.413,-62.286
2021-05-25T03:03:10Z,243.384,0.628,0.687,0.103,2.283,0.929,0.99,6741.836,-62.317
2021-05-25T03:04:10Z,244.664,1.612,0.692,0.3,2.129,0.928,0.99,6717.065,-62.251
2021-05-25T03:05:10Z,243.536,0.687,0.688,0.11,2.28,0.927,0.99,6721.753,-62.275
2021-05-25T03:06:10Z,244.049,2.237,0.7,0.28,2.154,0.92,0.99,6516.64,-62.065
2021-05-25T03:07:10Z,243.364,0.646,0.693,0.161,2.253,0.918,0.99,6529.167,-62.109
2021-05-25T03:08:10Z,243.46,0.669,0.687,0.116,2.277,0.92,0.99,6574.288,-62.199
2021-05-25T03:09:10Z,243.172,0.686,0.692,0.161,2.251,0.895,0.99,6170.48,-61.824
2021-05-25T03:10:10Z,242.95,0.603,0.689,0.179,2.24,0.908,0.99,6359.828,-61.963
2021-05-25T03:11:10Z,243.137,0.654,0.692,0.497,1.802,0.881,0.99,5960.756,-61.632
2021-05-25T03:12:10Z,243.715,0.905,0.692,0.145,2.261,0.906,0.99,6338.939,-61.891
2021-05-25T03:13:10Z,244.145,0.586,0.695,0.449,1.907,0.917,0.99,6548.841,-62.082
2021-05-25T03:14:10Z,244.303,0.644,0.689,0.64,1.447,0.921,0.99,6626.159,-62.21
2021-05-25T03:15:10Z,243.226,0.586,0.69,0.754,1.052,0.918,0.99,6527.271,-62.193
2021-05-25T03:16:10Z,243.427,0.572,0.69,0.159,2.254,0.916,0.99,6503.849,-62.096
2021-05-25T03:17:10Z,243.245,0.577,0.69,0.273,2.157,0.916,0.99,6509.224,-62.111
2021-05-25T03:18:10Z,243.47,0.563,0.689,0.129,2.271,0.926,0.99,6695.076,-62.329
2021-05-25T03:19:10Z,243.533,0.64,0.683,0.106,2.281,0.93,0.99,6755.432,-62.368
2021-05-25T03:20:10Z,243.5,0.57,0.685,0.105,2.282,0.929,0.99,6767.157,-62.383
2021-05-25T03:21:10Z,243.688,0.585,0.688,0.11,2.28,0.931,0.99,6808.436,-62.419
2021-05-25T03:22:10Z,243.895,0.582,0.687,0.11,2.28,0.929,0.99,6760.183,-62.372
2021-05-25T03:23:10Z,244.183,0.982,0.685,0.318,2.11,0.93,0.99,6760.837,-62.371
2021-05-25T03:24:10Z,244.163,0.581,0.686,0.092,2.286,0.928,0.99,6760.87,-62.361
2021-05-25T03:25:10Z,243.956,0.678,0.687,0.115,2.278,0.929,0.99,6764.15,-62.389
2021-05-25T03:26:10Z,243.426,0.546,0.688,0.156,2.256,0.929,0.99,6763.178,-62.355
2021-05-25T03:27:10Z,243.812,0.648,0.686,0.113,2.278,0.927,0.99,6713.747,-62.351
2021-05-25T03:28:10Z,246.207,0.559,0.689,0.096,2.285,0.922,0.99,6649.038,-62.213
2021-05-25T03:29:10Z,243.515,0.419,0.688,0.103,2.282,0.92,0.99,6589.126,-62.239
2021-05-25T03:30:10Z,243.813,0.603,0.687,0.136,2.267,0.922,0.99,6613.608,-62.249
2021-05-25T03:31:10Z,243.585,0.546,0.686,0.113,2.278,0.921,0.99,6613.309,-62.248
2021-05-25T03:32:10Z,243.228,0.521,0.689,0.119,2.275,0.919,0.99,6578.965,-62.21
2021-05-25T03:33:10Z,243.991,0.785,0.69,0.124,2.273,0.92,0.99,6601.152,-62.214
2021-05-25T03:34:10Z,243.526,0.54,0.689,0.107,2.28,0.913,0.99,6478.016,-62.067
2021-05-25T03:35:10Z,244.089,0.565,0.691,0.142,2.262,0.901,0.99,6280.71,-61.853
2021-05-25T03:36:10Z,242.94,0.63,0.691,0.168,2.246,0.881,0.99,5972.466,-61.659
2021-05-25T03:37:10Z,242.748,0.525,0.69,0.208,2.216,0.89,0.99,6105.482,-61.828
2021-05-25T03:38:10Z,246.513,0.808,0.698,0.322,2.089,0.868,0.99,5842.9,-61.425
2021-05-25T03:39:10Z,243.8,0.556,0.688,0.106,2.28,0.922,0.99,6623.344,-62.271
2021-05-25T03:40:10Z,243.033,0.596,0.687,0.102,2.282,0.919,0.99,6585.68,-62.214
2021-05-25T03:41:10Z,243.486,0.505,0.686,0.123,2.273,0.923,0.99,6638.299,-62.309
2021-05-25T03:42:10Z,243.276,0.707,0.686,0.101,2.283,0.926,0.99,6706.186,-62.367
2021-05-25T03:43:10Z,243.574,0.608,0.686,0.097,2.284,0.925,0.99,6700.425,-62.325
2021-05-25T03:44:10Z,244.02,0.535,0.687,0.115,2.277,0.926,0.99,6713.588,-62.354
2021-05-25T03:45:10Z,244.407,0.606,0.685,0.101,2.283,0.928,0.99,6748.024,-62.412
2021-05-25T03:46:10Z,244.632,2.06,0.686,0.181,2.24,0.928,0.99,6729.071,-62.401
2021-05-25T03:47:10Z,243.642,0.463,0.688,0.097,2.284,0.926,0.99,6711.384,-62.352
2021-05-25T03:48:10Z,243.483,0.545,0.685,0.1,2.283,0.929,0.99,6767.175,-62.417
2021-05-25T03:49:10Z,243.633,0.518,0.687,0.11,2.279,0.927,0.99,6726.201,-62.378
2021-05-25T03:50:10Z,244.197,0.727,0.685,0.853,0.511,0.927,0.99,6705.518,-62.399
2021-05-25T03:51:10Z,243.568,0.617,0.686,0.1,2.283,0.929,0.99,6749.6,-62.404
2021-05-25T03:52:10Z,243.592,0.602,0.686,0.09,2.287,0.929,0.99,6767.21,-62.411
2021-05-25T03:53:10Z,244.477,0.655,0.688,0.683,1.308,0.927,0.99,6737.052,-62.408
2021-05-25T03:54:10Z,243.494,0.732,0.684,0.085,2.289,0.929,0.99,6770.093,-62.404
2021-05-25T03:55:10Z,243.617,0.504,0.688,0.104,2.282,0.928,0.99,6752.503,-62.406
2021-05-25T03:56:10Z,243.468,0.6,0.687,0.127,2.271,0.926,0.99,6717.684,-62.344
2021-05-25T03:57:10Z,243.267,0.566,0.691,0.111,2.278,0.914,0.99,6490.772,-62.13
2021-05-25T03:58:10Z,243.289,0.601,0.689,0.153,2.257,0.912,0.99,6445.13,-62.104
2021-05-25T03:59:10Z,243.522,0.743,0.69,0.132,2.268,0.917,0.99,6536.888,-62.156
2021-05-25T04:00:10Z,243.487,0.644,0.69,0.101,2.282,0.916,0.99,6530.849,-62.148
2021-05-25T04:01:10Z,243.311,0.642,0.69,0.112,2.278,0.907,0.99,6362.165,-61.999
2021-05-25T04:02:10Z,243.108,0.577,0.693,0.144,2.261,0.899,0.99,6250.781,-61.913
2021-05-25T04:03:10Z,243.125,0.578,0.69,0.199,2.225,0.907,0.99,6373.498,-61.989
2021-05-25T04:04:10Z,242.993,0.572,0.689,0.139,2.265,0.916,0.99,6502.789,-62.188
2021-05-25T04:05:10Z,243.522,0.793,0.69,0.125,2.272,0.915,0.99,6495.079,-62.117
2021-05-25T04:06:10Z,470.502,6.641,0.391,0.237,2.068,0.658,0.97,3376.038,-61.175
2021-05-25T04:07:12Z,242.803,0.543,0.692,0.163,2.249,0.886,0.99,6060.567,-61.689
2021-05-25T04:08:12Z,243.264,0.517,0.688,0.136,2.266,0.894,0.99,6159.711,-61.819
2021-05-25T04:09:12Z,243.406,0.558,0.692,0.152,2.256,0.914,0.99,6483.064,-62.174
2021-05-25T04:10:12Z,243.233,0.548,0.689,0.135,2.266,0.907,0.99,6356.829,-62.011
2021-05-25T04:11:12Z,242.868,0.611,0.692,0.148,2.258,0.887,0.99,6066.227,-61.685
2021-05-25T04:12:12Z,242.775,0.591,0.695,0.25,2.174,0.831,0.99,5345.995,-60.754
2021-05-25T04:13:12Z,243.053,0.522,0.694,0.187,2.231,0.866,0.99,5789.038,-61.363
2021-05-25T04:14:12Z,243.062,0.59,0.688,0.146,2.26,0.901,0.99,6263.355,-61.897
2021-05-25T04:15:11Z,242.651,0.647,0.69,0.19,2.23,0.882,0.99,6004.123,-61.643
2021-05-25T04:16:11Z,243.536,0.545,0.687,0.4,1.985,0.918,0.99,6546.788,-62.2
2021-05-25T04:17:11Z,242.791,0.55,0.693,0.863,0.433,0.89,0.99,6106.495,-61.787
2021-05-25T04:18:11Z,243.056,0.472,0.686,0.245,2.181,0.89,0.99,6117.371,-61.703
2021-05-25T04:19:11Z,243.382,0.59,0.687,0.109,2.279,0.907,0.99,6355.777,-61.998
2021-05-25T04:20:11Z,243.171,0.532,0.694,0.181,2.237,0.897,0.99,6219.416,-61.842
2021-05-25T04:21:11Z,244.587,2.735,0.691,0.214,2.212,0.899,0.99,6212.616,-61.926
2021-05-25T04:22:11Z,243.099,0.555,0.693,0.143,2.262,0.898,0.99,6220.489,-61.895
2021-05-25T04:23:11Z,242.758,0.544,0.688,0.148,2.259,0.914,0.99,6480.111,-62.158
2021-05-25T04:24:11Z,243.096,0.501,0.689,0.201,2.221,0.895,0.99,6182.177,-61.797
2021-05-25T04:25:11Z,243.228,0.512,0.688,0.161,2.25,0.909,0.99,6419.216,-62.04
2021-05-25T04:26:11Z,243.259,0.564,0.688,0.175,2.241,0.887,0.99,6058.168,-61.692
2021-05-25T04:27:11Z,243.042,0.531,0.688,0.146,2.26,0.911,0.99,6444.255,-62.066
2021-05-25T04:28:11Z,243.367,0.958,0.689,0.176,2.241,0.904,0.99,6300.183,-61.992
2021-05-25T04:29:11Z,242.737,0.634,0.69,0.204,2.219,0.861,0.99,5711.603,-61.379
2021-05-25T04:30:11Z,242.98,0.474,0.684,0.119,2.274,0.912,0.99,6435.841,-62.146
2021-05-25T04:31:11Z,243.177,0.624,0.689,0.145,2.262,0.914,0.99,6471.846,-62.154
2021-05-25T04:32:11Z,242.877,0.619,0.691,0.28,2.143,0.851,0.99,5571.214,-61.15
2021-05-25T04:33:11Z,243.231,0.534,0.691,0.195,2.226,0.878,0.99,5931.32,-61.524
2021-05-25T04:34:11Z,243.653,0.62,0.689,0.119,2.274,0.908,0.99,6394.116,-62.018
2021-05-25T04:35:11Z,243.036,0.526,0.689,0.181,2.237,0.899,0.99,6235.132,-61.934
2021-05-25T04:36:11Z,242.815,0.57,0.691,0.171,2.243,0.872,0.99,5859.099,-61.52
2021-05-25T04:37:11Z,243.335,0.48,0.686,0.156,2.254,0.901,0.99,6278.416,-61.985
2021-05-25T04:38:11Z,243.04,0.529,0.687,0.212,2.213,0.913,0.99,6468.837,-62.18
2021-05-25T04:39:11Z,243.115,0.569,0.686,0.127,2.272,0.923,0.99,6629.246,-62.31
2021-05-25T04:40:11Z,243.534,0.549,0.677,0.619,1.527,0.928,0.99,6721.674,-62.449
2021-05-25T04:41:11Z,244.288,0.627,0.682,0.764,1.016,0.929,0.99,6759.887,-62.485
2021-05-25T04:42:11Z,243.896,0.659,0.685,0.131,2.269,0.922,0.99,6622.783,-62.31
2021-05-25T04:43:11Z,242.789,0.635,0.688,0.229,2.199,0.893,0.99,6133.888,-61.829
2021-05-25T04:44:11Z,243.191,0.602,0.685,0.105,2.282,0.928,0.99,6728.158,-62.433
2021-05-25T04:45:11Z,245.687,0.543,0.702,0.865,0.41,0.917,0.988,7530.101,-61.928
2021-05-25T04:46:11Z,243.761,0.549,0.684,0.135,2.267,0.924,0.99,6685.177,-62.33
2021-05-25T04:47:11Z,243.572,0.525,0.682,0.133,2.268,0.924,0.99,6638.09,-62.394
2021-05-25T04:48:11Z,244.47,1.87,0.688,0.294,2.133,0.916,0.99,6489.363,-62.27
2021-05-25T04:49:11Z,242.727,0.606,0.689,0.131,2.268,0.905,0.99,6308.363,-62.15
2021-05-25T04:50:11Z,243.455,0.711,0.685,0.166,2.248,0.902,0.99,6264.037,-62.008
2021-05-25T04:51:11Z,243.495,0.571,0.686,0.835,0.632,0.91,0.99,6632.827,-62.033
2021-05-25T04:52:11Z,243.911,0.509,0.684,0.87,0.396,0.92,0.99,6768.976,-62.225
2021-05-25T04:53:11Z,446.87,4.726,0.666,0.0,2.303,0.908,0.986,11176.104,-62.144
2021-05-25T04:54:12Z,244.316,0.574,0.688,0.154,2.255,0.893,0.99,6163.6,-61.771
2021-05-25T04:55:12Z,243.448,0.569,0.682,0.174,2.244,0.927,0.99,6716.209,-62.416
2021-05-25T04:56:12Z,243.857,0.504,0.684,0.137,2.266,0.925,0.99,6662.179,-62.415
2021-05-25T04:57:12Z,244.122,0.707,0.684,0.846,0.569,0.915,0.99,6480.188,-62.324
2021-05-25T04:58:12Z,244.612,0.674,0.683,0.899,0.035,0.923,0.989,7135.814,-62.364
2021-05-25T04:59:12Z,243.694,0.552,0.683,0.35,2.065,0.928,0.99,6757.324,-62.473
2021-05-25T05:00:12Z,243.245,0.632,0.686,0.098,2.284,0.929,0.99,6759.799,-62.477
2021-05-25T05:01:12Z,243.401,0.561,0.686,0.138,2.265,0.926,0.99,6684.02,-62.406
2021-05-25T05:02:12Z,243.458,0.602,0.683,0.38,2.021,0.923,0.99,6636.407,-62.359
2021-05-25T05:03:12Z,243.596,0.604,0.684,0.17,2.246,0.927,0.99,6720.553,-62.42
2021-05-25T05:04:12Z,243.391,0.584,0.685,0.137,2.266,0.915,0.99,6481.62,-62.213
2021-05-25T05:05:12Z,243.265,0.666,0.685,0.169,2.247,0.915,0.99,6483.491,-62.25
2021-05-25T05:06:12Z,243.552,0.675,0.683,0.102,2.283,0.926,0.99,6675.404,-62.402
2021-05-25T05:07:12Z,242.971,0.61,0.684,0.139,2.265,0.924,0.99,6650.825,-62.376
2021-05-25T05:08:12Z,243.586,0.526,0.691,0.121,2.273,0.911,0.99,6433.703,-62.145
2021-05-25T05:09:12Z,243.124,0.595,0.687,0.421,1.946,0.904,0.99,6302.403,-62.033
2021-05-25T05:10:12Z,242.899,0.573,0.683,0.126,2.271,0.904,0.99,6304.065,-61.995
2021-05-25T05:11:12Z,243.177,0.603,0.686,0.11,2.279,0.919,0.99,6556.267,-62.317
2021-05-25T05:12:12Z,243.391,0.633,0.683,0.098,2.284,0.928,0.99,6735.079,-62.433
2021-05-25T05:13:12Z,243.556,0.616,0.685,0.15,2.259,0.92,0.99,6568.781,-62.323
2021-05-25T05:14:12Z,242.847,0.555,0.689,0.197,2.225,0.899,0.99,6249.511,-61.988
2021-05-25T05:15:12Z,242.71,0.53,0.687,0.249,2.178,0.86,0.99,5678.361,-61.44
2021-05-25T05:16:12Z,242.814,0.688,0.69,0.144,2.261,0.897,0.99,6194.036,-61.845
2021-05-25T05:17:12Z,243.278,0.541,0.686,0.088,2.288,0.926,0.99,6698.556,-62.438
2021-05-25T05:18:12Z,242.943,0.667,0.684,0.166,2.249,0.913,0.99,6425.643,-62.231
2021-05-25T05:19:12Z,242.831,0.549,0.686,0.139,2.264,0.916,0.99,6500.203,-62.281
2021-05-25T05:20:12Z,243.338,0.526,0.684,0.142,2.263,0.922,0.99,6607.171,-62.377
2021-05-25T05:21:12Z,243.852,0.606,0.687,0.651,1.423,0.928,0.99,6845.972,-62.357
2021-05-25T05:22:12Z,243.33,0.864,0.686,0.119,2.274,0.906,0.99,6320.019,-62.048
2021-05-25T05:23:12Z,243.468,0.54,0.687,0.132,2.268,0.915,0.99,6512.859,-62.21
2021-05-25T05:24:12Z,243.609,0.595,0.685,0.109,2.28,0.924,0.99,6647.168,-62.379
2021-05-25T05:25:12Z,243.5,0.507,0.684,0.186,2.234,0.905,0.99,6310.478,-62.111
2021-05-25T05:26:12Z,245.519,0.664,0.687,0.16,2.252,0.919,0.99,6577.019,-62.192
2021-05-25T05:27:12Z,243.374,0.585,0.684,0.142,2.263,0.918,0.99,6552.929,-62.3
2021-05-25T05:28:12Z,243.509,0.518,0.685,0.322,2.099,0.924,0.99,6656.332,-62.443
2021-05-25T05:29:12Z,243.548,0.534,0.686,0.805,0.811,0.926,0.99,6693.255,-62.429
2021-05-25T05:30:12Z,244.488,1.624,0.69,0.227,2.202,0.928,0.99,6737.072,-62.381
2021-05-25T05:31:12Z,243.544,0.602,0.683,0.107,2.281,0.926,0.99,6679.965,-62.421
2021-05-25T05:32:12Z,243.626,0.584,0.683,0.09,2.287,0.926,0.99,6674.48,-62.431
2021-05-25T05:33:12Z,243.229,0.553,0.684,0.106,2.281,0.927,0.99,6714.237,-62.46
2021-05-25T05:34:12Z,243.348,0.587,0.686,0.173,2.245,0.926,0.99,6710.85,-62.435
2021-05-25T05:35:12Z,242.91,0.591,0.686,0.14,2.265,0.925,0.99,6675.514,-62.427
2021-05-25T05:36:12Z,243.671,0.641,0.686,0.108,2.28,0.926,0.99,6693.285,-62.458
2021-05-25T05:37:12Z,243.245,0.576,0.686,0.49,1.824,0.926,0.99,6702.689,-62.458
2021-05-25T05:38:12Z,243.135,0.611,0.689,0.11,2.28,0.929,0.99,6749.256,-62.472
2021-05-25T05:39:12Z,243.118,0.578,0.686,0.835,0.646,0.919,0.99,6541.129,-62.372
2021-05-25T05:40:12Z,243.587,0.585,0.686,0.105,2.282,0.928,0.99,6735.79,-62.457
2021-05-25T05:41:12Z,243.066,0.609,0.687,0.226,2.205,0.924,0.99,6658.417,-62.421
2021-05-25T05:42:12Z,243.803,0.608,0.688,0.14,2.265,0.927,0.99,6726.968,-62.424
2021-05-25T05:43:12Z,243.582,0.522,0.684,0.127,2.272,0.928,0.99,6719.706,-62.476
2021-05-25T05:44:12Z,243.703,0.618,0.69,0.128,2.272,0.929,0.99,6758.085,-62.5
2021-05-25T05:45:12Z,243.351,0.576,0.685,0.148,2.261,0.928,0.99,6725.927,-62.459
2021-05-25T05:46:12Z,243.527,0.592,0.686,0.285,2.147,0.926,0.99,6704.378,-62.448
2021-05-25T05:47:12Z,243.515,0.605,0.688,0.166,2.25,0.928,0.99,6731.52,-62.469
2021-05-25T05:48:12Z,243.565,0.643,0.688,0.124,2.273,0.925,0.99,6674.618,-62.377
2021-05-25T05:49:12Z,243.097,0.647,0.687,0.119,2.275,0.925,0.99,6677.093,-62.404
2021-05-25T05:50:12Z,243.598,0.579,0.691,0.131,2.27,0.924,0.99,6656.685,-62.386
2021-05-25T05:51:12Z,242.984,0.579,0.687,0.143,2.263,0.918,0.99,6533.469,-62.219
2021-05-25T05:52:12Z,242.883,0.593,0.691,0.697,1.246,0.905,0.99,6329.549,-62.009
2021-05-25T05:53:12Z,243.85,0.75,0.694,0.162,2.251,0.906,0.99,6309.849,-62.044
2021-05-25T05:54:12Z,243.87,0.884,0.689,0.125,2.273,0.915,0.99,6469.005,-62.199
2021-05-25T05:55:12Z,243.662,0.896,0.69,0.243,2.189,0.906,0.99,6313.014,-62.036
2021-05-25T05:56:12Z,243.389,0.775,0.687,0.157,2.255,0.91,0.99,6406.768,-62.095
2021-05-25T05:57:12Z,449.78,3.818,0.891,0.018,2.301,0.933,0.987,14124.635,-61.885
2021-05-25T05:58:13Z,243.351,0.841,0.691,0.187,2.234,0.903,0.99,6283.853,-62.073
2021-05-25T05:59:13Z,243.795,0.791,0.69,0.113,2.278,0.925,0.99,6675.719,-62.377
2021-05-25T06:00:13Z,242.85,0.64,0.689,0.156,2.255,0.907,0.99,6366.852,-62.088
2021-05-25T06:01:13Z,243.355,0.567,0.688,0.158,2.254,0.922,0.99,6641.394,-62.337
2021-05-25T06:02:13Z,243.604,0.557,0.69,0.139,2.265,0.92,0.99,6582.555,-62.316
2021-05-25T06:03:13Z,243.867,0.625,0.686,0.112,2.279,0.922,0.99,6612.147,-62.343
2021-05-25T06:04:13Z,258.452,2.232,0.721,0.208,2.215,0.934,0.989,7166.542,-61.934
2021-05-25T06:05:13Z,243.653,0.734,0.69,0.158,2.254,0.916,0.99,6498.233,-62.203
2021-05-25T06:06:13Z,243.557,0.53,0.694,0.134,2.268,0.913,0.99,6472.631,-62.156
2021-05-25T06:07:13Z,243.093,0.553,0.69,0.121,2.274,0.918,0.99,6540.584,-62.264
2021-05-25T06:08:13Z,243.527,0.592,0.687,0.157,2.255,0.92,0.99,6586.732,-62.292
2021-05-25T06:09:13Z,243.497,0.553,0.69,0.137,2.267,0.921,0.99,6599.37,-62.324
2021-05-25T06:10:13Z,243.149,0.515,0.689,0.115,2.277,0.921,0.99,6607.505,-62.333
2021-05-25T06:11:13Z,243.338,0.591,0.687,0.106,2.281,0.924,0.99,6656.807,-62.372
2021-05-25T06:12:13Z,243.61,0.853,0.691,0.125,2.272,0.924,0.99,6652.97,-62.359
2021-05-25T06:13:13Z,243.453,0.536,0.687,0.141,2.265,0.922,0.99,6639.684,-62.33
2021-05-25T06:14:13Z,243.406,0.49,0.687,0.181,2.238,0.908,0.99,6376.639,-62.131
2021-05-25T06:15:13Z,244.29,0.898,0.694,0.102,2.283,0.925,0.99,6650.971,-62.329
2021-05-25T06:16:13Z,243.043,0.6,0.688,0.133,2.269,0.912,0.99,6436.266,-62.101
2021-05-25T06:17:13Z,243.661,0.757,0.689,0.17,2.246,0.909,0.99,6386.117,-62.132
2021-05-25T06:18:13Z,243.402,0.508,0.687,0.116,2.276,0.92,0.99,6609.777,-62.32
2021-05-25T06:19:13Z,243.336,0.609,0.685,0.169,2.248,0.909,0.99,6388.152,-62.074
2021-05-25T06:20:13Z,243.359,0.655,0.688,0.2,2.222,0.887,0.99,6080.685,-61.666
2021-05-25T06:21:13Z,243.219,0.6,0.683,0.153,2.257,0.906,0.99,6337.157,-62.0
2021-05-25T06:22:13Z,243.251,0.558,0.685,0.118,2.276,0.92,0.99,6599.421,-62.272
2021-05-25T06:23:13Z,243.328,0.606,0.688,0.133,2.269,0.92,0.99,6583.619,-62.282
2021-05-25T06:24:13Z,243.215,0.551,0.686,0.138,2.266,0.903,0.99,6281.598,-62.042
2021-05-25T06:25:13Z,243.417,0.499,0.687,0.141,2.264,0.917,0.99,6542.485,-62.233
2021-05-25T06:26:13Z,243.157,0.604,0.684,0.48,1.844,0.915,0.99,6490.332,-62.25
2021-05-25T06:27:13Z,242.93,0.618,0.686,0.586,1.604,0.913,0.99,6436.389,-62.19
2021-05-25T06:28:13Z,243.187,0.641,0.685,0.896,0.098,0.894,0.989,6078.697,-62.031
2021-05-25T06:29:13Z,243.732,0.661,0.685,0.899,0.036,0.823,0.987,5036.283,-61.738
2021-05-25T06:30:13Z,243.247,0.745,0.685,0.9,0.0,0.84,0.987,5253.756,-61.787
2021-05-25T06:31:13Z,243.438,0.56,0.685,0.9,0.014,0.831,0.987,5187.721,-61.92
2021-05-25T06:32:13Z,243.827,0.537,0.684,0.113,2.278,0.922,0.99,6637.449,-62.346
2021-05-25T06:33:13Z,243.706,0.589,0.685,0.899,0.023,0.882,0.989,5870.584,-62.079
2021-05-25T06:34:13Z,243.582,0.546,0.688,0.9,0.0,0.859,0.988,5563.41,-61.998
2021-05-25T06:35:13Z,243.236,0.52,0.688,0.9,0.008,0.89,0.989,6011.258,-62.07
2021-05-25T06:36:13Z,243.459,0.473,0.688,0.881,0.275,0.911,0.99,6407.339,-62.199
2021-05-25T06:37:13Z,243.614,0.487,0.685,0.898,0.04,0.863,0.988,5594.568,-61.904
2021-05-25T06:38:13Z,243.439,0.685,0.688,0.899,0.022,0.875,0.989,5772.45,-61.865
2021-05-25T06:39:13Z,243.611,0.869,0.689,0.623,1.477,0.889,0.99,6034.465,-61.791
2021-05-25T06:40:13Z,242.607,0.593,0.685,0.82,0.719,0.877,0.99,5851.403,-61.64
2021-05-25T06:41:13Z,243.623,0.81,0.688,0.634,1.452,0.894,0.989,6077.612,-61.927
2021-05-25T06:42:13Z,243.141,0.537,0.684,0.593,1.568,0.873,0.99,5788.523,-61.625
2021-05-25T06:43:13Z,242.979,0.709,0.687,0.539,1.692,0.846,0.99,5411.704,-61.226
2021-05-25T06:44:13Z,243.622,0.564,0.687,0.529,1.725,0.887,0.99,5984.97,-61.847
2021-05-25T06:45:13Z,242.807,0.508,0.679,0.756,1.025,0.881,0.989,5868.837,-61.748
2021-05-25T06:46:13Z,243.267,0.801,0.685,0.706,1.207,0.895,0.99,6114.064,-61.888
2021-05-25T06:47:13Z,245.458,0.581,0.679,0.679,1.316,0.891,0.989,6033.568,-61.928
2021-05-25T06:48:13Z,242.8,0.639,0.679,0.731,1.141,0.903,0.99,6222.581,-62.064
2021-05-25T06:49:13Z,243.009,0.594,0.668,0.697,1.269,0.877,0.99,5793.888,-61.614
2021-05-25T06:50:13Z,242.88,0.551,0.68,0.114,2.277,0.905,0.99,6342.31,-62.071
2021-05-25T06:51:13Z,243.092,0.549,0.686,0.16,2.252,0.901,0.99,6288.273,-61.996
2021-05-25T06:52:13Z,243.497,0.546,0.682,0.172,2.245,0.911,0.99,6424.548,-62.166
2021-05-25T06:53:13Z,242.708,0.485,0.684,0.207,2.217,0.9,0.99,6259.571,-62.037
2021-05-25T06:54:13Z,472.337,1.84,0.293,0.0,2.303,0.854,0.981,6816.72,-61.668
2021-05-25T06:55:15Z,242.863,0.612,0.648,0.74,1.12,0.904,0.99,6281.345,-62.036
2021-05-25T06:56:15Z,242.161,0.548,0.567,0.203,2.222,0.872,0.99,5736.546,-61.513
2021-05-25T06:57:15Z,242.311,0.485,0.653,0.24,2.186,0.847,0.99,5497.15,-61.255
2021-05-25T06:58:15Z,242.935,0.46,0.682,0.203,2.22,0.881,0.99,5979.255,-61.728
2021-05-25T06:59:15Z,243.063,0.565,0.678,0.148,2.259,0.905,0.99,6324.63,-62.063
2021-05-25T07:00:15Z,242.972,0.579,0.673,0.132,2.268,0.908,0.99,6369.651,-62.048
2021-05-25T07:01:15Z,243.18,0.58,0.677,0.174,2.244,0.899,0.99,6219.045,-61.927
2021-05-25T07:02:15Z,243.423,0.656,0.689,0.131,2.269,0.904,0.99,6296.616,-62.021
2021-05-25T07:03:15Z,243.496,1.343,0.695,0.286,2.145,0.911,0.99,6370.365,-62.102
2021-05-25T07:04:15Z,243.102,0.711,0.687,0.253,2.177,0.886,0.99,5886.257,-61.697
2021-05-25T07:05:15Z,243.231,0.753,0.688,0.136,2.266,0.903,0.99,6227.548,-61.971
2021-05-25T07:06:15Z,242.734,0.849,0.689,0.149,2.259,0.89,0.99,6047.625,-61.744
2021-05-25T07:07:15Z,459.309,7.293,0.246,0.109,2.197,0.83,0.982,7695.574,-60.901
2021-05-25T07:08:16Z,242.719,0.565,0.677,0.195,2.227,0.89,0.99,6056.072,-61.815
2021-05-25T07:09:16Z,243.023,0.663,0.685,0.179,2.239,0.89,0.99,6065.342,-61.802
2021-05-25T07:10:16Z,243.569,1.186,0.676,0.889,0.21,0.789,0.986,4594.89,-61.289
2021-05-25T07:11:16Z,243.31,0.684,0.687,0.13,2.27,0.91,0.99,6372.963,-62.078
2021-05-25T07:12:16Z,243.344,0.849,0.679,0.208,2.223,0.896,0.99,6085.078,-61.8
2021-05-25T07:13:16Z,242.96,0.931,0.681,0.153,2.26,0.907,0.99,6249.162,-61.996
2021-05-25T07:14:16Z,244.193,4.368,0.721,0.385,2.039,0.903,0.99,6091.121,-61.558
2021-05-25T07:15:16Z,243.207,0.887,0.672,0.19,2.238,0.893,0.99,6039.084,-61.743
2021-05-25T07:16:16Z,243.004,0.543,0.683,0.207,2.218,0.895,0.99,6165.903,-61.892
2021-05-25T07:17:16Z,242.939,0.543,0.673,0.168,2.247,0.884,0.99,5997.352,-61.712
2021-05-25T07:18:16Z,245.072,5.551,0.718,0.709,1.318,0.898,0.988,6142.049,-61.521
2021-05-25T07:19:16Z,247.287,7.67,0.696,0.623,1.596,0.883,0.987,6054.947,-61.157
2021-05-25T07:20:16Z,244.579,2.133,0.646,0.601,1.631,0.908,0.99,6092.011,-61.762
2021-05-25T07:21:16Z,247.826,3.644,0.928,0.749,1.152,0.727,0.978,7675.5,-59.954
2021-05-25T07:22:16Z,249.098,8.984,0.848,0.472,1.92,0.889,0.986,6062.197,-60.337
2021-05-25T07:23:16Z,243.661,7.175,0.772,0.545,1.765,0.895,0.989,5785.608,-61.058
2021-05-25T07:24:16Z,243.764,3.818,0.725,0.443,1.957,0.912,0.99,6183.844,-61.771
2021-05-25T07:25:16Z,245.554,3.962,0.736,0.17,2.255,0.913,0.99,6070.974,-61.535
2021-05-25T07:26:16Z,244.203,9.15,0.819,0.601,1.642,0.881,0.987,5631.555,-60.716
2021-05-25T07:27:16Z,248.222,10.255,0.882,0.655,1.446,0.82,0.984,5292.289,-60.189
2021-05-25T07:28:16Z,242.79,3.812,0.713,0.206,2.234,0.902,0.99,5923.621,-61.432
