2021-05-08T16:47:42Z,241.82746666666665,2.513733333333334,-0.7119999999999997,0.8144000000000001,0.75,0.5052,0.9905333333333333,956.1323333333333,-49.31306666666668
2021-05-08T16:48:42Z,241.84999999999997,2.5140666666666673,-0.7096666666666664,0.8162666666666668,0.7397333333333334,0.49993333333333323,0.9902666666666666,932.1896666666668,-49.182000000000016
2021-05-08T16:49:42Z,241.97279999999995,2.5324000000000013,-0.7114666666666664,0.8172666666666668,0.7351333333333334,0.49513333333333326,0.9901333333333332,909.586,-49.01693333333335
2021-05-08T16:50:42Z,241.76933333333326,2.425000000000001,-0.7109333333333331,0.8174000000000002,0.7336000000000001,0.49499999999999994,0.9901999999999999,910.3529333333333,-49.021600000000014
2021-05-08T16:51:42Z,241.78886666666662,2.428733333333334,-0.7080666666666665,0.8171333333333334,0.7357333333333335,0.49506666666666654,0.9901999999999999,912.8461333333332,-49.04893333333335
2021-05-08T16:52:42Z,241.77473333333327,2.4341333333333344,-0.7045999999999997,0.8175333333333334,0.7329333333333334,0.49459999999999993,0.9901999999999999,910.9957333333333,-49.06493333333334
2021-05-08T16:53:42Z,242.92486666666662,2.7895333333333343,-0.7032666666666664,0.8231333333333335,0.6842666666666667,0.4749999999999999,0.9870666666666666,857.8098666666666,-47.87133333333335
2021-05-08T16:54:42Z,242.93726666666663,2.7861333333333342,-0.701333333333333,0.8242000000000002,0.6766000000000001,0.4711999999999999,0.9869333333333333,839.7557333333333,-47.78266666666668
2021-05-08T16:55:42Z,243.00479999999996,2.7738000000000014,-0.698133333333333,0.8246000000000002,0.6742666666666667,0.4707333333333332,0.9868666666666667,841.9999999999999,-47.74606666666668
2021-05-08T16:56:42Z,243.04813333333325,2.7616666666666685,-0.6927333333333331,0.8254000000000002,0.6687333333333334,0.47026666666666656,0.9868000000000001,845.2288666666665,-47.71380000000001
2021-05-08T16:57:42Z,243.0490666666666,2.7704000000000018,-0.6912666666666664,0.8251333333333336,0.6712000000000001,0.4699999999999999,0.9868666666666667,843.8707999999999,-47.716400000000014
2021-05-08T16:58:42Z,243.04153333333323,2.770533333333335,-0.689133333333333,0.8250000000000003,0.6721333333333334,0.47019999999999995,0.9868000000000001,844.9839333333332,-47.74306666666668
2021-05-08T16:59:42Z,243.05873333333327,2.773666666666669,-0.6872666666666664,0.8254000000000002,0.6692666666666668,0.4699333333333333,0.9867333333333335,844.4607333333332,-47.74813333333335
2021-05-08T17:00:42Z,243.0986666666666,2.778866666666669,-0.6865999999999998,0.8262000000000003,0.6630666666666668,0.4685333333333333,0.9867333333333335,837.5103333333333,-47.71986666666668
2021-05-08T17:01:42Z,243.1471999999999,2.993866666666669,-0.6810666666666665,0.831666666666667,0.6186000000000001,0.45086666666666664,0.9853333333333335,786.2284666666667,-47.11113333333335
2021-05-08T17:02:42Z,243.1340666666666,3.036600000000002,-0.6781333333333333,0.8355333333333337,0.5950000000000002,0.44193333333333334,0.9846666666666669,751.9721333333332,-46.88173333333335
2021-05-08T17:03:42Z,243.13959999999994,3.031066666666669,-0.6777999999999998,0.8340000000000003,0.6028000000000001,0.4472,0.9850000000000001,775.6339333333332,-47.03073333333335
2021-05-08T17:04:42Z,243.0057333333333,3.0358666666666694,-0.6766666666666665,0.8326000000000003,0.6106,0.4516666666666666,0.9852000000000002,796.8394,-47.17780000000002
2021-05-08T17:05:42Z,242.99746666666664,3.0333333333333363,-0.6761999999999999,0.8332666666666669,0.6063333333333334,0.45039999999999997,0.9852000000000002,789.0042666666666,-47.13253333333335
2021-05-08T17:06:42Z,242.99286666666663,3.0610666666666693,-0.6765333333333332,0.8329333333333336,0.6086000000000001,0.4500666666666666,0.9852666666666667,784.7466666666666,-47.09500000000002
2021-05-08T17:07:42Z,242.99866666666665,3.158466666666669,-0.6771333333333333,0.8324000000000004,0.6129333333333334,0.4505333333333333,0.9852666666666667,787.2206,-47.07480000000002
2021-05-08T17:08:42Z,241.91406666666663,2.985733333333336,-0.6752666666666667,0.8320000000000005,0.6222666666666667,0.4539999999999999,0.9872666666666667,792.0419999999999,-47.63660000000002
2021-05-08T17:09:42Z,241.89486666666662,2.9892666666666696,-0.6721333333333332,0.8355333333333339,0.6000000000000001,0.44559999999999994,0.9864666666666667,770.9481333333333,-47.42993333333336
2021-05-08T17:10:42Z,241.84926666666664,2.9998666666666693,-0.6712666666666666,0.8356666666666671,0.5994,0.4459333333333333,0.9865333333333334,769.3310666666667,-47.498600000000025
2021-05-08T17:11:42Z,241.78913333333333,3.016933333333336,-0.6715333333333332,0.8355333333333339,0.6001333333333335,0.4459333333333333,0.9865999999999999,767.5769333333333,-47.550533333333355
2021-05-08T17:12:42Z,241.7878,3.0251333333333363,-0.6701333333333331,0.8352666666666673,0.6022000000000001,0.4466666666666666,0.9865999999999999,771.2448666666666,-47.58880000000002
2021-05-08T17:13:42Z,241.8518,3.012600000000003,-0.6659999999999999,0.8362000000000005,0.5967333333333334,0.4462666666666666,0.9865999999999999,772.9010666666666,-47.523066666666686
2021-05-08T17:14:42Z,241.8615333333333,3.030466666666669,-0.6629333333333333,0.8363333333333338,0.5962000000000001,0.4461333333333332,0.9866666666666666,771.8352666666666,-47.51540000000002
2021-05-08T17:15:42Z,241.85486666666665,3.0230000000000024,-0.6577999999999999,0.8364666666666671,0.5956,0.4473333333333332,0.9866666666666666,779.9671333333332,-47.54973333333336
2021-05-08T17:16:42Z,241.8341333333333,2.8117333333333354,-0.6581999999999998,0.8310666666666672,0.6397333333333334,0.4655333333333332,0.9880666666666665,836.035733333333,-48.18720000000001
2021-05-08T17:17:42Z,241.8409333333333,2.7787333333333355,-0.6587333333333331,0.8276666666666672,0.6596,0.4744666666666665,0.9887333333333331,871.7671333333332,-48.423600000000015
2021-05-08T17:18:42Z,241.84539999999998,2.7940666666666685,-0.6557333333333332,0.8279333333333339,0.6575333333333334,0.4748666666666665,0.9886666666666666,875.8147999999999,-48.432333333333354
2021-05-08T17:19:42Z,241.87959999999995,2.785333333333335,-0.6519999999999998,0.8284000000000005,0.6538000000000002,0.4750666666666665,0.9885999999999999,878.2223333333332,-48.420266666666684
2021-05-08T17:20:42Z,241.89946666666665,2.789533333333335,-0.6492666666666664,0.8285333333333339,0.6529333333333335,0.4757333333333332,0.9885999999999999,883.6907333333331,-48.45513333333336
2021-05-08T17:21:42Z,241.9055333333333,2.7856666666666685,-0.6462666666666663,0.8293333333333338,0.6476000000000002,0.4753999999999998,0.9885999999999999,883.5623999999999,-48.47106666666669
2021-05-08T17:22:42Z,241.92306666666664,2.7074666666666682,-0.6421999999999997,0.8300666666666671,0.6421333333333336,0.47546666666666654,0.9886666666666666,884.8536666666664,-48.508133333333355
2021-05-08T17:23:42Z,241.84979999999996,2.559333333333335,-0.6417333333333329,0.8248000000000003,0.6819333333333335,0.49166666666666653,0.9897999999999999,934.0666666666664,-49.13326666666669
2021-05-08T17:24:42Z,241.8687333333333,2.5776000000000017,-0.6427333333333329,0.820666666666667,0.7090000000000002,0.5039333333333332,0.9907333333333331,975.1609999999997,-49.45026666666669
2021-05-08T17:25:42Z,241.8823333333333,2.582866666666668,-0.6417333333333329,0.8206000000000003,0.7092000000000003,0.5037333333333333,0.9907333333333331,974.6408666666664,-49.438000000000024
2021-05-08T17:26:42Z,242.04219999999992,2.583866666666668,-0.639333333333333,0.8218000000000002,0.7028666666666669,0.5035333333333332,0.9905333333333332,978.086333333333,-49.334733333333354
2021-05-08T17:27:42Z,242.05413333333325,2.6095333333333346,-0.6389999999999997,0.8216666666666669,0.7041333333333335,0.5041333333333332,0.9905333333333332,980.4810666666664,-49.31600000000002
2021-05-08T17:28:42Z,241.99973333333327,2.6256666666666684,-0.6375333333333331,0.820666666666667,0.7112666666666669,0.5054,0.9905333333333332,985.7436666666664,-49.40080000000002
2021-05-08T17:29:42Z,242.01133333333328,2.6235333333333353,-0.6345333333333331,0.8206000000000003,0.712066666666667,0.5064,0.9905333333333332,992.5537999999997,-49.441133333333354
2021-05-08T17:30:42Z,242.0724666666666,2.6166666666666685,-0.6309999999999998,0.8198666666666669,0.7178000000000003,0.5075999999999999,0.9905333333333332,1002.9712666666663,-49.39946666666669
2021-05-08T17:31:42Z,242.0846666666666,2.6125333333333356,-0.6229999999999998,0.8205333333333336,0.713666666666667,0.5075333333333332,0.9904666666666665,1010.2543999999997,-49.31053333333336
2021-05-08T17:32:42Z,242.11479999999992,2.6248666666666685,-0.6186666666666665,0.8207333333333335,0.7123333333333336,0.5077999999999998,0.9903999999999998,1012.1516666666663,-49.31640000000002
2021-05-08T17:33:42Z,242.17773333333326,2.6042666666666685,-0.6144666666666666,0.8219333333333335,0.7068666666666669,0.5080666666666664,0.9903333333333333,1020.217133333333,-49.24620000000002
2021-05-08T17:34:42Z,242.19539999999992,2.5856000000000017,-0.6087333333333332,0.8214666666666669,0.7110000000000002,0.5089333333333331,0.9903333333333333,1030.8361999999995,-49.19480000000002
2021-05-08T17:35:42Z,242.21226666666655,2.596266666666669,-0.6041333333333332,0.8213333333333336,0.7121333333333335,0.5096666666666665,0.9903333333333333,1038.1962666666664,-49.20766666666669
2021-05-08T17:36:42Z,242.27479999999989,2.599933333333335,-0.6004666666666665,0.8208000000000003,0.7167333333333334,0.5107333333333332,0.9902666666666666,1045.8462666666662,-49.18826666666669
2021-05-08T17:37:42Z,242.32933333333324,2.5736666666666688,-0.5930666666666665,0.8203333333333337,0.7210000000000001,0.5125999999999998,0.9902,1065.2560666666664,-49.13673333333336
2021-05-08T17:38:42Z,242.3820666666666,2.5749333333333357,-0.5891333333333332,0.8208000000000003,0.7183333333333334,0.5135333333333333,0.9901333333333333,1069.884333333333,-49.16180000000002
2021-05-08T17:39:42Z,242.4052666666666,2.5882000000000023,-0.5841333333333332,0.8208000000000003,0.7188666666666667,0.5144666666666666,0.9900666666666668,1075.5453999999995,-49.21413333333336
2021-05-08T17:40:42Z,242.46339999999995,2.5499333333333354,-0.5707999999999999,0.8207333333333336,0.7208,0.5166,0.9898666666666667,1100.1418666666661,-49.10820000000002
2021-05-08T17:41:42Z,242.33019999999993,2.550000000000002,-0.5643999999999998,0.8198000000000004,0.7259333333333333,0.5177333333333333,0.9900000000000001,1101.5253333333328,-49.16886666666669
2021-05-08T17:42:42Z,242.37139999999994,2.517133333333335,-0.5559333333333332,0.820266666666667,0.7235999999999999,0.5181333333333333,0.9898666666666668,1110.9136666666664,-49.12280000000002
2021-05-08T17:43:42Z,242.44239999999994,2.5084666666666684,-0.5486666666666664,0.8207333333333336,0.7208,0.5187999999999999,0.9898666666666668,1126.4912666666662,-48.99846666666669
2021-05-08T17:44:42Z,242.4880666666666,2.4926000000000017,-0.5437999999999997,0.8207333333333336,0.7213333333333334,0.52,0.9898000000000002,1139.7127333333328,-48.94740000000002
2021-05-08T17:45:42Z,242.44279999999995,2.4756666666666685,-0.5408666666666664,0.821266666666667,0.7180000000000001,0.5202666666666667,0.9898000000000002,1142.1837999999993,-48.94166666666669
2021-05-08T17:46:42Z,242.47806666666665,2.4930000000000017,-0.5445333333333331,0.8207333333333336,0.7222000000000001,0.5205333333333333,0.9898000000000002,1138.6763333333329,-48.97926666666669
2021-05-08T17:47:42Z,242.4892,2.494466666666668,-0.538933333333333,0.821666666666667,0.7181333333333334,0.5209333333333332,0.9897333333333336,1148.3824666666662,-48.871000000000016
2021-05-08T17:48:42Z,242.44833333333335,2.5044000000000017,-0.5355999999999997,0.8199333333333336,0.7288,0.5216,0.9897333333333336,1156.6285999999996,-48.82686666666668
2021-05-08T17:49:42Z,242.52613333333338,2.5096666666666683,-0.5318666666666663,0.8204000000000005,0.7265333333333335,0.5231333333333333,0.9896666666666669,1173.6085333333328,-48.848133333333344
2021-05-08T17:50:42Z,242.57920000000007,2.506066666666668,-0.523533333333333,0.8199333333333337,0.7318000000000001,0.5248,0.9895333333333337,1191.1802666666663,-48.75853333333335
2021-05-08T17:51:42Z,242.55293333333339,2.5040666666666684,-0.5227333333333329,0.8198666666666672,0.7326000000000001,0.5257333333333334,0.9895333333333337,1195.9866666666665,-48.80613333333334
2021-05-08T17:52:42Z,242.51533333333336,2.529533333333335,-0.5273333333333331,0.8197333333333338,0.7332000000000002,0.5247333333333334,0.9895333333333337,1185.0544,-48.81420000000001
2021-05-08T17:53:42Z,242.5586666666667,2.4924000000000017,-0.525333333333333,0.8198666666666672,0.7320666666666669,0.5248,0.9895333333333337,1188.5048666666664,-48.83220000000001
2021-05-08T17:54:42Z,242.58793333333335,2.4624666666666686,-0.5213333333333331,0.8200666666666672,0.730866666666667,0.5246666666666667,0.9895333333333337,1191.420133333333,-48.76626666666667
2021-05-08T17:55:42Z,242.5940666666667,2.4796000000000022,-0.5250666666666663,0.8197333333333338,0.7327333333333337,0.5246666666666667,0.989666666666667,1185.6526,-48.818733333333334
2021-05-08T17:56:42Z,242.66666666666669,2.435200000000002,-0.5224666666666664,0.8198666666666671,0.731666666666667,0.5268000000000002,0.9896000000000005,1215.4724666666664,-48.78046666666667
2021-05-08T17:57:42Z,242.68913333333336,2.4074000000000018,-0.5203333333333331,0.8197333333333338,0.7325333333333337,0.5277333333333334,0.989666666666667,1225.7937999999997,-48.76833333333333
2021-05-08T17:58:42Z,242.66226666666668,2.3965333333333354,-0.5213999999999998,0.8194666666666671,0.7344000000000004,0.5271333333333333,0.989666666666667,1216.278133333333,-48.8148
2021-05-08T17:59:42Z,242.66353333333336,2.3806666666666687,-0.5173333333333331,0.8199333333333337,0.730266666666667,0.5269333333333335,0.989666666666667,1221.222133333333,-48.7114
2021-05-08T18:00:42Z,242.6773333333334,2.397200000000002,-0.5164666666666664,0.8195333333333338,0.7334666666666669,0.5265333333333334,0.989666666666667,1218.9906666666661,-48.721733333333326
2021-05-08T18:01:42Z,242.6441333333334,2.3726666666666683,-0.5113999999999997,0.8197333333333338,0.731866666666667,0.5280000000000001,0.989666666666667,1233.5017999999993,-48.66726666666666
2021-05-08T18:02:42Z,242.6945333333334,2.334933333333335,-0.5052666666666664,0.8180000000000004,0.7435333333333337,0.5296666666666668,0.9897333333333337,1252.1641333333328,-48.67033333333333
2021-05-08T18:03:42Z,242.7305333333334,2.3300666666666685,-0.4941999999999998,0.8186000000000004,0.7400000000000003,0.5316000000000003,0.9896666666666669,1275.658733333333,-48.634933333333336
2021-05-08T18:04:42Z,242.6476666666667,2.337466666666669,-0.49346666666666644,0.8186000000000004,0.7397333333333336,0.5305333333333335,0.9897333333333336,1264.302733333333,-48.65946666666667
2021-05-08T18:05:42Z,242.59560000000002,2.3090666666666686,-0.49653333333333305,0.8184000000000005,0.739866666666667,0.5301333333333336,0.9898000000000002,1258.6198666666662,-48.6972
2021-05-08T18:06:42Z,242.60373333333337,2.2691333333333352,-0.48979999999999974,0.8188000000000005,0.7371333333333336,0.5304666666666669,0.9898000000000002,1267.8668666666663,-48.61073333333334
2021-05-08T18:07:42Z,242.6046666666667,2.2312666666666687,-0.4838666666666664,0.8186666666666672,0.7390666666666671,0.5310000000000002,0.9898000000000002,1274.521666666666,-48.55260000000001
2021-05-08T18:08:42Z,242.5438666666667,2.2111333333333354,-0.47893333333333304,0.8186000000000004,0.7397333333333337,0.5320666666666669,0.9898000000000002,1288.4688666666661,-48.48613333333335
2021-05-08T18:09:42Z,242.57173333333336,2.240133333333335,-0.4811999999999997,0.8180666666666672,0.743666666666667,0.5319333333333336,0.9898000000000002,1287.3143333333328,-48.48000000000002
2021-05-08T18:10:42Z,242.62273333333334,2.257466666666668,-0.48006666666666636,0.8194000000000005,0.7341333333333337,0.5307333333333336,0.9897333333333336,1284.8625333333327,-48.44473333333335
2021-05-08T18:11:42Z,242.5792666666667,2.3420000000000014,-0.48799999999999966,0.8184000000000006,0.7422000000000004,0.5289333333333336,0.9898000000000002,1254.4159333333328,-48.54766666666669
2021-05-08T18:12:42Z,242.6227333333334,2.3496666666666686,-0.48959999999999965,0.8186666666666672,0.7398000000000003,0.5287333333333335,0.9897333333333336,1253.888466666666,-48.5666666666667
2021-05-08T18:13:42Z,242.6381333333334,2.364333333333335,-0.490133333333333,0.8195333333333339,0.733266666666667,0.5264666666666667,0.9896666666666669,1241.8257999999994,-48.45366666666669
2021-05-08T18:14:42Z,242.60366666666675,2.410266666666668,-0.4949999999999996,0.8197333333333339,0.7322000000000003,0.5252666666666668,0.9896666666666669,1221.703066666666,-48.55160000000002
2021-05-08T18:15:42Z,243.3207333333334,2.6874666666666682,-0.4938666666666663,0.8252000000000005,0.6833333333333336,0.5040666666666668,0.9854000000000003,1154.8673999999994,-47.71073333333336
2021-05-08T18:16:42Z,243.39086666666674,2.7076000000000016,-0.4972666666666663,0.8304666666666672,0.6352666666666669,0.48173333333333346,0.9828000000000003,1077.5551999999996,-47.080000000000034
2021-05-08T18:17:42Z,243.36866666666674,2.705733333333335,-0.5014666666666663,0.8312000000000006,0.6290000000000002,0.48000000000000015,0.9828000000000003,1059.5078666666661,-47.1156666666667
2021-05-08T18:18:42Z,243.3225333333334,2.6860000000000017,-0.506133333333333,0.8310000000000006,0.6299333333333337,0.4794666666666668,0.9829333333333337,1042.7476666666662,-47.19460000000004
2021-05-08T18:19:42Z,243.27360000000007,2.6862000000000017,-0.5029333333333329,0.8304000000000007,0.6348000000000004,0.4798666666666668,0.9829333333333337,1046.514733333333,-47.16560000000004
2021-05-08T18:20:42Z,243.27426666666676,2.684933333333335,-0.5020666666666663,0.8308000000000006,0.6315333333333336,0.4808666666666667,0.9829333333333337,1052.5684666666664,-47.14600000000004
2021-05-08T18:21:42Z,250.65580000000008,3.460600000000002,-0.44679999999999964,0.8354000000000006,0.591466666666667,0.47846666666666676,0.9822000000000004,1111.4617999999998,-46.85193333333337
2021-05-08T18:22:42Z,250.7510000000001,3.5279333333333356,-0.4456666666666663,0.8406666666666672,0.5499333333333336,0.4649333333333334,0.9816000000000004,1059.605933333333,-46.479333333333365
2021-05-08T18:23:42Z,250.98893333333345,3.6590666666666687,-0.4431999999999997,0.8424666666666671,0.5411333333333336,0.46280000000000004,0.981466666666667,1048.3461999999995,-46.43860000000003
2021-05-08T18:24:42Z,251.0246000000001,3.6369333333333356,-0.43726666666666636,0.8470000000000005,0.5104000000000003,0.45546666666666674,0.980866666666667,1022.7534666666662,-46.236400000000025
2021-05-08T18:25:42Z,251.33380000000008,3.6062666666666687,-0.4349999999999997,0.8468666666666672,0.511066666666667,0.4564000000000001,0.9809333333333335,1030.285133333333,-46.22300000000003
2021-05-08T18:26:42Z,251.34640000000007,3.606333333333336,-0.4310666666666664,0.8472666666666673,0.508466666666667,0.45640000000000014,0.9809333333333335,1032.980533333333,-46.18920000000003
2021-05-08T18:27:42Z,251.2615333333334,3.6692666666666693,-0.4329999999999997,0.8523333333333338,0.4674666666666669,0.4418000000000001,0.980266666666667,969.128933333333,-45.85420000000003
2021-05-08T18:28:42Z,251.21086666666673,3.707800000000002,-0.436333333333333,0.8512000000000004,0.47600000000000026,0.4430666666666667,0.9803333333333336,966.0916666666664,-45.97233333333337
2021-05-08T18:29:42Z,251.22246666666672,3.7105333333333355,-0.4354666666666664,0.851066666666667,0.47726666666666695,0.4439333333333334,0.9803333333333336,974.984133333333,-45.99306666666669
2021-05-08T18:30:42Z,250.5287333333334,3.4157333333333355,-0.43526666666666636,0.8452000000000003,0.5292666666666669,0.46620000000000006,0.9846000000000003,1050.623333333333,-46.833600000000025
2021-05-08T18:31:42Z,250.5635333333334,3.387066666666669,-0.42886666666666634,0.8394000000000003,0.5815333333333336,0.4892000000000001,0.9872000000000002,1138.4270666666664,-47.473666666666695
2021-05-08T18:32:42Z,250.5072666666667,3.4038666666666684,-0.4285999999999997,0.8389333333333336,0.5852666666666669,0.49033333333333334,0.9872000000000002,1141.9565333333333,-47.50433333333337
2021-05-08T18:33:42Z,250.56406666666672,3.4209333333333354,-0.42899999999999966,0.838466666666667,0.5886000000000001,0.4904,0.9872000000000002,1144.0986,-47.52120000000003
2021-05-08T18:34:42Z,250.62100000000007,3.4334000000000016,-0.432133333333333,0.838666666666667,0.5866000000000002,0.4906,0.9872000000000002,1142.8269333333333,-47.549266666666696
2021-05-08T18:35:42Z,250.7039333333334,3.4808000000000017,-0.43333333333333296,0.8388000000000003,0.586866666666667,0.48893333333333333,0.9872000000000002,1128.4395333333334,-47.58773333333337
2021-05-08T18:36:42Z,243.30900000000008,2.760466666666668,-0.4920666666666663,0.8342000000000004,0.6270000000000003,0.4909333333333333,0.9879333333333336,1060.8376,-47.9896666666667
2021-05-08T18:37:42Z,243.24280000000007,2.769733333333335,-0.497733333333333,0.8288000000000004,0.6694000000000003,0.5041999999999999,0.9885333333333335,1105.095266666667,-48.455000000000034
2021-05-08T18:38:42Z,243.0216000000001,2.6774666666666684,-0.5021999999999996,0.8261333333333336,0.685066666666667,0.5058666666666666,0.9886666666666669,1107.3238000000003,-48.57220000000004
2021-05-08T18:39:42Z,242.93333333333342,2.6928666666666685,-0.504933333333333,0.8209333333333336,0.720666666666667,0.5138,0.989266666666667,1134.5057333333336,-48.820466666666704
2021-05-08T18:40:42Z,242.58880000000008,2.706800000000002,-0.5048666666666664,0.8204000000000001,0.7251333333333336,0.5141333333333333,0.989266666666667,1132.9854000000003,-48.85726666666671
2021-05-08T18:41:42Z,242.67386666666673,2.736600000000002,-0.5032666666666664,0.8210000000000001,0.7203333333333336,0.5146,0.989266666666667,1138.1327333333336,-48.85320000000004
2021-05-08T18:42:42Z,242.71233333333342,2.7016666666666684,-0.4988666666666664,0.8156000000000001,0.7647333333333336,0.5287999999999999,0.9900000000000003,1195.7628000000002,-49.204266666666705
2021-05-08T18:43:42Z,242.76960000000008,2.6446000000000023,-0.48899999999999977,0.8148666666666669,0.7694666666666669,0.5315333333333333,0.9900000000000003,1228.7045333333335,-49.2054666666667
2021-05-08T18:44:42Z,242.8703333333334,2.6264000000000025,-0.4855333333333331,0.8140666666666669,0.7758666666666669,0.5319999999999999,0.9900000000000003,1233.966666666667,-49.213000000000044
2021-05-08T18:45:42Z,242.82966666666672,2.658133333333336,-0.4841999999999998,0.8151333333333336,0.7678000000000001,0.5316,0.9900000000000003,1229.9836000000003,-49.258066666666714
2021-05-08T18:46:42Z,242.73740000000006,2.7208000000000028,-0.4893999999999998,0.8150000000000002,0.7693333333333335,0.5304666666666666,0.9900000000000003,1208.5189333333337,-49.35500000000005
2021-05-08T18:47:42Z,242.7735333333334,2.7344000000000026,-0.4879333333333331,0.8150666666666668,0.7688666666666669,0.531,0.9900000000000003,1214.3620000000003,-49.380066666666714
2021-05-08T18:48:42Z,242.7247333333334,2.7490000000000028,-0.48879999999999973,0.8146666666666669,0.7721333333333337,0.5306666666666666,0.9900000000000003,1208.2659333333336,-49.39300000000005
2021-05-08T18:49:42Z,242.70860000000005,2.7580666666666698,-0.48759999999999976,0.8142666666666668,0.7756666666666668,0.5305333333333333,0.9900000000000003,1204.7890000000002,-49.446400000000054
2021-05-08T18:50:42Z,242.70620000000005,2.7309333333333368,-0.48526666666666646,0.8142000000000001,0.7752000000000001,0.5317333333333334,0.9900000000000003,1216.8174666666669,-49.470400000000055
2021-05-08T18:51:42Z,242.77206666666672,2.7174000000000036,-0.4830666666666665,0.8151333333333335,0.7685333333333334,0.5322666666666668,0.9900000000000003,1223.5052,-49.38860000000006
2021-05-08T18:52:42Z,242.7787333333334,2.65246666666667,-0.4731999999999998,0.8148666666666669,0.7699333333333332,0.5344666666666669,0.9900000000000003,1249.131,-49.31560000000006
2021-05-08T18:53:42Z,242.77386666666675,2.66106666666667,-0.4727999999999998,0.8153333333333336,0.7668,0.5344000000000002,0.9900000000000003,1249.1468666666667,-49.28666666666673
2021-05-08T18:54:42Z,242.8471333333334,2.6533333333333364,-0.4691999999999998,0.8155333333333336,0.7657333333333334,0.535666666666667,0.9900000000000003,1262.8926,-49.262466666666725
2021-05-08T18:55:42Z,242.79406666666677,2.66026666666667,-0.46893333333333315,0.8144666666666669,0.7736,0.5361333333333336,0.9900000000000003,1266.6303333333333,-49.268533333333394
2021-05-08T18:56:42Z,242.6628000000001,2.6199333333333366,-0.46773333333333317,0.814866666666667,0.7704666666666667,0.535666666666667,0.9900000000000003,1259.9712,-49.3059333333334
2021-05-08T18:57:42Z,242.66026666666676,2.6285333333333365,-0.46759999999999985,0.8141333333333337,0.7756666666666667,0.5361333333333336,0.9900000000000003,1261.0531333333336,-49.3321333333334
2021-05-08T18:58:42Z,242.67333333333343,2.6619333333333364,-0.47513333333333313,0.8175333333333337,0.7554000000000001,0.5252000000000002,0.9896666666666669,1201.888866666667,-49.10900000000006
2021-05-08T18:59:42Z,242.64126666666672,2.6639333333333357,-0.4742666666666665,0.8180000000000003,0.7524000000000001,0.5262000000000002,0.9896000000000004,1216.6916666666668,-49.03320000000006
2021-05-08T19:00:42Z,242.6859333333334,2.6604666666666694,-0.47613333333333313,0.8166000000000003,0.7624000000000001,0.526466666666667,0.9896000000000004,1218.086266666667,-49.01453333333339
2021-05-08T19:01:42Z,242.69873333333342,2.6553333333333358,-0.47539999999999977,0.8164000000000002,0.7634000000000002,0.5262666666666669,0.9896000000000004,1217.2914666666668,-49.01066666666672
2021-05-08T19:02:42Z,242.71513333333343,2.6508000000000025,-0.47513333333333313,0.8160666666666668,0.7662000000000001,0.5265333333333335,0.9896000000000004,1223.1050000000002,-48.94680000000005
2021-05-08T19:03:42Z,242.7344000000001,2.6744666666666688,-0.4789999999999998,0.8168000000000003,0.7604000000000002,0.5261333333333336,0.9896000000000004,1217.2382000000002,-48.97480000000005
2021-05-08T19:04:42Z,242.78433333333345,2.645066666666669,-0.4751999999999998,0.8170000000000003,0.7588666666666668,0.5271333333333337,0.9896000000000004,1232.5424666666668,-48.867533333333384
2021-05-08T19:05:42Z,243.1420000000001,2.7992000000000017,-0.46546666666666636,0.8218000000000002,0.7235333333333336,0.517666666666667,0.9887333333333337,1197.0198666666668,-48.46566666666671
2021-05-08T19:06:42Z,243.13153333333346,2.794333333333335,-0.4639333333333331,0.8224000000000002,0.7209333333333335,0.5183333333333336,0.9887333333333337,1200.309066666667,-48.50133333333338
2021-05-08T19:07:42Z,243.11746666666676,2.809600000000002,-0.4655999999999997,0.8232666666666669,0.714866666666667,0.5174000000000004,0.9887333333333337,1188.3947333333335,-48.52806666666671
2021-05-08T19:08:42Z,243.11626666666677,2.821733333333335,-0.464133333333333,0.8228666666666669,0.7176666666666669,0.5181333333333337,0.9887333333333337,1191.0875333333336,-48.54753333333338
2021-05-08T19:09:42Z,243.08653333333345,2.8064000000000022,-0.4625999999999996,0.823066666666667,0.7158000000000002,0.5186000000000003,0.9887333333333337,1194.907866666667,-48.55186666666671
2021-05-08T19:10:42Z,243.09373333333343,2.817200000000002,-0.46239999999999964,0.8223333333333336,0.7206000000000004,0.5187333333333335,0.9887333333333337,1189.8296000000003,-48.626800000000046
2021-05-08T19:11:42Z,243.14400000000012,2.826066666666669,-0.4631999999999996,0.8207333333333336,0.732666666666667,0.5196000000000002,0.9887333333333337,1194.0810000000004,-48.62513333333338
2021-05-08T19:12:42Z,243.0989333333334,2.8824000000000023,-0.46579999999999966,0.8204000000000004,0.7344666666666672,0.5195333333333335,0.9888000000000002,1185.8589333333337,-48.65513333333338
2021-05-08T19:13:42Z,243.0915333333334,2.883466666666669,-0.462933333333333,0.8180000000000003,0.7482000000000005,0.5295333333333335,0.9891333333333336,1228.2567333333338,-48.931133333333385
2021-05-08T19:14:42Z,242.98346666666671,2.930266666666669,-0.4677999999999996,0.8162000000000003,0.7599333333333339,0.5286000000000002,0.9892000000000003,1205.2771333333337,-49.04166666666672
2021-05-08T19:15:42Z,242.96786666666674,2.969800000000002,-0.46873333333333295,0.8156000000000003,0.7642000000000005,0.5285333333333335,0.9892000000000003,1198.3876000000005,-49.08813333333339
2021-05-08T19:16:42Z,242.93433333333343,2.989533333333336,-0.46959999999999963,0.815466666666667,0.7652666666666671,0.5288666666666668,0.9892000000000003,1198.4336666666672,-49.120333333333384
2021-05-08T19:17:42Z,242.91773333333342,3.046066666666669,-0.47439999999999954,0.8149333333333337,0.7686000000000005,0.5282666666666669,0.9892000000000003,1180.7162000000005,-49.23086666666671
2021-05-08T19:18:42Z,242.89046666666675,3.060933333333336,-0.47466666666666624,0.8142666666666669,0.7734666666666671,0.5282666666666669,0.9892000000000003,1179.3278000000005,-49.26366666666671
2021-05-08T19:19:42Z,242.8452000000001,3.126866666666669,-0.4818666666666663,0.8132666666666669,0.7795333333333337,0.5271333333333336,0.989266666666667,1158.0896000000005,-49.38926666666671
2021-05-08T19:20:42Z,242.44753333333344,3.0201333333333356,-0.49399999999999966,0.8073333333333337,0.8230666666666672,0.5364000000000003,0.9901333333333336,1185.454466666667,-49.825733333333375
2021-05-08T19:21:42Z,242.3978000000001,3.0467333333333357,-0.497133333333333,0.8050666666666669,0.8378000000000004,0.5360666666666669,0.9901333333333336,1178.3146000000006,-49.853000000000044
2021-05-08T19:22:42Z,242.3542000000001,3.121466666666669,-0.5042666666666663,0.8040666666666669,0.8447333333333338,0.5358000000000003,0.9901333333333336,1167.0850666666672,-49.934400000000046
2021-05-08T19:23:42Z,242.32413333333344,3.157466666666669,-0.5076666666666664,0.8032000000000002,0.8498666666666671,0.5359333333333337,0.9902000000000002,1163.782733333334,-49.97326666666671
2021-05-08T19:24:42Z,242.27026666666677,3.2389333333333354,-0.5150666666666663,0.8022666666666669,0.8558666666666671,0.535266666666667,0.9902666666666669,1148.3916666666673,-50.0096666666667
2021-05-08T19:25:42Z,242.22606666666675,3.3112000000000017,-0.522333333333333,0.8022666666666669,0.8547333333333337,0.5346666666666671,0.9903333333333335,1137.8621333333338,-50.0262666666667
2021-05-08T19:26:42Z,242.1824000000001,3.325400000000002,-0.5247999999999997,0.8022666666666669,0.8543333333333336,0.5346666666666671,0.9904000000000001,1137.1198000000006,-50.05693333333337
2021-05-08T19:27:42Z,242.16893333333343,3.327400000000002,-0.5265333333333332,0.8022000000000004,0.854066666666667,0.5351333333333338,0.9904000000000001,1139.4844666666675,-50.07880000000003
2021-05-08T19:28:42Z,242.0904000000001,3.3627333333333356,-0.5301333333333331,0.8014000000000003,0.8590666666666671,0.535466666666667,0.9904666666666667,1137.6008000000006,-50.14273333333336
2021-05-08T19:29:42Z,242.08453333333347,3.366333333333335,-0.5310666666666665,0.8016666666666671,0.8570666666666671,0.535866666666667,0.9905333333333334,1139.7838666666673,-50.1646666666667
2021-05-08T19:30:42Z,242.03260000000012,3.395066666666669,-0.5317333333333332,0.8020000000000003,0.8543333333333339,0.5364666666666671,0.9905333333333334,1140.5755333333339,-50.198800000000034
2021-05-08T19:31:42Z,242.02813333333344,3.407733333333335,-0.5328666666666665,0.8018666666666671,0.8546666666666672,0.5367333333333337,0.9905333333333334,1140.6106666666672,-50.198066666666705
2021-05-08T19:32:42Z,242.00300000000013,3.4206000000000016,-0.5333999999999999,0.8018666666666671,0.8543333333333339,0.536866666666667,0.9906,1140.4583333333337,-50.207000000000036
2021-05-08T19:33:42Z,241.97493333333344,3.444333333333335,-0.5364666666666664,0.8008666666666672,0.8602666666666673,0.5369333333333337,0.9906666666666666,1137.1150000000007,-50.23240000000005
2021-05-08T19:34:42Z,241.9274666666668,3.4450666666666687,-0.5397999999999997,0.8012666666666671,0.8574000000000005,0.5369333333333337,0.9906666666666666,1136.5427333333341,-50.246933333333374
2021-05-08T19:35:42Z,241.89626666666675,3.459733333333335,-0.5438666666666665,0.8039333333333337,0.8400000000000004,0.5303333333333338,0.9903333333333333,1101.838933333334,-50.13806666666671
2021-05-08T19:36:42Z,241.88160000000008,3.4840000000000018,-0.5468666666666666,0.8027333333333339,0.8470000000000005,0.5302666666666671,0.9903999999999998,1099.8784000000005,-50.173666666666705
2021-05-08T19:37:42Z,241.8721333333334,3.4554666666666685,-0.5471999999999999,0.8029333333333338,0.8457333333333338,0.5307333333333337,0.9904666666666665,1102.2768000000005,-50.21426666666671
2021-05-08T19:38:42Z,241.8825333333334,3.4499333333333353,-0.5472666666666666,0.8034000000000004,0.8423333333333338,0.531066666666667,0.9904666666666665,1103.953466666667,-50.234533333333374
2021-05-08T19:39:42Z,241.91113333333342,3.427000000000002,-0.5479333333333332,0.8035333333333339,0.8412000000000005,0.5308000000000004,0.9904666666666665,1103.738333333334,-50.25746666666671
2021-05-08T19:40:42Z,241.93713333333343,3.4079333333333355,-0.5485333333333332,0.8042666666666671,0.8368666666666672,0.5311333333333337,0.9904666666666665,1106.4092666666672,-50.294200000000046
2021-05-08T19:41:42Z,241.94113333333343,3.4082000000000026,-0.5489333333333332,0.8032000000000005,0.8436666666666672,0.5314000000000003,0.9904666666666665,1107.3902666666675,-50.31480000000004
2021-05-08T19:42:42Z,241.94526666666675,3.3994666666666693,-0.5484666666666664,0.8029333333333338,0.8457333333333338,0.5309333333333337,0.9904666666666665,1105.841533333334,-50.313400000000044
2021-05-08T19:43:42Z,241.94786666666678,3.405733333333336,-0.5493333333333331,0.8028666666666671,0.8463333333333338,0.5304000000000004,0.9904666666666665,1102.251800000001,-50.28693333333339
2021-05-08T19:44:42Z,241.94600000000008,3.3996000000000026,-0.550133333333333,0.8030000000000004,0.845266666666667,0.5304666666666671,0.9904666666666665,1102.8220666666675,-50.28486666666672
2021-05-08T19:45:42Z,241.95006666666677,3.379733333333336,-0.5517333333333331,0.8028000000000003,0.8464000000000004,0.529866666666667,0.9905333333333332,1101.1230000000007,-50.28306666666672
2021-05-08T19:46:42Z,241.9290000000001,3.3733333333333357,-0.5524666666666663,0.8028000000000003,0.846266666666667,0.530066666666667,0.9905999999999998,1102.008200000001,-50.28880000000005
2021-05-08T19:47:42Z,241.89433333333344,3.359733333333336,-0.5524666666666663,0.8028000000000003,0.846066666666667,0.529866666666667,0.9905999999999998,1101.1852000000008,-50.29513333333339
2021-05-08T19:48:42Z,241.87840000000008,3.3551333333333355,-0.5522666666666664,0.8037333333333336,0.8400000000000003,0.529866666666667,0.9905999999999998,1101.0046666666674,-50.29893333333339
2021-05-08T19:49:42Z,241.8865333333334,3.350066666666669,-0.5515999999999995,0.8038666666666668,0.8389333333333336,0.5305333333333337,0.9905999999999998,1103.8770000000006,-50.30426666666673
2021-05-08T19:50:42Z,241.82806666666676,3.335733333333336,-0.550133333333333,0.8011333333333336,0.8565333333333337,0.537266666666667,0.9909999999999998,1136.043933333334,-50.448066666666726
2021-05-08T19:51:42Z,241.82693333333341,3.3350666666666693,-0.5489333333333329,0.8015333333333335,0.8543333333333337,0.5376000000000002,0.9909999999999998,1136.8218666666676,-50.45140000000006
2021-05-08T19:52:42Z,241.83306666666672,3.3512000000000026,-0.548533333333333,0.8009333333333335,0.8577333333333338,0.5372000000000002,0.9909999999999998,1135.5508000000007,-50.441800000000065
2021-05-08T19:53:42Z,241.84480000000005,3.354866666666669,-0.5494666666666663,0.8004000000000001,0.861466666666667,0.5370000000000003,0.9909999999999998,1133.8864666666673,-50.4209333333334
2021-05-08T19:54:42Z,241.8144666666667,3.369066666666669,-0.5478666666666664,0.8007333333333334,0.8596000000000004,0.5373333333333334,0.9909999999999998,1134.854333333334,-50.42440000000007
2021-05-08T19:55:42Z,241.8068,3.3853333333333357,-0.546933333333333,0.8006,0.8605333333333338,0.5372000000000001,0.9909999999999998,1132.4714000000006,-50.40286666666673
2021-05-08T19:56:42Z,241.83133333333336,3.389266666666669,-0.5465999999999996,0.8011333333333333,0.8572000000000004,0.5373333333333333,0.9909999999999998,1133.0536000000002,-50.39460000000007
2021-05-08T19:57:42Z,241.85940000000002,3.372400000000002,-0.5447999999999997,0.8014666666666665,0.855466666666667,0.5376,0.9909999999999998,1135.363266666667,-50.4253333333334
2021-05-08T19:58:42Z,241.8662666666667,3.3728666666666687,-0.5456666666666663,0.8006666666666666,0.8604000000000004,0.538,0.9909999999999998,1136.6290000000004,-50.423533333333395
2021-05-08T19:59:42Z,241.88400000000001,3.3766000000000025,-0.5456666666666663,0.8000666666666666,0.8643333333333338,0.5382666666666667,0.9909999999999998,1137.6105333333335,-50.429333333333396
2021-05-08T20:00:42Z,241.8924,3.3919333333333355,-0.5451999999999997,0.7993333333333333,0.8688666666666671,0.5389333333333333,0.9909999999999998,1139.9928000000002,-50.43840000000007
2021-05-08T20:01:42Z,241.92326666666668,3.393266666666669,-0.5461999999999997,0.7988666666666667,0.8716666666666673,0.5391333333333334,0.9909999999999998,1140.6423333333335,-50.431466666666736
2021-05-08T20:02:42Z,241.9242666666667,3.4052666666666696,-0.5468666666666664,0.7978666666666666,0.8781333333333339,0.5399333333333334,0.9909999999999998,1144.6626,-50.435800000000064
2021-05-08T20:03:42Z,241.95886666666672,3.4067333333333365,-0.5461999999999997,0.7982,0.8763333333333337,0.5402666666666666,0.9909333333333331,1146.3496666666667,-50.445533333333394
2021-05-08T20:04:42Z,241.9430666666667,3.4147333333333365,-0.5444666666666664,0.7969333333333335,0.8846666666666672,0.5402666666666666,0.9909333333333331,1146.0921333333333,-50.44926666666672
2021-05-08T20:05:42Z,241.97686666666672,3.4294666666666695,-0.5437999999999997,0.7970000000000003,0.8844000000000004,0.5406,0.9909333333333331,1147.0648666666668,-50.44946666666672
2021-05-08T20:06:42Z,241.96406666666672,3.4371333333333363,-0.544133333333333,0.7974000000000002,0.8820000000000002,0.5406666666666666,0.9908666666666666,1147.691,-50.45673333333339
2021-05-08T20:07:42Z,241.97720000000007,3.45006666666667,-0.5438666666666664,0.797066666666667,0.8845333333333336,0.5410666666666667,0.9907999999999999,1148.4910666666667,-50.455133333333386
2021-05-08T20:08:42Z,241.97733333333338,3.4493333333333362,-0.5419999999999997,0.7976000000000004,0.881266666666667,0.5410666666666667,0.9907999999999999,1148.769266666667,-50.46813333333339
2021-05-08T20:09:42Z,241.98066666666674,3.4453333333333362,-0.5419333333333329,0.7978000000000004,0.8798000000000002,0.5411333333333332,0.9907999999999999,1148.9830000000002,-50.45920000000005
2021-05-08T20:10:42Z,241.95606666666674,3.4436666666666693,-0.5413999999999997,0.7976666666666671,0.8806666666666669,0.5407333333333334,0.9907999999999999,1147.8498666666667,-50.45640000000005
2021-05-08T20:11:42Z,241.9326000000001,3.4526666666666688,-0.5412666666666663,0.7978666666666672,0.879066666666667,0.5408666666666667,0.9907999999999999,1148.2304000000001,-50.461200000000055
2021-05-08T20:12:42Z,241.92760000000007,3.4734000000000025,-0.5439999999999997,0.7990666666666671,0.8703333333333336,0.5406666666666667,0.9907999999999999,1145.5550666666668,-50.42060000000005
2021-05-08T20:13:42Z,241.9123333333334,3.4566000000000026,-0.542533333333333,0.7997333333333339,0.866866666666667,0.5406,0.9907333333333332,1145.4241333333334,-50.434800000000045
2021-05-08T20:14:42Z,241.89360000000008,3.451733333333336,-0.541133333333333,0.8000000000000006,0.8654666666666669,0.5404000000000001,0.9907333333333332,1145.1595333333332,-50.437666666666715
2021-05-08T20:15:42Z,241.87866666666676,3.458600000000003,-0.5419999999999997,0.8003333333333339,0.8635333333333336,0.5402000000000001,0.9907333333333332,1143.7567999999999,-50.416866666666714
2021-05-08T20:16:42Z,241.8579333333334,3.470266666666669,-0.540533333333333,0.7995333333333339,0.8684000000000002,0.5402666666666668,0.9907333333333332,1144.1552666666664,-50.43173333333338
2021-05-08T20:17:42Z,241.86180000000007,3.469533333333336,-0.5417999999999997,0.8004000000000004,0.8631333333333336,0.5398000000000001,0.9907333333333332,1140.8784666666666,-50.41860000000006
2021-05-08T20:18:42Z,241.81846666666672,3.4832000000000023,-0.5431999999999996,0.7991333333333338,0.871266666666667,0.5399333333333334,0.9907999999999999,1140.391,-50.412133333333394
2021-05-08T20:19:42Z,241.84106666666673,3.488933333333336,-0.5430666666666664,0.7991333333333338,0.8716666666666669,0.5401333333333334,0.9907999999999999,1140.8201333333336,-50.42740000000006
2021-05-08T20:20:42Z,241.82820000000004,3.4910666666666694,-0.5447999999999997,0.7986000000000004,0.8750000000000003,0.5405333333333334,0.9907999999999999,1141.452066666667,-50.4223333333334
2021-05-08T20:21:42Z,241.84646666666671,3.493466666666669,-0.5464666666666663,0.7979333333333337,0.8786000000000004,0.5406,0.9908666666666666,1140.2268000000001,-50.394866666666736
2021-05-08T20:22:42Z,241.8474666666667,3.494000000000002,-0.5484666666666663,0.7978666666666671,0.8792000000000004,0.5404666666666668,0.9909333333333331,1138.653266666667,-50.3759333333334
2021-05-08T20:23:42Z,241.82353333333336,3.501866666666669,-0.549933333333333,0.7972000000000004,0.8836000000000005,0.5406000000000001,0.9909333333333331,1137.9731333333334,-50.36206666666673
2021-05-08T20:24:42Z,241.81233333333336,3.5111333333333357,-0.5515999999999998,0.7966000000000003,0.8876666666666672,0.5404666666666669,0.9909333333333331,1136.1385333333335,-50.3517333333334
2021-05-08T20:25:42Z,241.8212,3.5032666666666694,-0.5525999999999996,0.796866666666667,0.8863333333333336,0.5411333333333335,0.9909333333333331,1138.4268000000002,-50.36746666666673
2021-05-08T20:26:42Z,241.81093333333334,3.506733333333336,-0.5546666666666663,0.7970000000000004,0.8854666666666671,0.5411333333333335,0.9909333333333331,1138.3734000000002,-50.3581333333334
2021-05-08T20:27:42Z,241.8112,3.5092666666666696,-0.554933333333333,0.795866666666667,0.8930000000000005,0.5413333333333336,0.9909333333333331,1139.5592666666669,-50.364733333333405
2021-05-08T20:28:42Z,241.82420000000002,3.537666666666669,-0.5570666666666663,0.7957333333333337,0.8932666666666671,0.5412000000000002,0.9909999999999998,1136.9404666666667,-50.3365333333334
2021-05-08T20:29:42Z,241.85853333333336,3.557666666666669,-0.5602666666666664,0.7961333333333336,0.8901333333333338,0.5414000000000001,0.9909999999999998,1137.1817333333336,-50.32366666666674
2021-05-08T20:30:42Z,241.86773333333338,3.542066666666669,-0.5620666666666663,0.796266666666667,0.8889333333333338,0.5412000000000001,0.9909999999999998,1136.1082666666669,-50.3151333333334
2021-05-08T20:31:42Z,241.88533333333336,3.525933333333336,-0.5643999999999996,0.7970000000000003,0.8843333333333339,0.5406666666666669,0.9909999999999998,1133.7022000000002,-50.289933333333394
2021-05-08T20:32:42Z,241.87693333333337,3.519466666666669,-0.5644666666666663,0.7957333333333335,0.8915333333333337,0.5407333333333336,0.9909999999999998,1134.5939333333333,-50.296000000000056
2021-05-08T20:33:42Z,241.9356666666667,3.521466666666669,-0.5642666666666664,0.7963333333333336,0.8878000000000005,0.5404000000000003,0.9909999999999998,1132.5241999999998,-50.27720000000006
2021-05-08T20:34:42Z,241.91833333333338,3.533733333333336,-0.5685999999999997,0.797866666666667,0.8775333333333338,0.5399333333333337,0.9909999999999998,1128.2049999999997,-50.21253333333338
2021-05-08T20:35:42Z,241.92873333333335,3.5309333333333357,-0.5683999999999997,0.7987333333333335,0.8716666666666673,0.539266666666667,0.9909999999999998,1125.4021999999998,-50.19906666666672
2021-05-08T20:36:42Z,241.90553333333338,3.5292000000000026,-0.5645999999999998,0.8006000000000003,0.8598000000000006,0.538866666666667,0.9909999999999998,1123.6258666666663,-50.20793333333338
2021-05-08T20:37:42Z,241.89500000000004,3.5389333333333357,-0.5620666666666664,0.8015333333333337,0.8540000000000006,0.5387333333333337,0.9909999999999998,1122.3390666666664,-50.19673333333338
2021-05-08T20:38:42Z,241.89153333333337,3.542733333333336,-0.561733333333333,0.8020000000000003,0.8511333333333339,0.5385333333333338,0.9909999999999998,1122.0026666666663,-50.19260000000005
2021-05-08T20:39:42Z,241.90280000000004,3.5502666666666696,-0.5629999999999996,0.8016666666666671,0.8534000000000006,0.5384000000000004,0.9909999999999998,1120.650733333333,-50.16966666666671
2021-05-08T20:40:42Z,241.92000000000004,3.5626666666666695,-0.5650666666666664,0.8012000000000004,0.8562000000000006,0.5380000000000004,0.9909999999999998,1117.671333333333,-50.130333333333375
2021-05-08T20:41:42Z,241.93506666666673,3.5692666666666697,-0.565133333333333,0.8007333333333337,0.8592000000000006,0.538066666666667,0.9909999999999998,1116.8127999999997,-50.11360000000004
2021-05-08T20:42:42Z,241.91820000000007,3.5758000000000028,-0.5654666666666663,0.800466666666667,0.8609333333333339,0.5377333333333337,0.9909999999999998,1114.4183999999996,-50.08933333333337
2021-05-08T20:43:42Z,241.92513333333338,3.5671333333333366,-0.5646666666666663,0.8034000000000003,0.8430666666666672,0.5345333333333337,0.9907999999999998,1096.166533333333,-49.99186666666671
2021-05-08T20:44:42Z,241.89626666666672,3.52606666666667,-0.5617999999999996,0.807266666666667,0.8200000000000005,0.5281333333333337,0.9903999999999997,1065.3312666666664,-49.87666666666671
2021-05-08T20:45:42Z,241.9000666666667,3.5300000000000034,-0.557733333333333,0.8076666666666671,0.8186000000000005,0.5283333333333338,0.9903333333333332,1066.7599999999995,-49.91013333333338
2021-05-08T20:46:42Z,241.89553333333336,3.5220000000000034,-0.5551333333333329,0.8080000000000004,0.8176000000000005,0.529266666666667,0.9903333333333332,1071.3484666666661,-49.96640000000004
2021-05-08T20:47:42Z,241.92720000000006,3.5224000000000033,-0.5530666666666663,0.8099333333333337,0.8062666666666672,0.5288000000000004,0.9902666666666665,1068.891533333333,-49.9548666666667
2021-05-08T20:48:42Z,241.88480000000007,3.5391333333333366,-0.5502666666666662,0.808266666666667,0.8166000000000005,0.5294000000000003,0.9902666666666665,1071.839466666666,-49.96720000000004
2021-05-08T20:49:42Z,241.8982666666667,3.5399333333333365,-0.5468666666666663,0.8078000000000004,0.8198666666666672,0.5294666666666671,0.9902666666666665,1074.2339999999997,-50.00000000000004
2021-05-08T20:50:42Z,241.9134666666667,3.55086666666667,-0.5464666666666662,0.8069333333333337,0.8252000000000005,0.5296666666666671,0.9902666666666665,1076.6091999999996,-50.00620000000004
2021-05-08T20:51:42Z,241.92173333333332,3.56286666666667,-0.5496666666666663,0.8048000000000004,0.8387333333333338,0.5300666666666671,0.9902666666666665,1078.7253333333329,-49.98800000000004
2021-05-08T20:52:42Z,241.9084,3.5561333333333365,-0.5512666666666663,0.804466666666667,0.8408666666666671,0.5302666666666672,0.9902666666666665,1080.1841999999995,-49.99473333333337
2021-05-08T20:53:42Z,241.9228666666667,3.5293333333333363,-0.5488666666666664,0.8046000000000003,0.8404000000000005,0.5310000000000005,0.9901999999999999,1084.5025333333328,-50.03800000000004
2021-05-08T20:54:42Z,241.90220000000002,3.5155333333333365,-0.5445999999999996,0.8042000000000002,0.8427333333333338,0.5316000000000005,0.9901999999999999,1089.3131999999994,-50.08240000000004
2021-05-08T20:55:42Z,241.88400000000004,3.5363333333333364,-0.5415333333333331,0.8034000000000002,0.8476666666666671,0.5325333333333337,0.9901999999999999,1093.9080666666662,-50.10086666666671
2021-05-08T20:56:42Z,241.87753333333336,3.525200000000003,-0.5368666666666665,0.8041333333333335,0.8436000000000005,0.5332666666666672,0.9901333333333332,1098.458666666666,-50.135800000000046
2021-05-08T20:57:42Z,241.8556,3.5258666666666696,-0.5311333333333332,0.8039333333333335,0.845666666666667,0.5347333333333337,0.9901333333333332,1106.6715333333327,-50.184000000000054
2021-05-08T20:58:42Z,241.82806666666667,3.525400000000003,-0.5287333333333332,0.800866666666667,0.8652000000000004,0.5390000000000004,0.9903333333333333,1130.6405333333325,-50.31013333333339
2021-05-08T20:59:42Z,241.83493333333337,3.5701333333333363,-0.5259333333333331,0.7968666666666668,0.8900666666666671,0.5453333333333338,0.9907333333333332,1160.2139999999995,-50.42566666666673
2021-05-08T21:00:42Z,241.83666666666667,3.5843333333333356,-0.5241333333333332,0.7968666666666668,0.8897333333333337,0.5459333333333338,0.9907999999999999,1163.7474666666662,-50.42313333333339
2021-05-08T21:01:42Z,241.823,3.601400000000002,-0.5224,0.7960666666666668,0.8942000000000003,0.5463333333333338,0.9907999999999999,1167.3327333333327,-50.42073333333339
2021-05-08T21:02:42Z,241.8208,3.6046000000000022,-0.5214,0.7958666666666668,0.8956000000000004,0.5476000000000005,0.9908666666666666,1174.7469333333327,-50.46066666666672
2021-05-08T21:03:42Z,241.8222,3.5790666666666686,-0.5216666666666667,0.7974000000000001,0.8863333333333338,0.5478666666666673,0.9907999999999999,1178.3133333333326,-50.499000000000045
2021-05-08T21:04:42Z,241.80973333333336,3.550800000000002,-0.5173333333333333,0.7972000000000001,0.8886666666666672,0.5484666666666673,0.9907999999999999,1182.8193999999994,-50.56006666666671
2021-05-08T21:05:42Z,241.81273333333334,3.553733333333335,-0.5169999999999999,0.7971333333333335,0.889866666666667,0.5486666666666672,0.9907999999999999,1182.0175999999994,-50.55866666666671
2021-05-08T21:06:42Z,241.79953333333336,3.5366000000000017,-0.5143333333333333,0.7966666666666669,0.8932666666666671,0.5486000000000005,0.9907999999999999,1183.6271333333327,-50.598666666666716
2021-05-08T21:07:42Z,241.8212666666667,3.5037333333333356,-0.5078666666666666,0.7966000000000002,0.8942000000000003,0.5490000000000006,0.9907999999999999,1190.301733333333,-50.66293333333338
2021-05-08T21:08:42Z,241.82273333333336,3.502866666666669,-0.5052,0.7951333333333336,0.9033333333333338,0.5494000000000006,0.9908666666666666,1194.5061333333329,-50.679533333333374
2021-05-08T21:09:42Z,241.83213333333336,3.4907333333333357,-0.5048666666666666,0.7950666666666669,0.9040000000000004,0.5493333333333339,0.9908666666666666,1194.557866666666,-50.68813333333337
2021-05-08T21:10:42Z,241.8340666666667,3.4736000000000025,-0.5021999999999999,0.7959333333333336,0.8990000000000004,0.5486666666666673,0.9908666666666666,1193.5346666666662,-50.70760000000004
2021-05-08T21:11:42Z,241.84993333333335,3.462066666666669,-0.5021999999999999,0.7946000000000003,0.9076000000000003,0.5482666666666673,0.9909333333333331,1191.0819999999997,-50.70453333333337
2021-05-08T21:12:42Z,241.88133333333334,3.4313333333333356,-0.5049999999999999,0.794866666666667,0.9064000000000003,0.5477333333333341,0.9908666666666666,1188.5731999999998,-50.7116666666667
2021-05-08T21:13:42Z,241.92720000000003,3.424000000000002,-0.5051333333333332,0.794466666666667,0.908666666666667,0.5474000000000008,0.9908666666666666,1188.1031333333333,-50.720000000000034
2021-05-08T21:14:42Z,241.91800000000003,3.4191333333333356,-0.5079333333333332,0.7943333333333337,0.9095333333333336,0.5472000000000007,0.9907999999999999,1186.953,-50.71560000000003
2021-05-08T21:15:42Z,241.9254666666667,3.402466666666669,-0.5107999999999998,0.7939333333333336,0.9120666666666669,0.5466000000000008,0.9907999999999999,1183.2750666666664,-50.69760000000003
2021-05-08T21:16:42Z,241.92773333333338,3.3945333333333356,-0.5131999999999999,0.7942000000000002,0.9105333333333336,0.5456000000000008,0.9907999999999999,1177.7531333333332,-50.6702666666667
2021-05-08T21:17:42Z,241.91953333333336,3.396800000000002,-0.5131999999999999,0.7935333333333336,0.9150000000000004,0.5446666666666675,0.9907999999999999,1172.7719333333334,-50.6492666666667
2021-05-08T21:18:42Z,241.91473333333337,3.411933333333336,-0.5139999999999999,0.7938666666666668,0.9126000000000004,0.5438666666666675,0.9908666666666666,1167.0014,-50.61353333333337
2021-05-08T21:19:42Z,241.9396666666667,3.4438000000000026,-0.5194666666666665,0.7939333333333335,0.910866666666667,0.5430666666666675,0.9908666666666666,1161.0030666666669,-50.541933333333375
2021-05-08T21:20:42Z,241.91580000000008,3.433066666666669,-0.5209333333333332,0.7936000000000001,0.9121333333333337,0.5425333333333342,0.9908666666666666,1160.1944666666668,-50.542733333333366
2021-05-08T21:21:42Z,241.91700000000006,3.426866666666669,-0.5234666666666665,0.7947333333333334,0.9048000000000004,0.5424000000000008,0.9908666666666666,1158.4022666666667,-50.52920000000004
2021-05-08T21:22:42Z,241.9353333333334,3.451266666666669,-0.5317333333333332,0.7942666666666668,0.9068666666666672,0.5416666666666674,0.9908666666666666,1151.5520666666666,-50.46153333333337
2021-05-08T21:23:42Z,241.96166666666673,3.466466666666669,-0.5371333333333331,0.7954666666666667,0.8987333333333338,0.5406666666666673,0.9908666666666666,1143.9748,-50.40393333333337
2021-05-08T21:24:42Z,241.98700000000008,3.4660000000000024,-0.5376666666666665,0.7968,0.8902666666666671,0.5400000000000007,0.9908666666666666,1140.8312,-50.3756666666667
2021-05-08T21:25:42Z,242.01540000000008,3.4338000000000024,-0.5384666666666665,0.7981333333333335,0.8810000000000004,0.5394666666666674,0.9907999999999999,1141.2282,-50.35280000000004
2021-05-08T21:26:42Z,242.01773333333344,3.387200000000002,-0.5400666666666665,0.8004666666666668,0.8644666666666672,0.538933333333334,0.9907333333333332,1142.3075333333331,-50.27420000000004
2021-05-08T21:27:42Z,242.0160000000001,3.3654000000000024,-0.5375333333333331,0.8015333333333334,0.8567333333333339,0.5380666666666674,0.9907333333333332,1141.3584666666663,-50.18093333333338
2021-05-08T21:28:42Z,241.99686666666676,3.3746000000000023,-0.5375333333333331,0.8018000000000001,0.8544000000000005,0.5376000000000007,0.9906666666666666,1139.5480666666665,-50.12853333333337
2021-05-08T21:29:42Z,242.01686666666677,3.384133333333336,-0.5371999999999999,0.8014,0.8562000000000006,0.5377333333333341,0.9907333333333332,1140.5902666666664,-50.116266666666704
2021-05-08T21:30:42Z,241.9984666666668,3.406933333333336,-0.5370666666666666,0.8016000000000001,0.8547333333333339,0.5378000000000008,0.9907333333333332,1140.198333333333,-50.09853333333338
2021-05-08T21:31:42Z,242.00013333333345,3.4297333333333366,-0.5387333333333333,0.8014666666666668,0.8549333333333339,0.5378666666666675,0.9907333333333332,1138.705733333333,-50.05966666666671
2021-05-08T21:32:42Z,241.98613333333347,3.435600000000003,-0.5408666666666666,0.8010000000000002,0.8572666666666673,0.5378666666666675,0.9907333333333332,1137.7908666666665,-50.02453333333337
2021-05-08T21:33:42Z,242.00546666666682,3.4338000000000033,-0.5431333333333334,0.8001333333333335,0.8625333333333338,0.5380000000000007,0.9907333333333332,1138.5615333333333,-49.99620000000004
2021-05-08T21:34:42Z,241.97920000000013,3.4289333333333363,-0.5433333333333333,0.8002666666666669,0.8614666666666672,0.5383333333333341,0.9907333333333332,1140.8709333333331,-49.996466666666706
2021-05-08T21:35:42Z,241.96673333333345,3.439733333333337,-0.5444666666666667,0.8010000000000003,0.8570666666666671,0.5386000000000007,0.9907333333333332,1140.8728666666664,-49.95533333333337
2021-05-08T21:36:42Z,241.96500000000012,3.469733333333337,-0.5485333333333333,0.800066666666667,0.8625333333333337,0.5385333333333341,0.9907333333333332,1140.6096666666665,-49.89640000000004
2021-05-08T21:37:42Z,241.92640000000011,3.479933333333337,-0.5491333333333334,0.8001333333333336,0.8620000000000003,0.5388000000000008,0.9907333333333332,1140.5316666666663,-49.87600000000004
2021-05-08T21:38:42Z,241.88326666666677,3.48386666666667,-0.5500666666666666,0.7996000000000003,0.8652000000000003,0.5386666666666675,0.9907333333333332,1140.0536666666665,-49.859733333333374
2021-05-08T21:39:42Z,241.8810000000001,3.48746666666667,-0.5525333333333332,0.7994000000000003,0.8660000000000003,0.5384666666666675,0.9907333333333332,1137.8218666666664,-49.86046666666672
2021-05-08T21:40:42Z,241.86666666666676,3.4905333333333366,-0.5571333333333333,0.7991333333333336,0.8672666666666671,0.5385333333333341,0.9907333333333332,1134.2616666666665,-49.87580000000004
2021-05-08T21:41:42Z,241.87873333333343,3.499400000000003,-0.5577333333333333,0.7980000000000002,0.8762666666666671,0.5381333333333341,0.9907333333333332,1132.556,-49.91080000000004
2021-05-08T21:42:42Z,241.86226666666673,3.4976666666666696,-0.5606666666666666,0.7974666666666668,0.8800666666666669,0.5378000000000007,0.9907333333333332,1129.2468000000001,-49.965666666666706
2021-05-08T21:43:42Z,241.85346666666678,3.456200000000003,-0.5630000000000001,0.7982666666666668,0.8755333333333336,0.5372000000000007,0.9907999999999999,1127.2907333333335,-49.991266666666704
2021-05-08T21:44:42Z,241.84793333333343,3.4093333333333367,-0.5664,0.7994000000000002,0.868266666666667,0.5360666666666674,0.9907999999999999,1122.579666666667,-49.992400000000046
2021-05-08T21:45:42Z,241.94620000000012,3.346600000000003,-0.5676,0.8004666666666669,0.860866666666667,0.5353333333333341,0.9907333333333332,1124.9379333333336,-49.97320000000004
2021-05-08T21:46:42Z,241.97666666666677,3.2954666666666697,-0.5665999999999999,0.8020000000000002,0.850866666666667,0.5346666666666675,0.9906666666666666,1126.8121333333333,-49.944133333333376
2021-05-08T21:47:42Z,242.0270666666668,3.2348666666666697,-0.567,0.8038666666666668,0.838266666666667,0.5339333333333341,0.9906666666666666,1127.4374,-49.944733333333375
2021-05-08T21:48:42Z,242.03213333333346,3.1912666666666696,-0.5667333333333333,0.805866666666667,0.8252000000000004,0.5328000000000008,0.9906,1123.8330666666668,-49.96386666666671
2021-05-08T21:49:42Z,242.07040000000012,3.138600000000003,-0.5671333333333333,0.8057333333333337,0.826666666666667,0.5320000000000008,0.9905333333333334,1121.2641333333336,-49.96806666666671
2021-05-08T21:50:42Z,242.1344000000001,3.070800000000003,-0.5647333333333333,0.8069333333333336,0.8194000000000005,0.5312666666666676,0.9904666666666667,1121.3920000000003,-49.98913333333338
2021-05-08T21:51:42Z,242.18840000000012,3.002266666666669,-0.5600666666666666,0.8086000000000002,0.8092666666666672,0.5309333333333341,0.9904000000000001,1123.7784000000004,-50.01846666666672
2021-05-08T21:52:42Z,242.2156000000001,2.9584000000000024,-0.5578666666666667,0.8094666666666669,0.8040000000000006,0.5300666666666675,0.9904000000000001,1122.0464666666671,-50.06306666666672
2021-05-08T21:53:42Z,242.2340666666668,2.9336666666666686,-0.5586000000000001,0.8107333333333335,0.7962666666666673,0.5294666666666675,0.9904000000000001,1119.5539333333336,-50.088800000000056
2021-05-08T21:54:42Z,242.20333333333346,2.9220666666666686,-0.5614000000000001,0.8116000000000002,0.7902666666666673,0.5292000000000008,0.9904000000000001,1118.5526000000002,-50.08713333333338
2021-05-08T21:55:42Z,242.20233333333348,2.913266666666669,-0.5626666666666668,0.8118000000000002,0.788933333333334,0.5282666666666674,0.9904000000000001,1114.6817333333336,-50.07646666666672
2021-05-08T21:56:42Z,242.21633333333347,2.8915333333333355,-0.5633333333333334,0.8123333333333336,0.7846666666666674,0.5282000000000008,0.9904000000000001,1117.5668666666668,-50.053533333333384
2021-05-08T21:57:42Z,242.31053333333347,2.831933333333336,-0.5513333333333335,0.8150666666666669,0.7676666666666674,0.5284000000000008,0.9902000000000001,1141.0312000000001,-49.77993333333338
2021-05-08T21:58:42Z,242.33813333333347,2.8557333333333355,-0.5500000000000002,0.8150666666666669,0.7676000000000008,0.5286000000000008,0.9902000000000001,1141.2308,-49.79486666666672
2021-05-08T21:59:42Z,242.34780000000012,2.8841333333333354,-0.5472000000000001,0.8152000000000003,0.7670666666666673,0.5296666666666675,0.9902000000000001,1146.2368,-49.81240000000005
2021-05-08T22:00:42Z,242.2770000000001,2.918533333333335,-0.5482666666666668,0.8147333333333335,0.7704666666666673,0.5296000000000007,0.9902666666666667,1140.6223333333335,-49.82566666666673
2021-05-08T22:01:42Z,242.27206666666677,2.9074000000000018,-0.5502000000000001,0.8149333333333336,0.7692000000000007,0.5296000000000008,0.9902666666666667,1138.1202000000003,-49.85273333333339
2021-05-08T22:02:42Z,242.27106666666677,2.898133333333335,-0.5472666666666668,0.8150000000000002,0.7694666666666673,0.5304000000000008,0.9902000000000001,1146.5569333333335,-49.85340000000006
2021-05-08T22:03:42Z,242.28673333333344,2.8592666666666684,-0.5338,0.8152666666666668,0.7679333333333339,0.5318000000000008,0.9902000000000001,1171.2672666666667,-49.624733333333396
2021-05-08T22:04:42Z,242.28320000000014,2.8312666666666684,-0.5154666666666667,0.8148666666666669,0.7702000000000007,0.5341333333333342,0.9901333333333334,1200.4220666666668,-49.488400000000055
2021-05-08T22:05:42Z,242.24033333333347,2.8839333333333346,-0.5150666666666667,0.8145333333333336,0.7728000000000006,0.5340666666666675,0.9901333333333334,1196.5786000000003,-49.482133333333394
2021-05-08T22:06:42Z,242.19613333333345,2.9172000000000016,-0.5178,0.8145333333333336,0.7732666666666673,0.5342000000000008,0.9902000000000001,1191.912466666667,-49.499733333333396
2021-05-08T22:07:42Z,242.1888000000001,2.902533333333335,-0.5174000000000001,0.8152000000000003,0.7688000000000006,0.5344666666666675,0.9901333333333334,1193.906866666667,-49.48646666666672
2021-05-08T22:08:42Z,242.18326666666678,2.882466666666668,-0.5174666666666667,0.8153333333333335,0.7680666666666672,0.5345333333333342,0.9900666666666669,1194.3572,-49.46946666666672
2021-05-08T22:09:42Z,242.21266666666676,2.870400000000002,-0.5154000000000001,0.8152666666666668,0.7690666666666672,0.5343333333333342,0.9900666666666669,1194.2957999999999,-49.47833333333339
2021-05-08T22:10:42Z,242.23200000000008,2.845466666666668,-0.5067333333333334,0.8152666666666668,0.769933333333334,0.5355333333333341,0.9900000000000002,1208.1295333333333,-49.39140000000006
2021-05-08T22:11:42Z,242.21580000000006,2.8396000000000017,-0.4932666666666667,0.8168000000000002,0.7606000000000006,0.5370000000000008,0.9898666666666668,1231.6334666666667,-49.24586666666673
2021-05-08T22:12:42Z,242.15006666666673,2.8476666666666683,-0.5018666666666667,0.8144000000000002,0.7756000000000006,0.5378000000000008,0.9900666666666669,1225.4108,-49.438933333333395
2021-05-08T22:13:42Z,242.1348000000001,2.8144000000000013,-0.5059333333333333,0.8149333333333335,0.7714666666666672,0.5372666666666674,0.9900666666666669,1222.5076666666669,-49.38740000000006
2021-05-08T22:14:42Z,242.0981333333334,2.7904666666666684,-0.5120666666666667,0.8148000000000002,0.7716666666666672,0.5362666666666674,0.9900666666666669,1216.6788000000001,-49.36340000000006
2021-05-08T22:15:42Z,242.0936000000001,2.7694666666666685,-0.5134000000000001,0.8142666666666668,0.7750666666666672,0.5362666666666674,0.9900666666666669,1216.7654666666667,-49.37720000000006
2021-05-08T22:16:42Z,242.05633333333344,2.794666666666669,-0.511,0.8136000000000002,0.7800666666666671,0.5362666666666674,0.9901333333333334,1215.4501333333333,-49.40466666666673
2021-05-08T22:17:42Z,242.03866666666678,2.8696000000000024,-0.5158666666666667,0.8125333333333334,0.7865333333333339,0.5362000000000007,0.9902000000000001,1206.0855999999999,-49.41786666666673
2021-05-08T22:18:42Z,242.0038000000001,2.929266666666669,-0.5334,0.8111333333333335,0.7957333333333338,0.5350666666666672,0.9902666666666667,1179.7020666666665,-49.63493333333339
2021-05-08T22:19:42Z,241.9702000000001,2.987066666666669,-0.5565333333333334,0.8127333333333335,0.7840000000000006,0.5324666666666673,0.9904,1145.3875333333333,-49.75020000000006
2021-05-08T22:20:42Z,241.95340000000007,2.964466666666669,-0.5618000000000001,0.8127333333333335,0.7823333333333339,0.5326000000000006,0.9904,1145.5914,-49.7643333333334
2021-05-08T22:21:42Z,242.01660000000007,2.9425333333333357,-0.5612,0.8124666666666669,0.7837333333333338,0.5325333333333339,0.9904,1149.1055999999999,-49.740600000000065
2021-05-08T22:22:42Z,242.0354000000001,2.9470000000000023,-0.5627333333333334,0.8122666666666668,0.7846000000000005,0.5326000000000006,0.9904,1151.4841999999999,-49.70160000000006
2021-05-08T22:23:42Z,242.12986666666674,2.923400000000002,-0.5596,0.8128666666666668,0.7796666666666672,0.5332000000000006,0.9904,1162.6326666666669,-49.62946666666673
2021-05-08T22:24:42Z,242.12546666666677,2.9337333333333357,-0.5590666666666666,0.8128666666666668,0.7794000000000004,0.5330666666666672,0.9903333333333334,1162.5308000000002,-49.6017333333334
2021-05-08T22:25:42Z,242.11706666666674,2.981466666666669,-0.5652,0.8121333333333336,0.7834666666666671,0.532733333333334,0.9904,1152.4453333333336,-49.701266666666726
2021-05-08T22:26:42Z,242.11806666666678,3.039066666666669,-0.5808,0.8099333333333336,0.7976000000000004,0.5314666666666672,0.9906,1122.2407333333335,-49.89433333333339
2021-05-08T22:27:42Z,242.1010000000001,3.125866666666669,-0.5885999999999999,0.8098666666666668,0.7971333333333337,0.5306000000000005,0.9906666666666666,1101.9902666666671,-49.96340000000006
2021-05-08T22:28:42Z,242.07880000000011,3.1811333333333356,-0.5869333333333332,0.8088000000000002,0.8044000000000006,0.5312666666666673,0.9906666666666666,1103.9506000000003,-49.995333333333384
2021-05-08T22:29:42Z,242.08966666666677,3.2145333333333355,-0.5828666666666665,0.8080000000000002,0.8096666666666672,0.5320000000000006,0.9906666666666666,1107.6934000000003,-50.003733333333386
2021-05-08T22:30:42Z,242.06086666666675,3.252600000000002,-0.5826666666666667,0.8081333333333336,0.8086666666666673,0.5322666666666672,0.9906666666666666,1108.433266666667,-50.00113333333339
2021-05-08T22:31:42Z,242.06766666666675,3.2660000000000022,-0.5863999999999999,0.8074666666666669,0.8124000000000007,0.5324666666666673,0.9906666666666666,1108.0654000000002,-49.98593333333339
2021-05-08T22:32:42Z,242.0566000000001,3.2468000000000017,-0.5874666666666666,0.8080000000000003,0.8088666666666674,0.5320000000000006,0.9906666666666666,1104.962866666667,-49.96406666666673
2021-05-08T22:33:42Z,242.06446666666676,3.257666666666668,-0.5831999999999999,0.8075333333333337,0.8118666666666674,0.5326666666666673,0.9906666666666666,1109.0998000000002,-49.972733333333395
2021-05-08T22:34:42Z,242.0550666666668,3.2611333333333348,-0.5777999999999999,0.805866666666667,0.824333333333334,0.5334000000000007,0.9906666666666666,1114.9824000000003,-50.01126666666673
2021-05-08T22:35:42Z,242.16533333333345,3.3350000000000013,-0.5737333333333332,0.8112000000000003,0.7850000000000007,0.5192000000000008,0.9896666666666666,1065.9745333333337,-49.69653333333339
2021-05-08T22:36:42Z,242.12413333333345,3.3547333333333347,-0.5731333333333332,0.8116000000000003,0.7822000000000008,0.5183333333333341,0.9895999999999999,1058.1682000000005,-49.702200000000055
2021-05-08T22:37:42Z,242.0726666666668,3.384800000000001,-0.5764666666666666,0.8103333333333337,0.7902666666666673,0.5182000000000008,0.9896666666666666,1052.3310000000006,-49.720933333333384
2021-05-08T22:38:42Z,241.97353333333348,3.445800000000001,-0.5808666666666666,0.8090000000000004,0.7992000000000007,0.5179333333333341,0.9897333333333332,1041.5751333333337,-49.79880000000005
2021-05-08T22:39:42Z,241.96460000000016,3.4432666666666676,-0.5824666666666667,0.808666666666667,0.8018000000000007,0.5180000000000008,0.9897999999999999,1040.7269333333338,-49.815000000000055
2021-05-08T22:40:42Z,241.9689333333335,3.4434000000000013,-0.5853999999999999,0.808466666666667,0.8032666666666674,0.5180000000000009,0.9898666666666665,1038.9350666666671,-49.790600000000055
2021-05-08T22:41:42Z,241.92580000000015,3.452266666666668,-0.5879333333333333,0.8090000000000003,0.798933333333334,0.5178666666666676,0.9898666666666665,1038.568866666667,-49.77786666666672
2021-05-08T22:42:42Z,241.92980000000017,3.4259333333333344,-0.5853333333333333,0.8090666666666669,0.7988000000000006,0.5182666666666675,0.9897999999999999,1042.618866666667,-49.76153333333339
2021-05-08T22:43:42Z,241.9665333333335,3.3877333333333346,-0.58,0.8105333333333337,0.7882666666666672,0.5181333333333342,0.9897333333333332,1045.9690000000003,-49.76473333333339
2021-05-08T22:44:42Z,241.9520666666668,3.3936666666666677,-0.5808,0.812466666666667,0.7737333333333339,0.5182000000000009,0.9897333333333332,1045.775466666667,-49.75353333333339
2021-05-08T22:45:42Z,241.97846666666683,3.389400000000001,-0.5801999999999999,0.8119333333333336,0.7772000000000006,0.5183333333333343,0.9897333333333332,1045.867933333334,-49.74446666666672
2021-05-08T22:46:42Z,242.00040000000018,3.393800000000001,-0.5784,0.8126666666666669,0.7722666666666672,0.518400000000001,0.9897333333333332,1047.3616666666671,-49.76900000000004
2021-05-08T22:47:42Z,242.0085333333335,3.376266666666668,-0.578,0.8117333333333334,0.7786666666666673,0.5181333333333343,0.9897333333333332,1046.918866666667,-49.78340000000004
2021-05-08T22:48:42Z,242.00673333333353,3.3610000000000015,-0.5806,0.8112000000000001,0.7820000000000006,0.5174666666666676,0.9897333333333332,1043.5875333333338,-49.766666666666715
2021-05-08T22:49:42Z,242.03260000000017,3.3305333333333347,-0.5813333333333334,0.8127333333333335,0.771333333333334,0.5168666666666676,0.9897333333333332,1042.2430000000002,-49.74880000000005
2021-05-08T22:50:42Z,241.9418000000002,3.257466666666668,-0.5836666666666667,0.8066666666666668,0.8167333333333339,0.5309333333333343,0.9907999999999999,1090.8079333333335,-50.07673333333339
2021-05-08T22:51:42Z,241.93873333333354,3.260133333333335,-0.5872666666666667,0.8062000000000001,0.8199333333333338,0.5314666666666676,0.9908666666666666,1092.2402000000004,-50.065133333333385
2021-05-08T22:52:42Z,241.9996666666669,3.1967333333333348,-0.5797333333333333,0.8082000000000001,0.8060000000000005,0.5323333333333343,0.9907999999999999,1109.829066666667,-50.00233333333338
2021-05-08T22:53:42Z,242.0956666666669,3.160066666666668,-0.5763999999999999,0.8098000000000002,0.7948000000000004,0.5318666666666676,0.9907333333333332,1114.7200666666672,-49.952733333333384
2021-05-08T22:54:42Z,242.22053333333355,3.077400000000002,-0.5642666666666666,0.8118000000000001,0.7818000000000004,0.5329333333333343,0.9905333333333333,1146.1432000000007,-49.67900000000005
2021-05-08T22:55:42Z,242.26293333333354,3.0231333333333352,-0.5543999999999999,0.8122666666666667,0.7793333333333338,0.5338666666666676,0.9904666666666666,1163.2504000000006,-49.60760000000005
2021-05-08T22:56:42Z,242.30280000000022,3.0072666666666685,-0.5497333333333333,0.8116000000000001,0.7846000000000005,0.5338666666666676,0.9904,1164.9676000000006,-49.626466666666715
2021-05-08T22:57:42Z,242.3234000000002,3.008666666666669,-0.5499999999999999,0.8114666666666667,0.7852000000000005,0.5333333333333342,0.9904666666666666,1162.1712000000007,-49.662333333333386
2021-05-08T22:58:42Z,242.30826666666687,3.019733333333335,-0.5568666666666666,0.8101333333333334,0.7946666666666672,0.5332666666666676,0.9905333333333333,1157.969733333334,-49.66546666666672
2021-05-08T22:59:42Z,242.33993333333356,3.010800000000002,-0.5575333333333333,0.8087333333333333,0.8061333333333337,0.5328000000000008,0.9905333333333333,1155.7263333333337,-49.68000000000005
2021-05-08T23:00:42Z,242.3440666666669,2.9938666666666687,-0.5602666666666667,0.8094666666666668,0.8011333333333338,0.5325333333333342,0.9905333333333333,1154.094666666667,-49.67066666666672
