2021-05-23T17:03:31Z,265.34180000000003,6.282733333333334,0.5881333333333335,0.5051333333333333,1.685933333333333,0.8303333333333333,0.9810000000000001,4670.942800000001,-56.926
2021-05-23T17:04:31Z,260.588,5.973733333333333,0.5646666666666669,0.5075333333333333,1.6854666666666662,0.8285999999999999,0.9834666666666668,4530.384466666667,-57.52726666666668
2021-05-23T17:05:31Z,254.2770666666667,5.674133333333333,0.5596000000000002,0.4822666666666667,1.735866666666666,0.8315333333333332,0.9843333333333335,4511.086133333334,-57.86300000000001
2021-05-23T17:06:31Z,250.5943333333334,5.5188,0.5624000000000002,0.4516666666666667,1.7835333333333325,0.8329333333333333,0.9852666666666668,4452.244200000001,-58.1822
2021-05-23T17:07:31Z,250.38866666666672,5.4248,0.5692666666666669,0.4044666666666667,1.9019999999999995,0.8488,0.9859333333333336,4628.313066666668,-58.35913333333334
2021-05-23T17:08:31Z,246.7384666666667,4.9186000000000005,0.605066666666667,0.38566666666666666,1.9321333333333326,0.858,0.9873333333333336,4780.682000000002,-58.747733333333336
2021-05-23T17:09:31Z,245.10746666666674,4.689600000000001,0.6054000000000003,0.34606666666666663,2.016133333333333,0.8652,0.9878000000000002,4861.354666666668,-58.958733333333335
2021-05-23T17:10:31Z,244.95520000000005,4.571533333333335,0.6017333333333337,0.33166666666666667,2.0455333333333328,0.8726,0.9881333333333336,4976.140333333335,-59.15573333333334
2021-05-23T17:11:31Z,244.85520000000005,3.8090666666666677,0.5742666666666669,0.312,2.0655333333333328,0.8812666666666666,0.9896666666666669,5010.226266666668,-59.4982
2021-05-23T17:12:31Z,244.7859333333334,3.789800000000001,0.5742000000000004,0.27573333333333333,2.1217999999999995,0.8814666666666666,0.9896666666666669,5013.2638000000015,-56.86879999999999
2021-05-23T17:13:31Z,244.80860000000004,3.796066666666668,0.5730666666666671,0.2701333333333333,2.124666666666666,0.8814,0.9896666666666669,5011.957800000002,-56.86806666666666
2021-05-23T17:14:31Z,245.03053333333338,3.8334666666666677,0.560266666666667,0.3045333333333333,2.051066666666666,0.8792000000000001,0.9896000000000004,4975.833066666669,-56.861399999999996
2021-05-23T17:15:31Z,244.69973333333337,3.609600000000001,0.5435333333333336,0.2952666666666666,2.073866666666666,0.8848666666666668,0.9898000000000003,5015.9289333333345,-56.986066666666666
2021-05-23T17:16:31Z,244.43220000000005,3.359400000000001,0.5310666666666669,0.2678666666666666,2.113333333333333,0.888,0.989866666666667,5059.248000000002,-57.0832
2021-05-23T17:17:31Z,244.37060000000005,3.2794000000000008,0.5267333333333336,0.2643999999999999,2.1161999999999996,0.8890666666666667,0.989866666666667,5081.418866666669,-57.12373333333333
2021-05-23T17:18:31Z,244.2812666666667,3.174466666666667,0.5215333333333335,0.24913333333333323,2.1312666666666664,0.8903333333333333,0.989866666666667,5106.022933333335,-57.16313333333333
2021-05-23T17:19:31Z,244.2252666666667,3.1968000000000005,0.5220000000000001,0.24859999999999988,2.1317333333333335,0.8904,0.989866666666667,5105.427733333334,-57.15746666666666
2021-05-23T17:20:31Z,244.2108,3.2061333333333337,0.5224666666666667,0.24746666666666656,2.1325333333333334,0.8905999999999998,0.989866666666667,5110.936333333333,-57.16293333333332
2021-05-23T17:21:31Z,244.23433333333335,3.2029333333333336,0.5239333333333334,0.24833333333333324,2.1321333333333334,0.8907333333333333,0.989866666666667,5115.390266666667,-57.16213333333333
2021-05-23T17:22:31Z,244.24620000000002,3.2340000000000004,0.525,0.24959999999999993,2.131466666666667,0.8907999999999999,0.989866666666667,5116.231533333334,-57.15886666666666
2021-05-23T17:23:31Z,244.1910666666667,3.2454000000000005,0.5258,0.23713333333333328,2.1400000000000006,0.8909333333333332,0.989866666666667,5118.412733333333,-57.159533333333336
2021-05-23T17:24:31Z,244.19320000000002,3.2688666666666673,0.5264666666666666,0.2615333333333333,2.1150666666666673,0.8911999999999999,0.989866666666667,5124.872133333333,-57.15726666666667
2021-05-23T17:25:31Z,244.26000000000002,3.282066666666667,0.5286000000000001,0.25579999999999997,2.121133333333334,0.8915333333333333,0.989866666666667,5135.1143999999995,-57.14913333333333
2021-05-23T17:26:31Z,244.3124,3.2792000000000003,0.5298,0.2716666666666666,2.1081333333333343,0.8916666666666667,0.989866666666667,5140.781466666665,-57.141666666666666
2021-05-23T17:27:31Z,244.34053333333335,3.283866666666667,0.5322666666666668,0.2984666666666666,2.076000000000001,0.8920666666666667,0.989866666666667,5158.808599999999,-59.7614
2021-05-23T17:28:31Z,244.3702,3.3024,0.5382,0.3349999999999999,2.020866666666668,0.8920666666666667,0.9898000000000003,5186.051466666666,-59.7456
2021-05-23T17:29:31Z,244.13086666666672,3.2801333333333336,0.5517333333333333,0.2973999999999999,2.0965333333333342,0.8943333333333334,0.989866666666667,5222.148333333332,-59.74886666666667
2021-05-23T17:30:31Z,244.08860000000004,3.1460000000000004,0.5497333333333334,0.2708666666666666,2.1301333333333345,0.8959333333333334,0.9899333333333336,5253.726199999999,-59.7982
2021-05-23T17:31:31Z,244.11260000000004,3.1887333333333334,0.5509333333333334,0.27193333333333325,2.1296000000000013,0.8958666666666667,0.9899333333333336,5251.1819333333315,-59.793933333333335
2021-05-23T17:32:31Z,244.1233333333334,3.1703333333333337,0.5504,0.2680666666666666,2.131666666666668,0.8958666666666667,0.9899333333333336,5251.2453333333315,-59.798
2021-05-23T17:33:31Z,244.05480000000003,3.2218000000000004,0.5523333333333333,0.27979999999999994,2.1218666666666683,0.8957333333333335,0.9899333333333336,5246.718466666664,-59.790866666666666
2021-05-23T17:34:31Z,244.01240000000004,3.182066666666667,0.5518666666666667,0.27599999999999997,2.1242000000000014,0.8958666666666668,0.9899333333333336,5252.362533333332,-59.797733333333326
2021-05-23T17:35:31Z,244.0104666666667,3.1826666666666674,0.5519333333333333,0.27086666666666664,2.1272000000000015,0.8958666666666668,0.9899333333333336,5252.603199999999,-59.79446666666666
2021-05-23T17:36:31Z,243.9904666666667,3.2156000000000007,0.5521999999999999,0.27673333333333333,2.123666666666668,0.8960000000000001,0.9899333333333336,5254.200933333332,-59.79786666666666
2021-05-23T17:37:31Z,244.02540000000002,3.1859333333333337,0.5532666666666667,0.28213333333333335,2.120000000000002,0.8960666666666668,0.9899333333333336,5256.436933333332,-59.79519999999999
2021-05-23T17:38:31Z,244.09166666666667,3.1813333333333342,0.5524,0.28293333333333337,2.119666666666668,0.8960000000000001,0.9899333333333336,5254.894066666665,-59.793266666666646
2021-05-23T17:39:31Z,244.08786666666668,3.1688000000000005,0.5524,0.26306666666666667,2.1424000000000016,0.8959333333333335,0.9899333333333336,5251.826266666665,-59.79699999999998
2021-05-23T17:40:31Z,244.02460000000002,3.1564000000000005,0.5513333333333333,0.25453333333333333,2.148400000000002,0.8957333333333334,0.9899333333333336,5244.880933333332,-59.80499999999998
2021-05-23T17:41:31Z,243.957,3.1900666666666675,0.5513333333333333,0.24026666666666666,2.160733333333335,0.8956666666666667,0.9899333333333336,5239.580466666665,-59.80846666666665
2021-05-23T17:42:31Z,243.86586666666665,3.2297333333333342,0.5508000000000001,0.21206666666666665,2.193400000000002,0.8953333333333333,0.9899333333333336,5221.007733333332,-59.81299999999998
2021-05-23T17:43:31Z,243.8305333333333,3.319266666666667,0.5495333333333333,0.1893333333333333,2.238333333333335,0.8948666666666667,0.9900000000000002,5182.274466666666,-59.80393333333332
2021-05-23T17:44:31Z,243.82819999999995,3.397733333333334,0.5546666666666666,0.19959999999999994,2.229533333333335,0.8938666666666667,0.9900000000000002,5166.821733333332,-59.77579999999998
2021-05-23T17:45:31Z,243.8619333333333,3.4672000000000005,0.5594666666666667,0.21406666666666663,2.217400000000002,0.8928666666666668,0.9900000000000002,5152.330933333332,-59.74726666666665
2021-05-23T17:46:31Z,243.81219999999996,3.495066666666667,0.5615333333333332,0.2223333333333333,2.211200000000001,0.8925333333333334,0.9900000000000002,5146.731866666665,-59.736066666666645
2021-05-23T17:47:31Z,243.79259999999994,3.5085333333333337,0.5600666666666666,0.22779999999999997,2.2080666666666677,0.8924000000000002,0.9900000000000002,5142.863933333331,-59.73013333333332
2021-05-23T17:48:31Z,243.8315333333333,3.4676000000000005,0.5576666666666666,0.21426666666666666,2.218800000000001,0.8926000000000002,0.9900000000000002,5150.311466666665,-59.74299999999998
2021-05-23T17:49:31Z,243.89759999999995,3.460733333333334,0.5562,0.2182,2.216400000000001,0.8926666666666668,0.9900000000000002,5151.123733333331,-59.75146666666665
2021-05-23T17:50:31Z,243.9143333333333,3.451266666666667,0.5557333333333333,0.2190666666666667,2.216000000000001,0.8927333333333335,0.9900000000000002,5153.7759333333315,-59.755999999999986
2021-05-23T17:51:31Z,243.947,3.427666666666667,0.5554000000000001,0.21433333333333338,2.219000000000001,0.8926000000000002,0.9900000000000002,5152.037066666665,-59.756599999999985
2021-05-23T17:52:31Z,243.9066,3.4174666666666673,0.5528666666666667,0.21600000000000005,2.2176000000000013,0.8925333333333334,0.9900000000000002,5151.049333333331,-59.768066666666655
2021-05-23T17:53:31Z,243.86433333333335,3.431066666666667,0.5524666666666668,0.21806666666666671,2.2166666666666677,0.8926000000000002,0.9900000000000002,5152.851866666664,-59.77386666666666
2021-05-23T17:54:31Z,243.9044,3.4470000000000005,0.5520666666666667,0.21560000000000007,2.218000000000001,0.8926000000000002,0.9900000000000002,5154.624799999997,-59.776799999999994
2021-05-23T17:55:31Z,243.88613333333336,3.459533333333334,0.5510666666666667,0.22213333333333338,2.2138000000000004,0.8925333333333334,0.9900000000000002,5152.363199999997,-59.77706666666666
2021-05-23T17:56:31Z,243.9056666666667,3.4315333333333338,0.5493333333333333,0.22493333333333337,2.2122000000000006,0.8924666666666669,0.9900000000000002,5153.156799999997,-59.784066666666654
2021-05-23T17:57:31Z,243.89920000000004,3.3715333333333337,0.5472666666666667,0.2270666666666667,2.2113333333333336,0.8926000000000002,0.9900000000000002,5159.063399999997,-59.79819999999999
2021-05-23T17:58:31Z,243.90040000000005,3.2616000000000005,0.5434666666666668,0.2140666666666667,2.2212,0.8932000000000002,0.9900000000000002,5172.651999999997,-59.82653333333332
2021-05-23T17:59:31Z,243.90513333333337,3.1730000000000005,0.5375333333333335,0.20240000000000005,2.2307333333333332,0.8941333333333336,0.9900000000000002,5189.076466666664,-59.86126666666665
2021-05-23T18:00:31Z,243.89660000000003,3.090666666666667,0.5322000000000001,0.18800000000000008,2.2428666666666666,0.8952666666666668,0.9900000000000002,5207.230266666664,-59.893999999999984
2021-05-23T18:01:31Z,243.96660000000006,3.0085333333333337,0.5288000000000002,0.17780000000000007,2.2500000000000004,0.8957333333333336,0.9900000000000002,5216.72293333333,-59.911466666666655
2021-05-23T18:02:31Z,244.02280000000007,2.995333333333334,0.5294666666666669,0.1731333333333334,2.2528000000000006,0.8960000000000002,0.9900000000000002,5225.4680666666645,-59.92526666666666
2021-05-23T18:03:31Z,244.0475333333334,2.991333333333334,0.5294000000000002,0.17786666666666673,2.2501333333333338,0.8959333333333336,0.9900000000000002,5223.900133333331,-59.92806666666665
2021-05-23T18:04:31Z,244.03546666666674,3.0092000000000003,0.5300000000000001,0.19040000000000004,2.236733333333334,0.8960000000000004,0.9900000000000002,5226.2617999999975,-59.93133333333332
2021-05-23T18:05:31Z,244.00920000000005,2.994733333333334,0.5300666666666668,0.19940000000000005,2.230200000000001,0.8960000000000004,0.9900000000000002,5225.403533333331,-59.93179999999998
2021-05-23T18:06:31Z,244.04726666666673,2.9820666666666673,0.5302666666666668,0.1993333333333334,2.230266666666667,0.8960666666666671,0.9900000000000002,5226.571466666664,-59.930333333333316
2021-05-23T18:07:31Z,244.06426666666673,3.142000000000001,0.5290666666666668,0.21900000000000006,2.197400000000001,0.8946000000000004,0.9899333333333336,5192.211999999997,-59.87819999999998
2021-05-23T18:08:31Z,244.0805333333334,3.3066000000000004,0.5278666666666668,0.25000000000000006,2.1490666666666676,0.8904666666666671,0.989866666666667,5122.412799999996,-59.74959999999997
2021-05-23T18:09:31Z,244.00106666666673,3.3564666666666674,0.5255333333333335,0.2577333333333334,2.1438000000000006,0.8892666666666671,0.989866666666667,5092.38913333333,-59.70426666666664
2021-05-23T18:10:31Z,244.05300000000005,3.438266666666667,0.5258000000000002,0.2581333333333334,2.143333333333334,0.8882666666666671,0.989866666666667,5069.073866666663,-59.66253333333331
2021-05-23T18:11:31Z,244.0713333333334,3.479866666666667,0.5257333333333334,0.2588000000000001,2.142866666666668,0.8878666666666672,0.989866666666667,5056.00553333333,-59.63706666666665
2021-05-23T18:12:31Z,244.11626666666675,3.5062000000000006,0.5253333333333334,0.26280000000000003,2.1405333333333347,0.8876666666666673,0.989866666666667,5049.585066666664,-59.622933333333314
2021-05-23T18:13:31Z,244.1729333333334,3.520066666666667,0.5252000000000001,0.2804666666666667,2.1249333333333342,0.8877333333333339,0.989866666666667,5051.104799999997,-59.619666666666646
2021-05-23T18:14:31Z,244.18520000000007,3.5420666666666674,0.5252666666666668,0.28073333333333333,2.124866666666668,0.8878000000000007,0.989866666666667,5050.726399999998,-59.61693333333332
2021-05-23T18:15:31Z,244.24646666666675,3.626866666666667,0.5268000000000002,0.28393333333333337,2.1231333333333344,0.8876666666666674,0.989866666666667,5047.031799999998,-59.60553333333333
2021-05-23T18:16:31Z,244.21760000000006,3.7066000000000003,0.5282000000000001,0.28640000000000004,2.1219333333333346,0.8876666666666673,0.989866666666667,5044.445533333332,-59.59666666666666
2021-05-23T18:17:31Z,244.1865333333334,3.690866666666667,0.5280666666666668,0.28553333333333336,2.1223333333333345,0.8876000000000006,0.989866666666667,5042.345866666665,-59.594466666666655
2021-05-23T18:18:31Z,244.20980000000003,3.7144000000000004,0.5284666666666668,0.28413333333333335,2.1232666666666673,0.8876000000000006,0.989866666666667,5041.796666666664,-59.59079999999999
2021-05-23T18:19:31Z,244.20253333333338,3.7052000000000005,0.5280666666666668,0.277,2.1318666666666677,0.8874000000000007,0.989866666666667,5035.466466666665,-59.579333333333324
2021-05-23T18:20:31Z,244.20940000000004,3.736600000000001,0.5276000000000002,0.286,2.1205333333333343,0.8870000000000007,0.989866666666667,5024.381866666665,-59.564066666666655
2021-05-23T18:21:31Z,244.09880000000004,3.8629333333333338,0.5283333333333335,0.29106666666666664,2.1172666666666675,0.8866666666666673,0.989866666666667,5012.919066666665,-59.54353333333332
2021-05-23T18:22:31Z,244.08173333333335,3.730200000000001,0.5298000000000002,0.26713333333333333,2.153533333333334,0.8880666666666673,0.9899333333333336,5044.427066666665,-59.58946666666666
2021-05-23T18:23:31Z,244.11373333333333,3.5583333333333345,0.5317333333333335,0.24420000000000003,2.1960000000000006,0.892333333333334,0.9900000000000002,5116.764466666665,-59.71639999999999
2021-05-23T18:24:31Z,244.19633333333334,3.455466666666667,0.5357333333333335,0.2484,2.192000000000001,0.8937333333333339,0.9900000000000002,5150.184733333332,-59.75226666666665
2021-05-23T18:25:31Z,244.29286666666667,3.359600000000001,0.5380000000000003,0.24566666666666664,2.194133333333334,0.8950000000000007,0.9900000000000002,5180.004599999999,-59.78246666666665
2021-05-23T18:26:31Z,244.29373333333334,3.311933333333334,0.5377333333333335,0.24513333333333331,2.194533333333334,0.8952666666666673,0.9900000000000002,5189.624399999999,-59.80173333333332
2021-05-23T18:27:31Z,244.2785333333333,3.287466666666667,0.5384000000000001,0.2448,2.1948000000000008,0.8954666666666673,0.9900000000000002,5194.912066666666,-59.81286666666665
2021-05-23T18:28:31Z,244.27,3.2598000000000003,0.5382666666666668,0.22899999999999998,2.2095333333333342,0.8954666666666673,0.9900000000000002,5194.794333333332,-59.81459999999998
2021-05-23T18:29:31Z,244.3358,3.2530000000000006,0.5388666666666668,0.23539999999999994,2.2051333333333343,0.8954666666666673,0.9900000000000002,5195.417333333332,-59.81126666666664
2021-05-23T18:30:31Z,244.29520000000002,3.184400000000001,0.5380666666666668,0.2329333333333333,2.206466666666668,0.8955333333333341,0.9900000000000002,5198.339599999998,-59.81753333333331
2021-05-23T18:31:31Z,244.33180000000002,3.1289333333333342,0.5377333333333334,0.2309333333333333,2.207466666666668,0.8955333333333341,0.9900000000000002,5199.937866666665,-59.82213333333331
2021-05-23T18:32:31Z,244.3603333333334,3.128666666666667,0.5374666666666668,0.22946666666666665,2.2080666666666677,0.8955333333333341,0.9900000000000002,5200.682799999999,-59.82413333333331
2021-05-23T18:33:31Z,244.70773333333338,3.204666666666667,0.5466666666666667,0.2598,2.1566666666666676,0.895333333333334,0.9898000000000002,5264.390199999998,-59.79539999999997
2021-05-23T18:34:31Z,244.76206666666673,3.1895333333333338,0.5464666666666668,0.24966666666666668,2.1643333333333343,0.8955333333333341,0.9898000000000002,5270.574599999998,-59.80506666666664
2021-05-23T18:35:31Z,244.95806666666672,3.3078000000000003,0.5511333333333334,0.26406666666666667,2.134866666666668,0.8960000000000007,0.9897333333333336,5303.728133333331,-59.803399999999975
2021-05-23T18:36:31Z,245.04653333333343,3.2060000000000004,0.5494666666666668,0.25953333333333334,2.137866666666668,0.8962666666666673,0.9897333333333336,5313.735199999997,-59.825133333333305
2021-05-23T18:37:31Z,245.1127333333334,3.1910666666666665,0.5497333333333334,0.2577333333333333,2.1390000000000016,0.8964666666666673,0.9897333333333336,5319.2853333333305,-59.83126666666664
2021-05-23T18:38:31Z,245.1253333333334,3.2206666666666663,0.5492666666666667,0.252,2.143466666666668,0.8964000000000006,0.9897333333333336,5317.609666666663,-59.83406666666664
2021-05-23T18:39:31Z,245.11180000000004,3.263133333333333,0.5472,0.2404,2.1525333333333347,0.8962666666666673,0.9897333333333336,5314.800666666662,-59.842933333333306
2021-05-23T18:40:31Z,245.04000000000005,3.297533333333333,0.5453333333333333,0.23886666666666667,2.1536000000000013,0.8960000000000006,0.9897333333333336,5307.906933333329,-59.85366666666664
2021-05-23T18:41:31Z,244.99293333333338,3.3114666666666666,0.5456666666666667,0.24186666666666667,2.151400000000001,0.8961333333333339,0.9897333333333336,5310.42173333333,-59.85826666666664
2021-05-23T18:42:31Z,244.97720000000007,3.3330666666666664,0.5452666666666667,0.24606666666666666,2.1481333333333343,0.8961333333333339,0.9897333333333336,5310.521133333329,-59.86026666666664
2021-05-23T18:43:31Z,245.37320000000005,3.4375333333333336,0.5617333333333333,0.29213333333333336,2.0340000000000007,0.8893333333333339,0.9894000000000002,5408.919666666663,-59.83519999999997
2021-05-23T18:44:31Z,245.3134666666667,3.4428666666666667,0.5614,0.2865333333333334,2.037933333333334,0.8893333333333338,0.9894000000000002,5408.184866666663,-59.83906666666664
2021-05-23T18:45:31Z,245.27080000000007,3.441133333333333,0.5599999999999999,0.2959333333333334,2.031133333333334,0.8893333333333338,0.9894000000000002,5407.371466666663,-59.843133333333306
2021-05-23T18:46:31Z,245.25053333333338,3.4622666666666664,0.5591333333333333,0.3069333333333334,2.0230000000000006,0.8892666666666671,0.9894000000000002,5405.886866666663,-59.84833333333331
2021-05-23T18:47:31Z,245.26620000000003,3.4726666666666666,0.5595333333333332,0.30840000000000006,2.0224,0.8893333333333338,0.9894000000000002,5407.773066666663,-59.85146666666664
2021-05-23T18:48:31Z,244.90233333333336,3.372933333333333,0.5376666666666665,0.3158000000000001,2.0007333333333337,0.8882000000000005,0.9896000000000001,5322.766066666663,-59.867799999999974
2021-05-23T18:49:31Z,244.84940000000003,3.398,0.5225999999999998,0.35320000000000007,1.9367333333333339,0.886333333333334,0.9895333333333336,5295.3727999999965,-59.84973333333331
2021-05-23T18:50:31Z,244.63433333333336,3.277333333333333,0.4910666666666665,0.36240000000000006,1.894733333333334,0.8820000000000007,0.9894666666666668,5217.663799999996,-58.82539999999997
2021-05-23T18:51:31Z,244.57540000000003,3.2545333333333333,0.46566666666666645,0.40146666666666675,1.8186666666666673,0.8782000000000006,0.9894000000000002,5167.868533333329,-58.79039999999998
2021-05-23T18:52:31Z,244.54546666666673,3.2688,0.4343333333333331,0.44400000000000006,1.7192666666666672,0.8727333333333339,0.9892000000000002,5105.245333333329,-58.75659999999997
2021-05-23T18:53:31Z,244.5369333333334,3.245333333333334,0.4041999999999998,0.4863333333333334,1.615733333333334,0.8675333333333339,0.9890666666666668,5048.441399999996,-58.73273333333331
2021-05-23T18:54:31Z,244.56020000000007,3.269533333333334,0.36673333333333313,0.5300666666666668,1.5205333333333337,0.8614000000000005,0.9888666666666668,4976.04573333333,-58.68639999999997
2021-05-23T18:55:31Z,244.5579333333334,3.265866666666667,0.36693333333333317,0.5316000000000002,1.5195333333333338,0.8614666666666672,0.9888666666666668,4978.587533333329,-58.6901333333333
2021-05-23T18:56:31Z,244.61166666666674,3.2434666666666674,0.36753333333333316,0.5257333333333335,1.5233333333333337,0.8614666666666672,0.9888666666666668,4978.2227333333285,-58.6887333333333
2021-05-23T18:57:31Z,244.6195333333334,3.2416000000000005,0.34279999999999977,0.5602666666666668,1.4328000000000003,0.8575333333333338,0.9887333333333335,4929.326733333329,-58.66173333333331
2021-05-23T18:58:31Z,244.17180000000005,3.146000000000001,0.2741999999999998,0.5601333333333334,1.4364000000000001,0.8523333333333338,0.9886666666666668,4721.510533333329,-58.620599999999975
2021-05-23T18:59:31Z,244.19626666666673,3.1386666666666674,0.2215333333333331,0.6049333333333334,1.3272000000000002,0.8404666666666671,0.9882666666666667,4613.645399999995,-58.544733333333305
2021-05-23T19:00:31Z,244.20906666666673,3.121666666666668,0.1985999999999998,0.6385333333333334,1.2370666666666668,0.8368666666666672,0.9881333333333334,4570.266866666661,-58.52019999999997
2021-05-23T19:01:31Z,244.21293333333338,3.0950666666666677,0.16846666666666646,0.6708000000000001,1.1518666666666668,0.8319333333333339,0.988,4516.519866666661,-58.4899333333333
2021-05-23T19:02:31Z,244.1723333333334,3.1215333333333346,0.14739999999999978,0.7105333333333335,1.0766,0.8285333333333339,0.9878666666666667,4469.424933333328,-58.45779999999997
2021-05-23T19:03:31Z,244.22066666666672,3.135333333333335,0.1597999999999998,0.6722666666666668,1.15,0.8298666666666672,0.9878666666666667,4490.388666666662,-58.469466666666634
2021-05-23T19:04:31Z,244.23280000000005,3.094533333333335,0.17506666666666645,0.6413333333333334,1.2098,0.8316666666666671,0.9879333333333332,4516.198533333329,-58.48806666666663
2021-05-23T19:05:31Z,244.32780000000005,3.113866666666668,0.2019999999999998,0.6120666666666668,1.2891333333333332,0.8353333333333338,0.9880666666666666,4558.226133333329,-59.518333333333295
2021-05-23T19:06:31Z,244.35393333333337,3.1412000000000018,0.22713333333333313,0.5914666666666668,1.3461333333333334,0.8386000000000003,0.9881333333333333,4595.72193333333,-59.54353333333329
2021-05-23T19:07:31Z,244.36413333333337,3.1254000000000017,0.2541999999999998,0.5740000000000001,1.4125333333333334,0.8434666666666671,0.9883333333333333,4646.25833333333,-59.569799999999965
2021-05-23T19:08:31Z,244.35133333333337,3.126800000000002,0.2839333333333331,0.5396666666666667,1.5094,0.8483333333333337,0.9884666666666667,4695.90513333333,-59.5839333333333
2021-05-23T19:09:31Z,244.3550666666667,3.092066666666669,0.3215333333333331,0.5011333333333333,1.6014000000000002,0.854066666666667,0.9886666666666667,4759.90373333333,-59.62219999999996
2021-05-23T19:10:31Z,244.33560000000003,3.0876000000000023,0.27366666666666645,0.5414666666666667,1.5064666666666668,0.8434000000000005,0.9883333333333333,4659.594266666664,-59.57113333333329
2021-05-23T19:11:31Z,244.3154666666667,3.124133333333335,0.24013333333333312,0.5828,1.4196666666666669,0.8371333333333337,0.9881333333333333,4590.366333333331,-59.539333333333296
2021-05-23T19:12:31Z,244.39246666666668,3.104200000000002,0.20313333333333314,0.5878,1.3972666666666669,0.8251333333333337,0.9877333333333332,4504.387266666664,-59.481399999999965
2021-05-23T19:13:31Z,244.91686666666666,3.4333333333333353,0.21919999999999978,0.5847333333333334,1.418066666666667,0.8199333333333336,0.9870666666666666,4440.744466666664,-59.384533333333295
2021-05-23T19:14:31Z,244.93986666666666,3.426933333333335,0.2678666666666664,0.5764666666666667,1.4608000000000003,0.8312000000000004,0.9874666666666666,4534.572066666664,-59.4441333333333
2021-05-23T19:15:31Z,246.36833333333334,4.266400000000002,0.31066666666666637,0.5814666666666667,1.4310000000000005,0.7981333333333337,0.9835333333333334,4385.563466666664,-58.43779999999996
2021-05-23T19:16:31Z,247.66713333333334,5.101933333333335,0.35779999999999973,0.5860666666666666,1.406066666666667,0.7698000000000004,0.9796,4251.84893333333,-57.7825333333333
2021-05-23T19:17:31Z,247.64233333333334,5.0710000000000015,0.3489999999999997,0.5906666666666667,1.3816000000000002,0.7679333333333337,0.9795333333333335,4237.652999999997,-57.78499999999996
2021-05-23T19:18:31Z,247.6082,5.083133333333335,0.34846666666666637,0.5918666666666665,1.380866666666667,0.767866666666667,0.9795333333333335,4235.642133333331,-57.784333333333294
2021-05-23T19:19:31Z,247.6216,5.117600000000001,0.3479999999999997,0.5885333333333332,1.383266666666667,0.7677333333333338,0.9795333333333335,4232.112933333331,-57.78153333333329
2021-05-23T19:20:31Z,247.57873333333333,5.091333333333335,0.347733333333333,0.5797333333333333,1.3912000000000002,0.7682000000000004,0.9795333333333335,4241.925333333331,-57.789733333333295
2021-05-23T19:21:31Z,247.6244,5.098600000000002,0.3480666666666663,0.5625333333333332,1.4094666666666669,0.7686000000000005,0.9795333333333335,4250.208133333331,-56.79679999999996
2021-05-23T19:22:31Z,247.60260000000002,5.098533333333336,0.3522666666666663,0.5379333333333333,1.4421333333333335,0.7690666666666671,0.9795333333333335,4257.602399999998,-56.7975333333333
2021-05-23T19:23:31Z,247.66133333333335,5.117666666666669,0.35259999999999964,0.5253333333333333,1.4512,0.7692000000000004,0.9795333333333335,4260.197533333331,-56.79626666666663
2021-05-23T19:24:31Z,247.64653333333334,5.12266666666667,0.3521999999999996,0.5182666666666667,1.4552,0.7694666666666671,0.9795333333333335,4265.4339999999975,-56.798266666666635
2021-05-23T19:25:31Z,247.7316,5.1447333333333365,0.4006666666666663,0.4760666666666666,1.5512666666666666,0.7800000000000005,0.9798666666666668,4361.745466666664,-56.837599999999966
2021-05-23T19:26:31Z,247.81993333333332,5.132533333333337,0.4337999999999997,0.4510666666666666,1.6225999999999998,0.7861333333333338,0.9800666666666669,4426.534999999997,-56.859799999999964
2021-05-23T19:27:31Z,248.1988,5.63246666666667,0.5146666666666664,0.44886666666666664,1.6373999999999997,0.7844666666666672,0.9796666666666669,4430.376799999997,-56.8647333333333
2021-05-23T19:28:31Z,247.74733333333333,5.349733333333337,0.5519999999999996,0.4247333333333333,1.707733333333333,0.8014000000000007,0.9807333333333336,4597.040333333332,-57.01406666666663
2021-05-23T19:29:31Z,247.86700000000002,5.402133333333337,0.5581999999999996,0.38486666666666663,1.775733333333333,0.8015333333333339,0.9807333333333336,4603.772666666665,-57.0083333333333
2021-05-23T19:30:31Z,247.86573333333334,5.394200000000003,0.5563333333333329,0.384,1.7851999999999997,0.8098666666666673,0.9816000000000003,4612.520333333331,-57.636933333333296
2021-05-23T19:31:31Z,246.8201333333333,4.6266000000000025,0.544533333333333,0.3456666666666667,1.8963999999999999,0.8416666666666671,0.9856666666666669,4787.555599999998,-58.2769333333333
2021-05-23T19:32:31Z,247.06086666666664,4.70286666666667,0.5775999999999997,0.3252,1.9688,0.8463333333333338,0.9858666666666669,4839.843399999998,-58.27906666666663
2021-05-23T19:33:31Z,247.25999999999996,4.73346666666667,0.5833333333333329,0.33313333333333334,1.9616666666666667,0.8453333333333338,0.9858666666666669,4830.888999999997,-58.24286666666663
2021-05-23T19:34:31Z,247.4815333333333,4.77526666666667,0.5887999999999995,0.3342,1.9607333333333334,0.8445333333333338,0.9858666666666669,4826.391133333332,-58.2089333333333
2021-05-23T19:35:31Z,248.5402666666666,5.4709333333333365,0.6136666666666664,0.3774,1.846666666666667,0.8168666666666672,0.9844000000000003,4663.524799999997,-58.07639999999996
2021-05-23T19:36:31Z,248.8199333333333,5.5130000000000035,0.6202666666666663,0.3788,1.8455333333333335,0.8157333333333339,0.9844000000000003,4657.471066666664,-59.02833333333329
2021-05-23T19:37:31Z,249.0915333333333,5.573733333333337,0.6259333333333329,0.3795333333333334,1.8448000000000002,0.8145333333333339,0.9844000000000003,4647.545599999998,-58.98713333333329
2021-05-23T19:38:31Z,249.2031333333333,5.598200000000004,0.6296666666666663,0.40780000000000005,1.8076666666666668,0.813933333333334,0.9844000000000003,4639.390599999998,-58.961066666666625
2021-05-23T19:39:31Z,249.90039999999996,6.214600000000004,0.6571999999999996,0.4582666666666667,1.6763333333333335,0.7794666666666673,0.9828000000000002,4471.597333333332,-58.8615333333333
2021-05-23T19:40:31Z,249.9175333333333,6.23846666666667,0.6579999999999996,0.46180000000000004,1.6736000000000002,0.7791333333333339,0.9828000000000002,4464.975466666666,-58.84439999999996
2021-05-23T19:41:31Z,250.02599999999995,6.27826666666667,0.6640666666666662,0.44693333333333335,1.6880000000000002,0.7780666666666672,0.9828000000000002,4456.7465999999995,-58.80679999999996
2021-05-23T19:42:31Z,249.71306666666663,5.849733333333337,0.6488666666666663,0.4,1.7921333333333336,0.7952000000000006,0.9837333333333336,4580.220533333332,-58.86139999999997
2021-05-23T19:43:31Z,249.69686666666664,5.82046666666667,0.6497999999999996,0.3794,1.812266666666667,0.7952666666666671,0.9837333333333336,4582.503266666666,-58.85966666666663
2021-05-23T19:44:31Z,249.53906666666663,5.789600000000003,0.6497333333333329,0.38166666666666665,1.8111333333333335,0.7954666666666672,0.9837333333333336,4583.561533333332,-58.866533333333294
2021-05-23T19:45:31Z,248.22039999999998,5.012200000000003,0.6378666666666662,0.3325333333333333,1.9292000000000002,0.8226666666666671,0.9869333333333336,4753.720866666666,-59.229333333333294
2021-05-23T19:46:31Z,248.49166666666665,5.455466666666669,0.6610666666666662,0.3730666666666666,1.7918,0.7872666666666672,0.9854666666666669,4599.037599999998,-59.17013333333329
2021-05-23T19:47:31Z,248.46559999999997,5.462000000000002,0.6660666666666661,0.35966666666666663,1.8104000000000002,0.7858666666666673,0.9854666666666669,4589.740733333331,-59.13286666666662
2021-05-23T19:48:31Z,248.99866666666665,6.007733333333335,0.6881333333333328,0.3964,1.6996666666666669,0.753133333333334,0.9840000000000002,4432.3066666666655,-59.04433333333329
2021-05-23T19:49:31Z,248.8732,6.029266666666669,0.6905333333333328,0.3938,1.7012000000000003,0.752933333333334,0.9840000000000002,4429.135599999998,-59.034066666666625
2021-05-23T19:50:31Z,247.9548,5.409333333333336,0.6753999999999994,0.34746666666666665,1.8168666666666669,0.7786666666666673,0.9854666666666669,4577.901999999998,-59.10453333333329
2021-05-23T19:51:31Z,247.79059999999998,5.426533333333336,0.6779333333333327,0.3467333333333333,1.8172000000000001,0.7779333333333338,0.9854666666666669,4569.771066666665,-59.09079999999996
2021-05-23T19:52:31Z,249.21739999999997,6.261533333333335,0.6935333333333328,0.3903999999999999,1.7035333333333333,0.7434000000000005,0.9804666666666668,4394.075933333331,-58.62393333333329
2021-05-23T19:53:31Z,250.96679999999998,7.1682000000000015,0.7009333333333329,0.4092666666666666,1.6338000000000001,0.7112666666666672,0.9764666666666668,4211.818266666664,-57.585533333333295
2021-05-23T19:54:31Z,250.7543333333333,7.078066666666668,0.7013333333333328,0.40946666666666665,1.6303333333333334,0.7116666666666672,0.9763333333333335,4223.060466666665,-57.49179999999996
2021-05-23T19:55:31Z,250.7363333333333,7.070800000000002,0.7031333333333328,0.40459999999999996,1.6336000000000002,0.7114666666666671,0.9763333333333335,4223.799466666665,-57.487733333333296
2021-05-23T19:56:31Z,250.60959999999994,7.071133333333335,0.7007999999999994,0.40166666666666656,1.6352,0.7120000000000004,0.9763333333333335,4225.424799999997,-57.50506666666663
2021-05-23T19:57:31Z,250.66206666666665,7.075466666666668,0.7031999999999994,0.40793333333333326,1.6312666666666664,0.7108666666666671,0.9763333333333335,4216.594733333331,-57.47446666666663
2021-05-23T19:58:31Z,250.75099999999995,7.127133333333335,0.7101999999999993,0.41206666666666664,1.6287999999999998,0.7084000000000004,0.9763333333333335,4198.714199999998,-57.42046666666663
2021-05-23T19:59:31Z,250.88626666666667,7.1505333333333345,0.7171333333333327,0.41166666666666657,1.6288666666666667,0.7061333333333337,0.9763333333333335,4187.063199999997,-57.3687333333333
2021-05-23T20:00:31Z,250.931,7.159733333333335,0.7204666666666661,0.4130666666666666,1.6281999999999999,0.7048666666666671,0.9763333333333335,4183.0300666666635,-57.34326666666663
2021-05-23T20:01:31Z,250.5112,6.722800000000002,0.7021999999999995,0.3648666666666666,1.7713333333333332,0.7387333333333337,0.9778000000000002,4331.9287333333305,-57.37359999999997
2021-05-23T20:02:31Z,250.44373333333337,6.683400000000002,0.7032666666666662,0.3554666666666666,1.7792666666666663,0.737866666666667,0.9778000000000002,4327.8179999999975,-57.362866666666626
2021-05-23T20:03:31Z,249.8702,6.152666666666668,0.6863999999999995,0.3104666666666666,1.8968666666666665,0.7686000000000004,0.979266666666667,4476.823799999997,-57.41033333333329
2021-05-23T20:04:31Z,250.48053333333334,6.609333333333335,0.7084666666666662,0.35806666666666664,1.7581999999999995,0.7326000000000003,0.9778666666666669,4320.501999999998,-57.31419999999996
2021-05-23T20:05:31Z,250.48680000000002,6.5957333333333334,0.7068666666666662,0.35979999999999995,1.7570666666666663,0.733066666666667,0.9778666666666669,4322.922066666664,-57.326533333333295
2021-05-23T20:06:31Z,250.49766666666667,6.5796,0.7079333333333329,0.3602666666666666,1.7566666666666664,0.732066666666667,0.9778666666666669,4320.968999999998,-57.3161333333333
2021-05-23T20:07:31Z,248.9278666666667,5.742733333333334,0.6943999999999996,0.3171999999999999,1.8698,0.7657333333333337,0.9828666666666668,4492.489466666665,-57.77339999999996
2021-05-23T20:08:31Z,247.85133333333334,5.482266666666667,0.7122666666666662,0.3200666666666666,1.8466666666666667,0.7616000000000003,0.9851333333333335,4512.7667999999985,-58.696266666666624
2021-05-23T20:09:31Z,249.37966666666665,5.9348,0.7101999999999994,0.3194666666666667,1.8543999999999998,0.756066666666667,0.9808666666666669,4482.923866666665,-58.012933333333294
2021-05-23T20:10:31Z,250.80853333333332,6.732333333333334,0.7280666666666662,0.3652666666666667,1.7415333333333334,0.7207333333333337,0.9765333333333336,4304.053866666665,-57.58526666666662
2021-05-23T20:11:31Z,251.10060000000001,6.797333333333335,0.7365333333333328,0.3718666666666667,1.7371333333333334,0.7177333333333337,0.9764666666666669,4293.783666666665,-57.52373333333329
2021-05-23T20:12:31Z,251.291,6.852466666666668,0.7431999999999995,0.3731333333333334,1.7362000000000002,0.715266666666667,0.9764000000000003,4287.592933333332,-57.46753333333329
2021-05-23T20:13:31Z,251.34026666666662,6.8676666666666675,0.7449999999999996,0.37006666666666665,1.7380666666666669,0.7148000000000004,0.9764000000000003,4288.517999999999,-57.44906666666662
2021-05-23T20:14:31Z,251.41806666666665,6.886733333333335,0.7440666666666662,0.36920000000000003,1.7386000000000004,0.7156666666666671,0.9764000000000003,4293.643066666666,-57.45733333333329
2021-05-23T20:15:31Z,251.42919999999998,6.898600000000001,0.7433999999999994,0.37766666666666665,1.7320666666666669,0.7162000000000005,0.9764000000000003,4295.000866666665,-57.454933333333294
2021-05-23T20:16:31Z,251.47906666666665,6.904000000000001,0.744666666666666,0.37739999999999996,1.7323333333333335,0.7161333333333338,0.9764000000000003,4295.846799999998,-57.43659999999996
2021-05-23T20:17:31Z,251.5353333333333,6.929133333333335,0.7442666666666661,0.3799333333333333,1.7307333333333335,0.7170666666666672,0.9764000000000003,4301.923799999999,-57.44333333333329
2021-05-23T20:18:31Z,251.5648,6.933333333333335,0.7427999999999993,0.3857999999999999,1.7256666666666667,0.7181333333333338,0.9764000000000003,4306.486466666665,-57.45139999999996
2021-05-23T20:19:31Z,251.03366666666665,6.466333333333336,0.7235999999999994,0.33719999999999994,1.8649333333333336,0.7530666666666672,0.9778000000000003,4461.032266666664,-57.51993333333329
2021-05-23T20:20:31Z,251.0084,6.475400000000003,0.7253333333333327,0.34679999999999994,1.8558000000000001,0.7526000000000006,0.9778000000000003,4459.467199999998,-57.496933333333295
2021-05-23T20:21:31Z,251.7044,7.04126666666667,0.7454666666666661,0.39259999999999995,1.7194000000000003,0.7145333333333338,0.9748000000000003,4299.019199999999,-57.36779999999996
2021-05-23T20:22:31Z,253.28506666666667,7.795933333333337,0.7627333333333328,0.43673333333333336,1.5970000000000002,0.6782000000000005,0.9690000000000004,4128.207333333333,-56.73266666666663
2021-05-23T20:23:31Z,252.66626666666667,7.227800000000003,0.7427333333333329,0.3952,1.7208,0.7134666666666671,0.9707333333333337,4285.961399999999,-56.811666666666625
2021-05-23T20:24:31Z,250.80200000000002,6.310666666666669,0.7258666666666662,0.35179999999999995,1.8434666666666668,0.7512000000000004,0.9767333333333337,4456.573066666665,-57.62233333333329
2021-05-23T20:25:31Z,249.50206666666665,5.623466666666669,0.7115999999999995,0.32533333333333325,1.9319333333333333,0.7855333333333337,0.981066666666667,4627.243733333332,-58.02073333333329
2021-05-23T20:26:31Z,249.31573333333333,5.588600000000002,0.7065333333333328,0.32333333333333325,1.9335333333333333,0.7875333333333339,0.9811333333333336,4632.071599999998,-58.05399999999996
2021-05-23T20:27:31Z,249.79373333333334,6.179266666666669,0.7239999999999995,0.3669333333333332,1.7957333333333334,0.7498000000000005,0.9786666666666669,4472.331066666666,-57.99706666666662
2021-05-23T20:28:31Z,251.28246666666666,6.8913333333333355,0.7395333333333328,0.4155999999999999,1.667,0.7127333333333339,0.9720000000000002,4303.491999999999,-57.24426666666662
2021-05-23T20:29:31Z,253.10586666666669,7.662200000000002,0.7550666666666662,0.46413333333333323,1.5445333333333333,0.6745333333333339,0.9665333333333336,4125.771066666666,-56.14986666666662
2021-05-23T20:30:31Z,253.09166666666667,7.654000000000002,0.7539333333333329,0.4597999999999999,1.5484666666666667,0.6738666666666672,0.9665333333333336,4118.519733333333,-56.14393333333328
2021-05-23T20:31:31Z,253.0838,7.632466666666669,0.7487999999999996,0.4697333333333332,1.5395333333333334,0.6754000000000004,0.9665333333333336,4121.416533333333,-56.182666666666606
2021-05-23T20:32:31Z,253.0429333333333,7.613933333333335,0.7446666666666663,0.4674666666666666,1.5410666666666666,0.6759333333333337,0.9665333333333336,4119.1176,-56.203733333333275
2021-05-23T20:33:31Z,253.0506,7.582600000000002,0.740733333333333,0.4739333333333332,1.5330666666666668,0.6768666666666671,0.9665333333333336,4122.872733333333,-56.23239999999995
2021-05-23T20:34:31Z,253.0582666666667,7.579066666666668,0.735933333333333,0.4827999999999999,1.5260666666666671,0.6778000000000003,0.9665333333333336,4122.956333333332,-56.26413333333328
2021-05-23T20:35:31Z,252.98886666666667,7.545000000000001,0.7301999999999997,0.47313333333333324,1.5354000000000003,0.6794000000000004,0.9665333333333336,4129.684666666665,-56.313933333333274
2021-05-23T20:36:31Z,252.22673333333336,6.977200000000001,0.7036666666666664,0.4274666666666666,1.671866666666667,0.7198000000000004,0.9695333333333335,4298.866733333332,-56.48599999999994
2021-05-23T20:37:31Z,251.0026666666667,6.812600000000001,0.7091999999999997,0.4291999999999999,1.645933333333334,0.7157333333333338,0.9716000000000001,4303.9531333333325,-56.99053333333327
2021-05-23T20:38:31Z,251.1076,6.835400000000001,0.706333333333333,0.45093333333333324,1.6113333333333337,0.7166000000000005,0.9715333333333335,4309.6262,-57.0232666666666
2021-05-23T20:39:31Z,251.46533333333335,6.977400000000001,0.7111333333333331,0.4734666666666666,1.5761333333333338,0.7139333333333338,0.9713333333333335,4311.292666666666,-57.005733333333275
2021-05-23T20:40:31Z,252.02906666666667,7.529200000000001,0.7345333333333331,0.5029999999999999,1.4502000000000004,0.6714000000000004,0.9657333333333334,4143.520066666666,-56.65233333333328
2021-05-23T20:41:31Z,252.32206666666667,7.593066666666668,0.7375333333333332,0.5052666666666666,1.4482666666666673,0.6712666666666671,0.9657333333333334,4145.503066666666,-56.633866666666606
2021-05-23T20:42:31Z,252.0890666666667,7.082000000000002,0.7115333333333331,0.49446666666666667,1.518133333333334,0.7081333333333338,0.9680666666666669,4292.872666666665,-56.67693333333328
2021-05-23T20:43:31Z,252.65473333333335,7.189800000000002,0.7138666666666663,0.4953333333333333,1.507333333333334,0.7058000000000004,0.9679333333333334,4292.480799999998,-56.380466666666614
2021-05-23T20:44:31Z,251.56373333333335,6.929266666666668,0.7014666666666663,0.49160000000000004,1.5262000000000007,0.7296666666666671,0.9726666666666668,4367.4806666666655,-57.321866666666615
2021-05-23T20:45:31Z,251.61299999999997,6.920400000000002,0.7009999999999997,0.49086666666666673,1.5266666666666673,0.7308000000000004,0.9726666666666668,4375.9355333333315,-57.33886666666661
2021-05-23T20:46:31Z,252.30679999999998,7.476533333333335,0.7244666666666664,0.5296666666666668,1.385333333333334,0.6926000000000004,0.9704666666666668,4217.721999999998,-57.173399999999944
2021-05-23T20:47:31Z,252.71846666666667,7.630733333333335,0.7086666666666663,0.5710000000000001,1.3000000000000007,0.6855333333333338,0.9701333333333334,4166.883466666664,-57.05333333333328
2021-05-23T20:48:31Z,253.20686666666668,7.8286000000000024,0.7230666666666663,0.5782,1.2892000000000006,0.6780000000000005,0.9698666666666668,4158.673933333331,-56.92199999999994
2021-05-23T20:49:31Z,254.14246666666668,8.423133333333336,0.7480666666666663,0.6184666666666667,1.1457333333333337,0.6392000000000005,0.9676666666666668,3996.589533333331,-56.737133333333276
2021-05-23T20:50:31Z,255.1180666666667,9.042933333333336,0.774133333333333,0.6656000000000001,1.0046666666666673,0.6022666666666672,0.9653333333333335,3834.044933333331,-56.47386666666661
2021-05-23T20:51:31Z,257.34700000000004,9.878600000000002,0.7891999999999996,0.7088000000000001,0.8930000000000005,0.5664000000000006,0.9612666666666668,3652.7092666666645,-55.262333333333274
2021-05-23T20:52:31Z,258.83153333333337,10.162733333333334,0.7784666666666662,0.7060666666666667,0.9268666666666671,0.5718000000000006,0.9604000000000001,3644.614999999998,-54.40033333333327
2021-05-23T20:53:31Z,259.1793333333334,10.226866666666666,0.7913999999999995,0.6969333333333335,0.9453333333333338,0.5636000000000005,0.9602000000000002,3636.8177999999975,-54.26719999999993
2021-05-23T20:54:31Z,259.2584,10.220333333333334,0.7953333333333329,0.6870666666666667,0.9656000000000003,0.5606000000000005,0.9602000000000002,3636.7715999999978,-54.210199999999936
2021-05-23T20:55:31Z,258.963,9.6954,0.7767999999999995,0.6564,1.0947333333333338,0.6017333333333338,0.9656666666666668,3809.7569999999973,-54.54573333333327
2021-05-23T20:56:31Z,259.1232,9.816533333333332,0.7839333333333329,0.6765333333333333,1.0649333333333337,0.5969333333333339,0.9654000000000001,3807.553733333331,-54.49693333333327
2021-05-23T20:57:31Z,260.71686666666665,10.591733333333334,0.8001333333333329,0.685,1.0205333333333337,0.5646666666666672,0.9610666666666668,3650.4989999999975,-53.42679999999994
2021-05-23T20:58:31Z,260.3409333333333,10.595,0.788733333333333,0.6822666666666668,1.0461333333333338,0.5711333333333338,0.9631333333333335,3648.308399999997,-53.74119999999994
2021-05-23T20:59:31Z,259.68226666666664,10.089,0.7860666666666664,0.6390666666666667,1.1488000000000005,0.5856666666666671,0.9638666666666668,3753.1199333333307,-53.88999999999995
2021-05-23T21:00:31Z,259.76873333333333,10.139133333333335,0.7896666666666664,0.6478666666666667,1.1404666666666672,0.5850666666666672,0.9638666666666668,3754.117466666664,-53.871066666666614
2021-05-23T21:01:31Z,259.15133333333335,9.633133333333337,0.7688666666666663,0.6083999999999999,1.2826000000000002,0.6233333333333337,0.9660666666666667,3915.454066666664,-54.02439999999995
2021-05-23T21:02:31Z,258.92946666666666,9.520600000000004,0.7879999999999996,0.5704666666666666,1.3656666666666668,0.6303333333333339,0.9664000000000001,3968.6975999999972,-54.120066666666624
2021-05-23T21:03:31Z,258.4764666666666,9.397800000000005,0.7778666666666663,0.5519333333333333,1.3890000000000002,0.6373333333333339,0.9666666666666668,3975.6111333333306,-54.2247333333333
2021-05-23T21:04:31Z,257.5890666666666,8.856200000000005,0.7567999999999997,0.5019333333333333,1.5400000000000003,0.6758666666666672,0.9688666666666668,4139.011999999997,-54.380733333333296
2021-05-23T21:05:31Z,256.86999999999995,8.34146666666667,0.7369999999999997,0.46153333333333335,1.6752000000000002,0.7114000000000005,0.9712000000000001,4293.2109999999975,-54.591533333333295
2021-05-23T21:06:31Z,254.95059999999995,7.614333333333338,0.726133333333333,0.4233333333333333,1.7826000000000002,0.7461333333333336,0.9752000000000002,4468.663133333331,-55.76379999999997
2021-05-23T21:07:31Z,253.40293333333327,6.837666666666672,0.7138666666666663,0.3830666666666666,1.8948000000000003,0.781866666666667,0.9797333333333336,4644.679933333331,-56.75626666666664
2021-05-23T21:08:31Z,253.1484666666666,6.797000000000005,0.7058666666666663,0.37059999999999993,1.9109333333333336,0.787466666666667,0.9799333333333335,4649.558466666665,-56.833066666666646
2021-05-23T21:09:31Z,252.99373333333327,6.786933333333337,0.7003333333333329,0.3572666666666666,1.926466666666667,0.7920000000000003,0.980066666666667,4652.7998666666645,-56.88826666666664
2021-05-23T21:10:31Z,252.74586666666661,6.7104000000000035,0.691733333333333,0.3399999999999999,1.9471333333333336,0.794266666666667,0.9802000000000003,4653.328066666665,-56.925933333333305
2021-05-23T21:11:31Z,252.14426666666662,6.488733333333337,0.6763333333333329,0.3183999999999999,1.9785333333333337,0.8005333333333337,0.9804666666666669,4662.570066666665,-57.035466666666636
2021-05-23T21:12:31Z,251.05186666666663,6.256800000000003,0.6858666666666663,0.32039999999999996,1.9585333333333337,0.7958666666666669,0.9811333333333336,4671.2904666666645,-57.9949333333333
2021-05-23T21:13:31Z,249.53499999999994,5.481800000000003,0.6784666666666663,0.2770666666666666,2.0703333333333336,0.829866666666667,0.9858666666666669,4852.128399999999,-58.745999999999974
2021-05-23T21:14:31Z,249.68539999999996,5.540133333333336,0.6784666666666663,0.28573333333333323,2.063466666666667,0.8295333333333336,0.9858000000000003,4846.665199999999,-58.7469333333333
2021-05-23T21:15:31Z,249.45646666666664,5.475333333333337,0.663733333333333,0.3081333333333332,2.0189333333333335,0.8299333333333335,0.9857333333333337,4833.385799999999,-58.783533333333295
2021-05-23T21:16:31Z,249.5571333333333,5.70666666666667,0.6503333333333329,0.34239999999999987,1.9213333333333333,0.8137333333333336,0.9847333333333336,4694.462533333332,-58.71486666666662
2021-05-23T21:17:31Z,250.59806666666663,6.363933333333337,0.6566666666666663,0.38526666666666654,1.8082,0.7826000000000003,0.9819333333333337,4511.4953333333315,-57.629066666666624
2021-05-23T21:18:31Z,251.01559999999998,6.7643333333333375,0.6723333333333329,0.42959999999999987,1.6869333333333334,0.7506666666666669,0.978866666666667,4342.517333333331,-57.406999999999954
2021-05-23T21:19:31Z,250.84419999999997,6.65406666666667,0.6643333333333329,0.4312666666666665,1.6862000000000001,0.7520000000000002,0.978866666666667,4348.444266666665,-57.46573333333329
2021-05-23T21:20:31Z,250.7568,6.57286666666667,0.6600666666666661,0.4277999999999998,1.689666666666667,0.7531333333333335,0.978866666666667,4356.450133333332,-57.504399999999954
2021-05-23T21:21:31Z,250.445,6.40166666666667,0.6553999999999995,0.4194666666666665,1.6961333333333335,0.7542666666666668,0.9789333333333337,4362.569333333332,-57.54993333333329
2021-05-23T21:22:31Z,250.16853333333333,6.275533333333336,0.6513333333333329,0.4180666666666665,1.6976000000000004,0.7550000000000001,0.9790000000000003,4368.454733333332,-57.581133333333284
2021-05-23T21:23:31Z,249.85433333333333,6.117133333333336,0.6422666666666662,0.4126666666666665,1.7022000000000004,0.7581333333333334,0.9790666666666669,4374.922599999999,-57.66146666666662
2021-05-23T21:24:31Z,249.59493333333333,5.956066666666669,0.6353999999999995,0.4135333333333332,1.7019333333333335,0.7602666666666668,0.9791333333333335,4377.811799999999,-57.72013333333329
2021-05-23T21:25:31Z,249.9586666666667,6.288600000000002,0.6585333333333329,0.4602666666666665,1.5721333333333336,0.7255333333333334,0.9764000000000002,4208.7104666666655,-57.555599999999956
2021-05-23T21:26:31Z,251.23806666666667,7.023866666666669,0.6726666666666662,0.5028666666666665,1.4594,0.6934000000000001,0.9730000000000002,4021.851333333332,-56.52146666666662
2021-05-23T21:27:31Z,250.2466666666667,6.318400000000002,0.6375333333333327,0.4875333333333331,1.5416,0.7332000000000001,0.9768000000000002,4175.536199999999,-56.71093333333329
2021-05-23T21:28:31Z,250.05113333333335,6.258933333333335,0.6364666666666661,0.49006666666666643,1.5397333333333336,0.7326,0.9768000000000002,4167.941599999999,-56.71546666666662
2021-05-23T21:29:31Z,249.77160000000003,6.165933333333336,0.634066666666666,0.49639999999999973,1.5318000000000003,0.7330666666666666,0.9768666666666668,4172.480799999999,-56.73433333333329
2021-05-23T21:30:31Z,249.8456666666667,6.1556666666666695,0.643066666666666,0.4653333333333331,1.584866666666667,0.7339333333333333,0.9769333333333334,4191.036399999999,-56.74626666666663
2021-05-23T21:31:31Z,249.63200000000003,5.848666666666669,0.6509999999999995,0.4245999999999998,1.6890000000000005,0.7509999999999999,0.9779333333333334,4334.835466666665,-56.854333333333294
2021-05-23T21:32:31Z,248.45780000000002,5.138866666666669,0.6414666666666661,0.3808666666666665,1.802933333333334,0.7824666666666666,0.9807333333333335,4522.284533333333,-57.969333333333296
2021-05-23T21:33:31Z,248.15546666666668,4.690333333333334,0.6252666666666661,0.3316666666666665,1.9270000000000003,0.8146666666666668,0.9838000000000001,4699.374933333332,-58.1971333333333
2021-05-23T21:34:31Z,248.36413333333334,4.741533333333335,0.6325333333333327,0.33113333333333317,1.927066666666667,0.8131333333333334,0.9838000000000001,4695.1668,-58.14866666666663
2021-05-23T21:35:31Z,248.49893333333335,4.725800000000001,0.6339333333333328,0.3228666666666665,1.9320000000000002,0.8130000000000002,0.9838000000000001,4700.873799999999,-58.137533333333295
2021-05-23T21:36:31Z,248.76760000000002,4.791333333333335,0.6395999999999995,0.32293333333333324,1.9318000000000002,0.8122666666666668,0.9838000000000001,4705.327066666666,-58.09693333333329
2021-05-23T21:37:31Z,249.85260000000002,5.505866666666668,0.6613333333333329,0.3659999999999999,1.8064666666666667,0.7815333333333336,0.9804,4530.820599999998,-57.637599999999956
2021-05-23T21:38:31Z,251.25673333333333,6.357133333333335,0.6591333333333329,0.4097999999999999,1.7008666666666667,0.7540000000000002,0.9779333333333333,4333.463599999998,-56.52619999999995
2021-05-23T21:39:31Z,252.04566666666668,7.093133333333335,0.6723999999999996,0.45173333333333326,1.5879333333333334,0.7252000000000003,0.9744666666666667,4158.033533333331,-56.15053333333329
2021-05-23T21:40:31Z,251.92300000000003,6.741666666666669,0.6549999999999995,0.4043999999999999,1.7180000000000002,0.7593333333333336,0.9772000000000001,4331.5405999999975,-56.28639999999996
2021-05-23T21:41:31Z,251.05006666666668,6.027466666666668,0.6469333333333328,0.36706666666666654,1.8258000000000003,0.7908000000000003,0.9806000000000001,4521.759533333331,-57.28039999999996
2021-05-23T21:42:31Z,251.4638,6.083933333333335,0.6617999999999995,0.3352666666666666,1.8787333333333336,0.7911333333333336,0.9806666666666667,4543.157999999998,-57.24366666666663
2021-05-23T21:43:31Z,251.7082,6.092400000000002,0.6614666666666662,0.3308666666666666,1.881866666666667,0.7924000000000003,0.9806666666666667,4554.798266666664,-57.246533333333296
2021-05-23T21:44:31Z,252.0836,6.116400000000002,0.6626666666666663,0.3141333333333333,1.8976666666666668,0.7928000000000003,0.9806666666666667,4565.276599999997,-57.23373333333329
2021-05-23T21:45:31Z,252.58100000000002,6.163933333333335,0.6671333333333329,0.31026666666666664,1.8997333333333335,0.7922000000000003,0.9806666666666667,4572.628799999998,-57.18539999999996
2021-05-23T21:46:31Z,252.9914,6.223533333333336,0.6723333333333329,0.309,1.9003333333333334,0.791466666666667,0.9806666666666667,4577.160599999998,-57.137599999999956
2021-05-23T21:47:31Z,253.53786666666667,6.237800000000003,0.6739333333333329,0.30926666666666663,1.9000666666666668,0.7919333333333337,0.9806666666666667,4591.471133333331,-57.119266666666626
2021-05-23T21:48:31Z,253.5896666666667,6.230733333333336,0.6726666666666663,0.31439999999999996,1.897066666666667,0.792466666666667,0.9806666666666667,4593.860666666665,-57.12839999999996
2021-05-23T21:49:31Z,253.95926666666668,6.261933333333336,0.671533333333333,0.33459999999999995,1.8734000000000002,0.793266666666667,0.9806666666666667,4600.914333333331,-57.13819999999996
2021-05-23T21:50:31Z,254.5196,6.709333333333336,0.6901333333333332,0.38639999999999997,1.735666666666667,0.765866666666667,0.9796666666666667,4443.738199999998,-57.052533333333294
2021-05-23T21:51:31Z,254.60966666666664,6.7263333333333355,0.6906666666666664,0.3868666666666666,1.735466666666667,0.7655333333333336,0.9796666666666667,4439.456999999998,-57.04646666666663
2021-05-23T21:52:31Z,253.76493333333332,6.040133333333335,0.6737999999999997,0.33799999999999997,1.8643333333333336,0.7954000000000002,0.9830666666666666,4611.977733333331,-57.46546666666663
2021-05-23T21:53:31Z,252.7165333333333,5.268666666666669,0.6849333333333331,0.2998666666666666,1.9650666666666667,0.8212000000000003,0.9855333333333334,4806.7868666666645,-58.50526666666663
2021-05-23T21:54:31Z,252.63346666666664,4.988000000000001,0.6950666666666664,0.30219999999999997,1.941266666666667,0.815666666666667,0.9867333333333334,4818.164066666664,-58.6971333333333
2021-05-23T21:55:31Z,252.5321333333333,4.971800000000001,0.6916666666666664,0.30566666666666664,1.9390666666666667,0.8164000000000002,0.9867333333333334,4819.636133333332,-58.72426666666662
2021-05-23T21:56:31Z,252.53559999999996,4.983800000000001,0.6898666666666664,0.29433333333333334,1.947466666666667,0.8170666666666669,0.9867333333333334,4825.083466666665,-58.73673333333329
2021-05-23T21:57:31Z,252.32339999999994,4.964133333333335,0.6851999999999997,0.291,1.9494000000000002,0.8184000000000002,0.9867333333333334,4828.807466666665,-58.78253333333329
2021-05-23T21:58:31Z,252.05086666666662,4.900200000000001,0.6784666666666663,0.29566666666666663,1.9463333333333337,0.8194666666666669,0.9867333333333334,4828.473266666666,-58.82553333333329
2021-05-23T21:59:31Z,251.92826666666664,4.886000000000001,0.6759999999999996,0.30306666666666665,1.9415333333333336,0.8201333333333335,0.9867333333333334,4830.576933333332,-58.841666666666626
2021-05-23T22:00:31Z,252.84373333333332,5.662600000000001,0.6801999999999995,0.35026666666666656,1.8277333333333337,0.7891333333333336,0.9832666666666667,4631.181066666665,-57.716733333333295
2021-05-23T22:01:31Z,253.43060000000003,6.386733333333335,0.6933999999999995,0.39533333333333326,1.7082666666666668,0.7572666666666669,0.9793333333333333,4442.096066666665,-57.06986666666663
2021-05-23T22:02:31Z,252.7962666666667,6.385133333333334,0.6890666666666662,0.3946666666666666,1.7088666666666668,0.7576666666666669,0.9793333333333333,4433.130466666666,-57.11186666666663
2021-05-23T22:03:31Z,252.41746666666668,6.346266666666668,0.6828666666666662,0.38933333333333325,1.7120666666666666,0.7585333333333336,0.9793333333333333,4435.2995999999985,-57.16126666666663
2021-05-23T22:04:31Z,251.76066666666668,6.264933333333334,0.6760666666666661,0.36653333333333327,1.7371333333333334,0.7594666666666668,0.9793333333333333,4437.743599999999,-57.20626666666662
2021-05-23T22:05:31Z,250.88426666666672,5.813600000000002,0.6513999999999994,0.32273333333333326,1.8704666666666667,0.7875333333333335,0.9803333333333334,4595.237266666665,-57.33086666666663
2021-05-23T22:06:31Z,250.44000000000005,5.744533333333335,0.6422666666666662,0.3215333333333333,1.8712666666666669,0.7892666666666669,0.9803333333333334,4604.512733333332,-57.39746666666663
2021-05-23T22:07:31Z,250.11560000000006,5.708200000000002,0.6355333333333328,0.3251333333333333,1.8693333333333337,0.7907333333333336,0.9803333333333334,4613.724533333331,-57.44899999999996
2021-05-23T22:08:31Z,249.6669333333334,5.608666666666669,0.6257999999999995,0.3225333333333333,1.8720666666666672,0.7927333333333336,0.9803333333333334,4621.454799999998,-57.523599999999966
2021-05-23T22:09:31Z,248.79880000000006,5.146333333333335,0.5981999999999993,0.2780666666666666,2.0090000000000003,0.8279333333333335,0.9826,4792.3285333333315,-57.728399999999965
2021-05-23T22:10:31Z,248.44526666666673,5.111333333333336,0.593466666666666,0.27413333333333323,2.011733333333334,0.8284666666666669,0.9826,4795.696066666665,-57.76026666666664
2021-05-23T22:11:31Z,248.12906666666674,5.076266666666669,0.593866666666666,0.2865333333333332,2.0023333333333335,0.8269333333333335,0.9826,4784.91513333333,-57.758399999999966
2021-05-23T22:12:31Z,247.93613333333343,5.052333333333335,0.5981333333333327,0.29059999999999986,2.000066666666667,0.8236000000000002,0.9826,4775.694999999997,-57.722333333333296
2021-05-23T22:13:31Z,248.72853333333344,5.552800000000002,0.6262666666666661,0.33439999999999986,1.853066666666667,0.7836666666666668,0.9800666666666668,4600.576866666664,-57.52279999999996
2021-05-23T22:14:31Z,248.4928666666668,5.619466666666669,0.6317333333333328,0.37046666666666656,1.7719333333333338,0.7800000000000001,0.9800000000000001,4576.688266666663,-57.487866666666626
2021-05-23T22:15:31Z,246.98660000000012,4.789533333333336,0.6206666666666661,0.3488666666666666,1.8546666666666671,0.8121333333333336,0.9834666666666667,4774.51233333333,-57.66999999999996
2021-05-23T22:16:31Z,245.92900000000014,3.989466666666669,0.6083999999999994,0.30319999999999986,1.9746000000000004,0.8410666666666669,0.9874000000000002,4950.220666666663,-58.31219999999996
2021-05-23T22:17:31Z,245.93413333333348,3.993066666666669,0.6133999999999993,0.3075999999999999,1.9708000000000006,0.8390666666666668,0.9874000000000002,4943.620466666664,-58.27013333333329
2021-05-23T22:18:31Z,245.9739333333335,3.9646000000000026,0.614266666666666,0.30819999999999986,1.9704666666666673,0.8390666666666668,0.9874000000000002,4943.93713333333,-58.26199999999996
2021-05-23T22:19:31Z,246.04400000000018,3.9656000000000025,0.615466666666666,0.3104666666666665,1.9694000000000005,0.8390666666666668,0.9874000000000002,4943.65213333333,-58.25433333333329
2021-05-23T22:20:31Z,247.66060000000016,4.765200000000003,0.6385999999999993,0.35333333333333317,1.8469333333333338,0.8001333333333335,0.9816000000000001,4756.20353333333,-57.36506666666662
2021-05-23T22:21:31Z,249.29986666666682,5.608466666666669,0.657466666666666,0.4009999999999998,1.728466666666667,0.7621333333333334,0.9760666666666667,4563.609199999996,-56.43093333333329
2021-05-23T22:22:31Z,249.28580000000014,5.583000000000002,0.6577333333333326,0.39693333333333314,1.7306666666666672,0.7620000000000002,0.9760666666666667,4561.304266666663,-56.42573333333329
2021-05-23T22:23:31Z,249.32000000000014,5.577466666666669,0.6573999999999993,0.39553333333333307,1.731733333333334,0.762066666666667,0.9760666666666667,4561.5591333333305,-56.42873333333329
2021-05-23T22:24:31Z,249.40180000000015,5.543666666666669,0.6583999999999993,0.3885999999999998,1.7356666666666674,0.762066666666667,0.9760666666666667,4562.673933333331,-56.42279999999995
2021-05-23T22:25:31Z,249.46240000000014,5.5117333333333365,0.6591333333333328,0.39793333333333314,1.7280666666666673,0.762066666666667,0.9760666666666667,4561.912866666665,-56.41486666666662
2021-05-23T22:26:31Z,249.43713333333346,5.49846666666667,0.6545999999999995,0.38586666666666647,1.737333333333334,0.7639333333333337,0.9760666666666667,4571.0293999999985,-56.44479999999996
2021-05-23T22:27:31Z,250.2448666666668,5.9330666666666705,0.6743333333333328,0.4312666666666665,1.611333333333334,0.7304000000000003,0.9745333333333335,4411.306533333332,-56.39393333333329
2021-05-23T22:28:31Z,249.37113333333346,5.436066666666671,0.6456666666666661,0.37986666666666646,1.7630666666666672,0.7705333333333336,0.9770666666666669,4590.242266666665,-56.601066666666625
2021-05-23T22:29:31Z,250.11493333333345,5.90366666666667,0.6653333333333328,0.38679999999999976,1.7048666666666672,0.734266666666667,0.9746000000000001,4434.175733333332,-56.543333333333294
2021-05-23T22:30:31Z,250.33173333333346,5.888200000000003,0.666266666666666,0.3616666666666664,1.7358000000000005,0.7344666666666668,0.9746000000000001,4436.6420666666645,-57.538999999999966
2021-05-23T22:31:31Z,250.32953333333344,5.9140666666666695,0.6576666666666661,0.36233333333333306,1.7356000000000007,0.7387333333333336,0.9746000000000001,4452.763999999997,-57.6097333333333
2021-05-23T22:32:31Z,250.32593333333347,5.87286666666667,0.6506666666666661,0.36393333333333305,1.734666666666667,0.7408666666666669,0.9746000000000001,4462.2759333333315,-57.6567333333333
2021-05-23T22:33:31Z,250.3046000000001,5.887400000000003,0.6493333333333328,0.3713333333333331,1.729933333333334,0.7408666666666669,0.9746000000000001,4462.731999999998,-57.660666666666636
2021-05-23T22:34:31Z,250.67320000000012,6.360933333333337,0.6773999999999993,0.42053333333333315,1.579266666666667,0.7031333333333336,0.9722000000000002,4290.696399999997,-57.5597333333333
2021-05-23T22:35:31Z,249.06173333333345,5.533933333333337,0.6537999999999994,0.37673333333333314,1.7024000000000004,0.7422000000000003,0.9780000000000001,4480.30633333333,-58.44859999999997
2021-05-23T22:36:31Z,247.8260000000001,4.698733333333337,0.6355999999999995,0.34533333333333316,1.8060000000000003,0.7803333333333335,0.9835333333333335,4678.023599999997,-59.37966666666664
2021-05-23T22:37:31Z,247.81220000000013,4.728133333333337,0.6337333333333329,0.35693333333333316,1.7973333333333337,0.7804000000000002,0.9835333333333335,4678.1445333333295,-59.38806666666664
2021-05-23T22:38:31Z,249.74373333333344,5.522933333333337,0.6473333333333328,0.4000666666666665,1.6872000000000005,0.7460000000000003,0.9786666666666668,4485.8996666666635,-58.57639999999997
2021-05-23T22:39:31Z,251.2734000000001,6.2726666666666695,0.6551999999999994,0.44826666666666654,1.5748666666666673,0.7124000000000004,0.9739333333333334,4291.263466666664,-57.781666666666645
2021-05-23T22:40:31Z,251.23526666666677,6.3000000000000025,0.6536666666666662,0.4445333333333332,1.5786000000000007,0.7124000000000004,0.9739333333333334,4291.200999999997,-57.78919999999997
2021-05-23T22:41:31Z,251.22120000000012,6.297800000000003,0.6529333333333329,0.45606666666666656,1.5702666666666674,0.7122666666666669,0.9739333333333334,4288.797266666664,-57.79313333333331
2021-05-23T22:42:31Z,250.3992666666668,5.8876000000000035,0.6247333333333329,0.41653333333333314,1.691733333333334,0.7494000000000003,0.9754666666666668,4457.8921999999975,-57.90179999999997
2021-05-23T22:43:31Z,250.49533333333343,5.92546666666667,0.6259999999999996,0.4217333333333331,1.6888000000000005,0.7493333333333337,0.9754666666666668,4456.533599999997,-57.89806666666664
2021-05-23T22:44:31Z,250.38633333333345,5.839400000000004,0.623333333333333,0.4205999999999998,1.7012666666666674,0.7589333333333337,0.9768000000000001,4472.459333333331,-57.941333333333304
2021-05-23T22:45:31Z,250.8750666666668,6.334466666666671,0.6501333333333329,0.4699333333333332,1.5636666666666674,0.7197333333333338,0.9743333333333334,4295.615999999998,-57.81706666666663
2021-05-23T22:46:31Z,250.87600000000015,6.325666666666672,0.6503333333333329,0.4743333333333332,1.560200000000001,0.7197333333333338,0.9743333333333334,4294.413333333331,-57.8123333333333
2021-05-23T22:47:31Z,250.91926666666683,6.379133333333338,0.6495333333333329,0.47999999999999987,1.5531333333333341,0.7194000000000005,0.9743333333333334,4283.830333333331,-57.79839999999997
2021-05-23T22:48:31Z,251.08913333333348,6.4575333333333385,0.6524666666666662,0.4765333333333332,1.5556000000000008,0.7190666666666672,0.9743333333333334,4278.508133333331,-57.7811333333333
2021-05-23T22:49:31Z,251.40980000000016,6.590533333333338,0.6530666666666662,0.4763999999999998,1.559533333333334,0.7149333333333339,0.9726666666666667,4270.104866666664,-57.66506666666664
2021-05-23T22:50:31Z,251.52660000000014,6.6402000000000045,0.6567999999999995,0.47359999999999985,1.5611333333333341,0.714266666666667,0.9726666666666667,4260.690199999996,-57.63799999999996
2021-05-23T22:51:31Z,252.4010666666668,7.318266666666672,0.6835333333333329,0.5063999999999999,1.4451333333333343,0.6749333333333337,0.9668666666666667,4070.7511999999965,-57.16559999999996
2021-05-23T22:52:31Z,254.1812666666668,8.059200000000004,0.6998666666666662,0.5420666666666665,1.3410000000000009,0.6400000000000003,0.9618,3881.0439999999962,-56.38006666666663
2021-05-23T22:53:31Z,252.3438666666668,7.317533333333338,0.6877999999999995,0.5105333333333332,1.439133333333334,0.6741333333333336,0.9666666666666667,4068.0683333333295,-57.1761333333333
2021-05-23T22:54:31Z,250.9207333333335,6.618800000000005,0.6811333333333329,0.4747999999999998,1.542333333333334,0.7075333333333336,0.9713999999999999,4258.510933333329,-57.9607333333333
2021-05-23T22:55:31Z,251.39280000000014,6.685333333333338,0.6874666666666661,0.4727999999999998,1.5438000000000005,0.7068000000000001,0.9713333333333334,4253.14913333333,-57.922666666666636
2021-05-23T22:56:31Z,251.4296666666668,6.699866666666671,0.6885333333333328,0.46606666666666646,1.5495333333333339,0.7067333333333335,0.9713333333333334,4252.549466666663,-57.91419999999997
2021-05-23T22:57:31Z,251.4192666666668,6.674600000000006,0.6884666666666662,0.46006666666666646,1.5542666666666674,0.7065333333333335,0.9713333333333334,4248.610399999997,-57.90873333333331
2021-05-23T22:58:31Z,253.28213333333346,7.466200000000005,0.7010666666666662,0.5028666666666665,1.4444000000000008,0.6718000000000001,0.9672666666666667,4057.852066666663,-56.80833333333331
2021-05-23T22:59:31Z,253.78793333333346,7.658333333333338,0.686066666666666,0.5007333333333331,1.4650666666666674,0.6682000000000001,0.9636666666666667,4026.340666666663,-56.26366666666664
2021-05-23T23:00:31Z,253.79846666666677,7.382666666666671,0.6674666666666662,0.47819999999999985,1.5690000000000004,0.7040000000000002,0.9659333333333334,4188.768466666663,-56.32346666666664
